"ID","Description","GeneRatio","BgRatio","RichFactor","FoldEnrichment","zScore","pvalue","p.adjust","qvalue","geneID","Count"
"GO:0016064","immunoglobulin mediated immune response","68/1328","203/18860",0.334975369458128,4.75725562347914,14.8129137155893,8.04942363729899e-29,4.35715301486994e-25,3.56886024845298e-25,"IGHV4-59/IGHV1-24/IGHV1-18/IGHV4-34/IGKC/IGHG1/IGLC3/IGHV3-33/IGHV3-21/IGLC2/IGHV5-51/IGHV3-23/EXO1/IGHV4-28/IGHV3-11/IGHV3-20/C1QC/IGHG3/IGHV3-30/C1QB/CLU/IGHV3-49/IGHV4-61/IGHA2/IGHV3-66/IGHV3-7/IGHV2-5/IGHA1/IGHV3-15/IGHV3-43/IGHV6-1/IGHV3-53/IGHV4-39/IGHV2-26/IGHV3-48/IGHV3-74/IGLC6/IGHV1-69-2/IGHV2-70/IGHV1-3/IGHV3-13/IGHV3-64/IGHV1-58/C1QA/IGHV1-69/IGHV1-45/IGHV4-4/IGHG2/IGHV3-73/IGHG4/IGLL5/FCGR1A/IGHV2-70D/IGHV7-4-1/IGHV3-72/FCGR3B/TNFSF4/C3/AICDA/IGLL1/IGLC7/IL9R/IL10/TNF/IGHV1-69D/XCL1/FOXJ1/IGHV3-64D",68
"GO:0019724","B cell mediated immunity","68/1328","206/18860",0.330097087378641,4.68797520177799,14.6479973564187,2.19465917355112e-28,5.93984505321611e-25,4.86521286263017e-25,"IGHV4-59/IGHV1-24/IGHV1-18/IGHV4-34/IGKC/IGHG1/IGLC3/IGHV3-33/IGHV3-21/IGLC2/IGHV5-51/IGHV3-23/EXO1/IGHV4-28/IGHV3-11/IGHV3-20/C1QC/IGHG3/IGHV3-30/C1QB/CLU/IGHV3-49/IGHV4-61/IGHA2/IGHV3-66/IGHV3-7/IGHV2-5/IGHA1/IGHV3-15/IGHV3-43/IGHV6-1/IGHV3-53/IGHV4-39/IGHV2-26/IGHV3-48/IGHV3-74/IGLC6/IGHV1-69-2/IGHV2-70/IGHV1-3/IGHV3-13/IGHV3-64/IGHV1-58/C1QA/IGHV1-69/IGHV1-45/IGHV4-4/IGHG2/IGHV3-73/IGHG4/IGLL5/FCGR1A/IGHV2-70D/IGHV7-4-1/IGHV3-72/FCGR3B/TNFSF4/C3/AICDA/IGLL1/IGLC7/IL9R/IL10/TNF/IGHV1-69D/XCL1/FOXJ1/IGHV3-64D",68
"GO:0007088","regulation of mitotic nuclear division","42/1328","119/18860",0.352941176470588,5.012402551382,12.0843761488338,2.90041090631517e-19,5.233308078628e-16,4.28650201312263e-16,"PLK1/UBE2C/AURKB/CDC20/BIRC5/MKI67/PKMYT1/BUB1/ZWINT/CDCA2/DLGAP5/SKA1/TRIP13/ESPL1/SPC25/BUB1B/CCNB1/SKA3/SPC24/CENPF/NUF2/NEK2/CDC25C/CDCA8/TTK/KNL1/NDC80/CHEK1/AURKA/FBXO43/MAD2L1/EGF/FBXO5/IGF1/CAV2/HASPIN/SPHK1/TOM1L1/IL1B/TNF/EDN1/IL1A",42
"GO:0002460","adaptive immune response based on somatic recombination of immune receptors built from immunoglobulin superfamily domains","82/1328","402/18860",0.203980099502488,2.89688605166936,10.5804608745321,1.00262537403884e-18,1.32266445282474e-15,1.08336901908618e-15,"IGHV4-59/IGHV1-24/IGHV1-18/IGHV4-34/IGKC/IGHG1/IGLC3/IGHV3-33/IGHV3-21/IGLC2/IGHV5-51/IGHV3-23/EXO1/IGHV4-28/IGHV3-11/IGHV3-20/C1QC/IGHG3/IGHV3-30/C1QB/CLU/IGHV3-49/IGHV4-61/IGHA2/IGHV3-66/IGHV3-7/IGHV2-5/IGHA1/IGHV3-15/IGHV3-43/IGHV6-1/IGHV3-53/LGALS1/IGHV4-39/IGHV2-26/IGHV3-48/IGHV3-74/IGLC6/IGHV1-69-2/IGHV2-70/IGHV1-3/IGHV3-13/IGHV3-64/IGHV1-58/C1QA/IGHV1-69/IGHV1-45/IGHV4-4/EBI3/IGHG2/IGHV3-73/IGHG4/IGLL5/HLX/IL23R/FCGR1A/IGHV2-70D/IGHV7-4-1/EPHB2/IGHV3-72/IL23A/IL12A/LILRB4/FCGR3B/FZD5/TNFSF4/C3/AICDA/IGLL1/ARG1/IL1B/IGLC7/RORC/IL9R/IL10/TNF/IGHV1-69D/RSAD2/XCL1/TNFAIP3/FOXJ1/IGHV3-64D",82
"GO:0002449","lymphocyte mediated immunity","80/1328","388/18860",0.206185567010309,2.92820767606508,10.5622233538447,1.37316783178453e-18,1.32266445282474e-15,1.08336901908618e-15,"IGHV4-59/IGHV1-24/IGHV1-18/IGHV4-34/IGKC/IGHG1/IGLC3/IGHV3-33/IGHV3-21/IGLC2/IGHV5-51/IGHV3-23/EXO1/IGHV4-28/IGHV3-11/IGHV3-20/C1QC/IGHG3/IGHV3-30/C1QB/CLU/IGHV3-49/IGHV4-61/IGHA2/IGHV3-66/IGHV3-7/IGHV2-5/IGHA1/IGHV3-15/IGHV3-43/IGHV6-1/IGHV3-53/IGHV4-39/KLRK1/IGHV2-26/IGHV3-48/IGHV3-74/IGLC6/IGHV1-69-2/IGHV2-70/IGHV1-3/IGHV3-13/IGHV3-64/IGHV1-58/KIR2DL4/C1QA/IGHV1-69/IGHV1-45/IGHV4-4/IGHG2/IGHV3-73/IGHG4/IGLL5/IL23R/FCGR1A/IGHV2-70D/IGHV7-4-1/IGHV3-72/IL23A/IL12A/LILRB4/FCGR3B/IL18RAP/FZD5/TNFSF4/C3/AICDA/IGLL1/ARG1/IL1B/IGLC7/KLRC4/IL9R/IL10/TNF/IGHV1-69D/RSAD2/XCL1/FOXJ1/IGHV3-64D",80
"GO:0051783","regulation of nuclear division","46/1328","147/18860",0.312925170068027,4.44410294238177,11.5373407409111,1.46609767540152e-18,1.32266445282474e-15,1.08336901908618e-15,"PLK1/UBE2C/AURKB/CDC20/BIRC5/MKI67/PKMYT1/BUB1/ZWINT/CDCA2/DLGAP5/SKA1/TRIP13/ESPL1/SPC25/BUB1B/CCNB1/SKA3/SPC24/CENPF/NUF2/NEK2/CDC25C/CDCA8/TTK/KNL1/NDC80/CHEK1/AURKA/FBXO43/MAD2L1/EGF/FBXO5/RAD51AP1/IGF1/CAV2/HASPIN/SPHK1/TOM1L1/GPR3/HORMAD1/IL1B/PDE3A/TNF/EDN1/IL1A",46
"GO:0140014","mitotic nuclear division","65/1328","281/18860",0.231316725978648,3.28511555117266,10.6216697764705,5.7979748114591e-18,4.48349109348973e-15,3.67234133922793e-15,"PLK1/UBE2C/AURKB/TPX2/CDC20/BIRC5/MKI67/PKMYT1/KIF4A/CDT1/BUB1/UHRF1/ZWINT/CDCA2/MYBL2/NCAPG/DLGAP5/SKA1/TRIP13/KIFC1/ESPL1/KIF2C/SPC25/BUB1B/NCAPH/ANLN/CCNB1/SKA3/SPC24/KIF15/KIF11/CENPF/NUF2/NEK2/CDC25C/KIF14/CDCA8/TTK/CDK1/KNL1/KIF18B/NDC80/CENPE/SPAG5/CHEK1/KIF23/AURKA/FBXO43/MAD2L1/EGF/FBXO5/TUBG1/IGF1/CAV2/HSPA1A/HASPIN/SPHK1/HSPA1B/CENPI/TOM1L1/IL1B/NFIB/TNF/EDN1/IL1A",65
"GO:0002443","leukocyte mediated immunity","90/1328","488/18860",0.184426229508197,2.61918575943117,9.97403769021588,1.82501416386122e-17,1.2348502086226e-14,1.0114420602873e-14,"IGHV4-59/IGHV1-24/IGHV1-18/IGHV4-34/IGKC/IGHG1/IGLC3/IGHV3-33/IGHV3-21/IGLC2/IGHV5-51/IGHV3-23/EXO1/IGHV4-28/IGHV3-11/IGHV3-20/C1QC/IGHG3/IGHV3-30/C1QB/CLU/IGHV3-49/IGHV4-61/IGHA2/IGHV3-66/IGHV3-7/IGHV2-5/IGHA1/IGHV3-15/IGHV3-43/IGHV6-1/IGHV3-53/ANXA3/GATA1/IGHV4-39/KLRK1/IGHV2-26/IGHV3-48/IGHV3-74/IGLC6/IGHV1-69-2/IGHV2-70/IGHV1-3/IGHV3-13/IGHV3-64/IGHV1-58/KIR2DL4/C1QA/IGHV1-69/IGHV1-45/IGHV4-4/IGHG2/ELANE/IGHV3-73/IGHG4/IGLL5/GATA2/IL23R/FCGR1A/IGHV2-70D/IGHV7-4-1/IGHV3-72/IL23A/IL12A/LILRB4/FCGR3B/IL18RAP/FZD5/CCL3/TNFSF4/C3/AICDA/IGLL1/ARG1/IL1B/IGLC7/SLC18A2/KLRC4/IL9R/IL10/TNF/AZU1/CTSG/SCNN1B/IGHV1-69D/RSAD2/XCL1/NR4A3/FOXJ1/IGHV3-64D",90
"GO:0000280","nuclear division","83/1328","453/18860",0.183222958057395,2.60209713024283,9.49924467595985,5.06479494746455e-16,3.04619278340285e-13,2.49507793201412e-13,"PLK1/UBE2C/AURKB/TPX2/CDC20/BIRC5/MKI67/PKMYT1/KIF4A/CDT1/BUB1/UHRF1/ASPM/CCNB2/ZWINT/CDCA2/MYBL2/NCAPG/TOP2A/DLGAP5/SKA1/TRIP13/KIFC1/ESPL1/KIF2C/RAD54L/SPC25/BUB1B/RAD51/NCAPH/ANLN/CCNB1/SKA3/SPC24/KIF15/KIF11/CENPF/NUF2/NEK2/CDC25C/KIF14/CDCA8/TTK/CDK1/KNL1/KIF18B/NDC80/CENPE/SPAG5/CHEK1/MND1/KIF23/AURKA/FBXO43/MAD2L1/EGF/FBXO5/PTTG1/SGO1/TUBG1/RAD51AP1/IGF1/CAV2/HSPA1A/DMC1/HASPIN/EME1/CCNE2/CCNE1/SPHK1/HSPA1B/CENPI/TOM1L1/GPR3/CCNA1/HORMAD1/IL1B/SPDYA/PDE3A/NFIB/TNF/EDN1/IL1A",83
"GO:0000070","mitotic sister chromatid segregation","47/1328","192/18860",0.244791666666667,3.47648406124498,9.49248440274626,2.44748915287971e-14,1.32482587845378e-11,1.08513940125572e-11,"PLK1/UBE2C/AURKB/TPX2/CDC20/BIRC5/KIF4A/CDT1/BUB1/UHRF1/ZWINT/MYBL2/NCAPG/DLGAP5/SKA1/TRIP13/KIFC1/ESPL1/KIF2C/SPC25/BUB1B/NCAPH/CCNB1/SKA3/SPC24/KIF15/KIF11/CENPF/NUF2/NEK2/KIF14/CDCA8/TTK/CDK1/KNL1/KIF18B/NDC80/CENPE/SPAG5/KIF23/MAD2L1/FBXO5/TUBG1/HSPA1A/HASPIN/HSPA1B/CENPI",47
"GO:0051784","negative regulation of nuclear division","26/1328","64/18860",0.40625,5.76948418674699,10.5189240364646,3.82934078746398e-14,1.88438378932205e-11,1.5434625260094e-11,"PLK1/AURKB/CDC20/BIRC5/BUB1/ZWINT/SKA1/TRIP13/SPC25/BUB1B/CCNB1/SKA3/SPC24/CENPF/NUF2/CDCA8/TTK/KNL1/NDC80/CHEK1/FBXO43/MAD2L1/FBXO5/HASPIN/TOM1L1/HORMAD1",26
"GO:0010965","regulation of mitotic sister chromatid separation","25/1328","61/18860",0.409836065573771,5.82041279873593,10.378256765023,9.30928329549674e-14,4.19926253987699e-11,3.43953519654669e-11,"PLK1/UBE2C/AURKB/CDC20/BIRC5/BUB1/ZWINT/DLGAP5/SKA1/TRIP13/ESPL1/SPC25/BUB1B/CCNB1/SKA3/SPC24/CENPF/NUF2/CDCA8/TTK/KNL1/NDC80/MAD2L1/FBXO5/HASPIN",25
"GO:0007059","chromosome segregation","76/1328","434/18860",0.175115207373272,2.4869524179668,8.62519732580135,1.05765125983295e-13,4.40389713036595e-11,3.60714745458815e-11,"PLK1/UBE2C/AURKB/TPX2/CDC20/HJURP/BIRC5/MKI67/KIF4A/CDT1/BUB1/UHRF1/ASPM/CCNB2/ZWINT/CDCA2/MYBL2/NCAPG/CDC6/TOP2A/DLGAP5/SKA1/TRIP13/KIFC1/ESPL1/KIF2C/SPC25/BUB1B/NCAPH/CCNB1/SKA3/SPC24/KIF15/ESCO2/KIF11/CENPF/NUF2/NEK2/KIF14/DIAPH3/CDCA8/TTK/CDK1/KNL1/KIF18B/NDC80/STIL/CENPE/SPAG5/OIP5/CENPU/MND1/CENPW/KIF23/AURKA/MAD2L1/FBXO5/PTTG1/SGO1/TUBG1/FBXO30/CENPM/RMI2/HSPA1A/BRCA1/DMC1/CENPN/HASPIN/CCNE2/CCNE1/TUBB1/HSPA1B/CENPI/DPF1/HORMAD1/SPDYA",76
"GO:0045839","negative regulation of mitotic nuclear division","24/1328","57/18860",0.421052631578947,5.97970830691186,10.3626396366126,1.41642299128237e-13,5.47649832272247e-11,4.48569446562507e-11,"PLK1/AURKB/CDC20/BIRC5/BUB1/ZWINT/SKA1/TRIP13/SPC25/BUB1B/CCNB1/SKA3/SPC24/CENPF/NUF2/CDCA8/TTK/KNL1/NDC80/CHEK1/MAD2L1/FBXO5/HASPIN/TOM1L1",24
"GO:0000819","sister chromatid segregation","51/1328","233/18860",0.218884120171674,3.10855008014892,8.91318786661024,2.26650705207102e-13,8.17906844857361e-11,6.69931768654254e-11,"PLK1/UBE2C/AURKB/TPX2/CDC20/BIRC5/KIF4A/CDT1/BUB1/UHRF1/ZWINT/MYBL2/NCAPG/CDC6/TOP2A/DLGAP5/SKA1/TRIP13/KIFC1/ESPL1/KIF2C/SPC25/BUB1B/NCAPH/CCNB1/SKA3/SPC24/KIF15/KIF11/CENPF/NUF2/NEK2/KIF14/CDCA8/TTK/CDK1/KNL1/KIF18B/NDC80/CENPE/SPAG5/KIF23/MAD2L1/FBXO5/TUBG1/RMI2/HSPA1A/HASPIN/HSPA1B/CENPI/DPF1",51
"GO:0098813","nuclear chromosome segregation","62/1328","323/18860",0.191950464396285,2.72604349285688,8.61144253517302,3.28652233016861e-13,1.09978572026353e-10,9.00813335099712e-11,"PLK1/UBE2C/AURKB/TPX2/CDC20/BIRC5/KIF4A/CDT1/BUB1/UHRF1/ASPM/CCNB2/ZWINT/MYBL2/NCAPG/CDC6/TOP2A/DLGAP5/SKA1/TRIP13/KIFC1/ESPL1/KIF2C/SPC25/BUB1B/NCAPH/CCNB1/SKA3/SPC24/KIF15/KIF11/CENPF/NUF2/NEK2/KIF14/CDCA8/TTK/CDK1/KNL1/KIF18B/NDC80/CENPE/SPAG5/MND1/KIF23/AURKA/MAD2L1/FBXO5/PTTG1/SGO1/TUBG1/RMI2/HSPA1A/DMC1/HASPIN/CCNE2/CCNE1/HSPA1B/CENPI/DPF1/HORMAD1/SPDYA",62
"GO:0051306","mitotic sister chromatid separation","25/1328","64/18860",0.390625,5.54758094879518,10.0295245097932,3.4539732578016e-13,1.09978572026353e-10,9.00813335099712e-11,"PLK1/UBE2C/AURKB/CDC20/BIRC5/BUB1/ZWINT/DLGAP5/SKA1/TRIP13/ESPL1/SPC25/BUB1B/CCNB1/SKA3/SPC24/CENPF/NUF2/CDCA8/TTK/KNL1/NDC80/MAD2L1/FBXO5/HASPIN",25
"GO:0033046","negative regulation of sister chromatid segregation","22/1328","50/18860",0.44,6.24879518072289,10.2280505829375,4.92788124510613e-13,1.27022005617902e-10,1.04041282227504e-10,"PLK1/AURKB/CDC20/BIRC5/BUB1/ZWINT/SKA1/TRIP13/SPC25/BUB1B/CCNB1/SKA3/SPC24/CENPF/NUF2/CDCA8/TTK/KNL1/NDC80/MAD2L1/FBXO5/HASPIN",22
"GO:0033048","negative regulation of mitotic sister chromatid segregation","22/1328","50/18860",0.44,6.24879518072289,10.2280505829375,4.92788124510613e-13,1.27022005617902e-10,1.04041282227504e-10,"PLK1/AURKB/CDC20/BIRC5/BUB1/ZWINT/SKA1/TRIP13/SPC25/BUB1B/CCNB1/SKA3/SPC24/CENPF/NUF2/CDCA8/TTK/KNL1/NDC80/MAD2L1/FBXO5/HASPIN",22
"GO:0045841","negative regulation of mitotic metaphase/anaphase transition","22/1328","50/18860",0.44,6.24879518072289,10.2280505829375,4.92788124510613e-13,1.27022005617902e-10,1.04041282227504e-10,"PLK1/AURKB/CDC20/BIRC5/BUB1/ZWINT/SKA1/TRIP13/SPC25/BUB1B/CCNB1/SKA3/SPC24/CENPF/NUF2/CDCA8/TTK/KNL1/NDC80/MAD2L1/FBXO5/HASPIN",22
"GO:2000816","negative regulation of mitotic sister chromatid separation","22/1328","50/18860",0.44,6.24879518072289,10.2280505829375,4.92788124510613e-13,1.27022005617902e-10,1.04041282227504e-10,"PLK1/AURKB/CDC20/BIRC5/BUB1/ZWINT/SKA1/TRIP13/SPC25/BUB1B/CCNB1/SKA3/SPC24/CENPF/NUF2/CDCA8/TTK/KNL1/NDC80/MAD2L1/FBXO5/HASPIN",22
"GO:1905818","regulation of chromosome separation","27/1328","76/18860",0.355263157894737,5.04537888395688,9.72555952633491,5.86580590105449e-13,1.44325487920036e-10,1.18214231843261e-10,"PLK1/UBE2C/AURKB/CDC20/BIRC5/BUB1/ZWINT/NCAPG/DLGAP5/SKA1/TRIP13/ESPL1/SPC25/BUB1B/NCAPH/CCNB1/SKA3/SPC24/CENPF/NUF2/CDCA8/TTK/KNL1/NDC80/MAD2L1/FBXO5/HASPIN",27
"GO:1902100","negative regulation of metaphase/anaphase transition of cell cycle","22/1328","52/18860",0.423076923076923,6.00845690454124,9.95352569143436,1.31003701771128e-12,2.92610171963426e-10,2.3967136509766e-10,"PLK1/AURKB/CDC20/BIRC5/BUB1/ZWINT/SKA1/TRIP13/SPC25/BUB1B/CCNB1/SKA3/SPC24/CENPF/NUF2/CDCA8/TTK/KNL1/NDC80/MAD2L1/FBXO5/HASPIN",22
"GO:1905819","negative regulation of chromosome separation","22/1328","52/18860",0.423076923076923,6.00845690454124,9.95352569143436,1.31003701771128e-12,2.92610171963426e-10,2.3967136509766e-10,"PLK1/AURKB/CDC20/BIRC5/BUB1/ZWINT/SKA1/TRIP13/SPC25/BUB1B/CCNB1/SKA3/SPC24/CENPF/NUF2/CDCA8/TTK/KNL1/NDC80/MAD2L1/FBXO5/HASPIN",22
"GO:0033047","regulation of mitotic sister chromatid segregation","23/1328","57/18860",0.403508771929825,5.73055379412386,9.84415576753251,1.35142329560053e-12,2.92610171963426e-10,2.3967136509766e-10,"PLK1/AURKB/CDC20/BIRC5/BUB1/ZWINT/SKA1/TRIP13/SPC25/BUB1B/CCNB1/SKA3/SPC24/CENPF/NUF2/CDCA8/TTK/CDK1/KNL1/NDC80/MAD2L1/FBXO5/HASPIN",23
"GO:0007094","mitotic spindle assembly checkpoint signaling","21/1328","48/18860",0.4375,6.2132906626506,9.95308492597272,1.91799912768262e-12,3.70790331362359e-10,3.03707230293204e-10,"PLK1/AURKB/CDC20/BIRC5/BUB1/ZWINT/SKA1/TRIP13/SPC25/BUB1B/CCNB1/SKA3/SPC24/CENPF/NUF2/CDCA8/TTK/KNL1/NDC80/MAD2L1/HASPIN",21
"GO:0071173","spindle assembly checkpoint signaling","21/1328","48/18860",0.4375,6.2132906626506,9.95308492597272,1.91799912768262e-12,3.70790331362359e-10,3.03707230293204e-10,"PLK1/AURKB/CDC20/BIRC5/BUB1/ZWINT/SKA1/TRIP13/SPC25/BUB1B/CCNB1/SKA3/SPC24/CENPF/NUF2/CDCA8/TTK/KNL1/NDC80/MAD2L1/HASPIN",21
"GO:0071174","mitotic spindle checkpoint signaling","21/1328","48/18860",0.4375,6.2132906626506,9.95308492597272,1.91799912768262e-12,3.70790331362359e-10,3.03707230293204e-10,"PLK1/AURKB/CDC20/BIRC5/BUB1/ZWINT/SKA1/TRIP13/SPC25/BUB1B/CCNB1/SKA3/SPC24/CENPF/NUF2/CDCA8/TTK/KNL1/NDC80/MAD2L1/HASPIN",21
"GO:0051985","negative regulation of chromosome segregation","22/1328","53/18860",0.415094339622642,5.8950897931348,9.82158256753527,2.09164164839443e-12,3.90415732508932e-10,3.19782018985021e-10,"PLK1/AURKB/CDC20/BIRC5/BUB1/ZWINT/SKA1/TRIP13/SPC25/BUB1B/CCNB1/SKA3/SPC24/CENPF/NUF2/CDCA8/TTK/KNL1/NDC80/MAD2L1/FBXO5/HASPIN",22
"GO:0031577","spindle checkpoint signaling","21/1328","49/18860",0.428571428571429,6.08648881239243,9.81189356879433,3.13486776437232e-12,5.65634640284912e-10,4.63300456966183e-10,"PLK1/AURKB/CDC20/BIRC5/BUB1/ZWINT/SKA1/TRIP13/SPC25/BUB1B/CCNB1/SKA3/SPC24/CENPF/NUF2/CDCA8/TTK/KNL1/NDC80/MAD2L1/HASPIN",21
"GO:0051304","chromosome separation","27/1328","83/18860",0.325301204819277,4.61986500217738,9.0962199719991,6.49032766649337e-12,1.13329495673318e-09,9.2826010632496e-10,"PLK1/UBE2C/AURKB/CDC20/BIRC5/BUB1/ZWINT/NCAPG/DLGAP5/SKA1/TRIP13/ESPL1/SPC25/BUB1B/NCAPH/CCNB1/SKA3/SPC24/CENPF/NUF2/CDCA8/TTK/KNL1/NDC80/MAD2L1/FBXO5/HASPIN",27
"GO:0030071","regulation of mitotic metaphase/anaphase transition","28/1328","92/18860",0.304347826086957,4.32228915662651,8.7915405141164,1.62673908346487e-11,2.75173083087354e-09,2.25388980906382e-09,"PLK1/UBE2C/AURKB/CDC20/BIRC5/BUB1/ZWINT/CDC6/DLGAP5/SKA1/TRIP13/ESPL1/SPC25/BUB1B/CCNB1/SKA3/SPC24/CENPF/NUF2/CDCA8/TTK/KNL1/NDC80/CENPE/MAD2L1/FBXO5/HASPIN/DPF1",28
"GO:0033045","regulation of sister chromatid segregation","30/1328","107/18860",0.280373831775701,3.98181511091093,8.51294563826561,3.11709213483423e-11,5.11297567450232e-09,4.18794005483948e-09,"PLK1/UBE2C/AURKB/CDC20/BIRC5/BUB1/ZWINT/CDC6/DLGAP5/SKA1/TRIP13/ESPL1/SPC25/BUB1B/CCNB1/SKA3/SPC24/CENPF/NUF2/CDCA8/TTK/CDK1/KNL1/NDC80/CENPE/MAD2L1/FBXO5/RMI2/HASPIN/DPF1",30
"GO:0051983","regulation of chromosome segregation","34/1328","134/18860",0.253731343283582,3.60344362524726,8.32378213162157,3.22688685672911e-11,5.13739369278667e-09,4.20794038406905e-09,"PLK1/UBE2C/AURKB/CDC20/BIRC5/BUB1/ZWINT/NCAPG/CDC6/DLGAP5/SKA1/TRIP13/ESPL1/KIF2C/SPC25/BUB1B/NCAPH/CCNB1/SKA3/SPC24/CENPF/NUF2/CDCA8/TTK/CDK1/KNL1/NDC80/CENPE/MAD2L1/FBXO5/RMI2/HASPIN/DPF1/HORMAD1",34
"GO:1902850","microtubule cytoskeleton organization involved in mitosis","39/1328","170/18860",0.229411764705882,3.2580616583983,8.13950966758182,3.33185584833205e-11,5.15295305914897e-09,4.22068476185703e-09,"PLK1/AURKB/TPX2/CDC20/BIRC5/KIF4A/UHRF1/MYBL2/CENPA/DLGAP5/KIFC1/ESPL1/SPC25/CCNB1/KIF15/KIF11/NUF2/NEK2/CDCA8/POC1A/TTK/CDK1/NDC80/STIL/CENPE/KIF23/AURKA/WDR62/MAD2L1/STMN1/TUBG1/HSPA1A/SAPCD2/HSPA1B/PKHD1/SPRY2/TACC2/PAX6/PLK2",39
"GO:1902099","regulation of metaphase/anaphase transition of cell cycle","28/1328","95/18860",0.294736842105263,4.1857958148383,8.56738122904902,3.82424413016869e-11,5.75017596572309e-09,4.70985856031302e-09,"PLK1/UBE2C/AURKB/CDC20/BIRC5/BUB1/ZWINT/CDC6/DLGAP5/SKA1/TRIP13/ESPL1/SPC25/BUB1B/CCNB1/SKA3/SPC24/CENPF/NUF2/CDCA8/TTK/KNL1/NDC80/CENPE/MAD2L1/FBXO5/HASPIN/DPF1",28
"GO:0007091","metaphase/anaphase transition of mitotic cell cycle","28/1328","96/18860",0.291666666666667,4.1421937751004,8.49470898205309,5.04027036213717e-11,7.37377931628338e-09,6.03972084361928e-09,"PLK1/UBE2C/AURKB/CDC20/BIRC5/BUB1/ZWINT/CDC6/DLGAP5/SKA1/TRIP13/ESPL1/SPC25/BUB1B/CCNB1/SKA3/SPC24/CENPF/NUF2/CDCA8/TTK/KNL1/NDC80/CENPE/MAD2L1/FBXO5/HASPIN/DPF1",28
"GO:0007596","blood coagulation","48/1328","243/18860",0.197530864197531,2.80529525509445,7.79541364420719,5.53143087343811e-11,7.87937771524223e-09,6.4538467697843e-09,"CAV1/MYL9/TREML1/GAS6/SELP/MPIG6B/MFSD2B/GATA1/TFPI/GP9/PF4/SCUBE1/MMRN1/PEAR1/GP6/TSPAN9/ITGB3/SLC4A1/GP1BA/PROS1/ALOX12/PRKG1/TUBB1/FN1/DGKI/ADRA2A/F2RL3/F13A1/HBB/APOE/VWF/SLC6A4/EPHB2/NFE2L2/SLC7A11/ITGA2/F3/PDGFA/SERPING1/EMILIN1/TYRO3/SVEP1/SERPINE1/EDN1/CTSG/DGKK/THBD/THBS1",48
"GO:0044784","metaphase/anaphase transition of cell cycle","28/1328","99/18860",0.282828282828283,4.01667275161251,8.2824808965137,1.125464117932e-10,1.562086479581e-08,1.27947499722795e-08,"PLK1/UBE2C/AURKB/CDC20/BIRC5/BUB1/ZWINT/CDC6/DLGAP5/SKA1/TRIP13/ESPL1/SPC25/BUB1B/CCNB1/SKA3/SPC24/CENPF/NUF2/CDCA8/TTK/KNL1/NDC80/CENPE/MAD2L1/FBXO5/HASPIN/DPF1",28
"GO:0050817","coagulation","48/1328","248/18860",0.193548387096774,2.74873688301593,7.62950611083407,1.1590316723099e-10,1.56845961055337e-08,1.28469510625508e-08,"CAV1/MYL9/TREML1/GAS6/SELP/MPIG6B/MFSD2B/GATA1/TFPI/GP9/PF4/SCUBE1/MMRN1/PEAR1/GP6/TSPAN9/ITGB3/SLC4A1/GP1BA/PROS1/ALOX12/PRKG1/TUBB1/FN1/DGKI/ADRA2A/F2RL3/F13A1/HBB/APOE/VWF/SLC6A4/EPHB2/NFE2L2/SLC7A11/ITGA2/F3/PDGFA/SERPING1/EMILIN1/TYRO3/SVEP1/SERPINE1/EDN1/CTSG/DGKK/THBD/THBS1",48
"GO:0030099","myeloid cell differentiation","74/1328","481/18860",0.153846153846154,2.18489341983318,7.24491882403793,1.3857893744781e-10,1.82957997171951e-08,1.4985737728631e-08,"DIAPH3/C1QC/HMGB3/HMGB2/TRIM58/HBD/KLF1/MT1G/PPARG/RHAG/MPIG6B/PIR/H4C8/GATA1/EPB42/H4C9/HBG2/GP9/PDE2A/HSPA1A/MAFB/PF4/HBA2/MPL/ALAS2/FAXDC2/LTF/SLC4A1/GP1BA/HBM/HBQ1/MEIS1/CLEC1B/CD109/MTURN/TUBB1/AHSP/HSPA1B/ZBTB46/RHEX/BPGM/HBB/H4C12/CCR1/TAL1/GATA2/IL23R/HBA1/TF/H4C11/GPR68/TIFAB/IL23A/LILRB4/H4C14/PRTN3/FBN1/FECH/CCL3/ITGB8/H4C4/FAM20C/HOXB7/H4C2/TRIM10/SCIN/H4C6/ISG15/TSPO2/EPAS1/TNF/TNFAIP6/DCSTAMP/LOX",74
"GO:0006334","nucleosome assembly","31/1328","120/18860",0.258333333333333,3.66880020080321,8.07169100468372,1.45073631170578e-10,1.86972277506271e-08,1.53145397115407e-08,"H1-5/H1-2/MCM2/H2BC4/H1-3/H2BC7/HMGB2/H1-4/ASF1B/H2BC21/H3C8/H2BC11/H2BC8/H3C3/H4C8/H4C9/H3C10/H3C2/H2BC9/H2BC17/H3C12/CHAF1B/H4C12/H2BC13/H4C11/H4C14/H4C4/H1-0/H4C2/H4C6/H3C11",31
"GO:0007599","hemostasis","48/1328","250/18860",0.192,2.72674698795181,7.56428984639932,1.54754725893481e-10,1.94811007270097e-08,1.59565949929827e-08,"CAV1/MYL9/TREML1/GAS6/SELP/MPIG6B/MFSD2B/GATA1/TFPI/GP9/PF4/SCUBE1/MMRN1/PEAR1/GP6/TSPAN9/ITGB3/SLC4A1/GP1BA/PROS1/ALOX12/PRKG1/TUBB1/FN1/DGKI/ADRA2A/F2RL3/F13A1/HBB/APOE/VWF/SLC6A4/EPHB2/NFE2L2/SLC7A11/ITGA2/F3/PDGFA/SERPING1/EMILIN1/TYRO3/SVEP1/SERPINE1/EDN1/CTSG/DGKK/THBD/THBS1",48
"GO:0006959","humoral immune response","54/1328","307/18860",0.175895765472313,2.49803775362034,7.28328845992953,3.44030975637504e-10,4.23236288892229e-08,3.46664705594538e-08,"IGHG1/JCHAIN/EXO1/H2BC4/C1QC/IGHG3/C1QB/CLU/H2BC7/IGHA2/H2BC21/H2BC12/H2BC11/IGHA1/H2BC8/GAPDH/PPBP/PF4/PF4V1/CCL25/IGHM/IGKV3-20/LTF/S100A12/POU2AF1/S100A9/ADM/C1QA/EBI3/IGHG2/CXCL5/ELANE/ANG/CD5L/IGHG4/SLPI/TF/RNASE3/VSIG4/PRTN3/CCL7/CAMP/CCL3/SERPING1/C3/CCL4/IL1B/CD83/CCL20/TNF/AZU1/CTSG/XCL1/FOXJ1",54
"GO:0019731","antibacterial humoral response","24/1328","78/18860",0.307692307692308,4.36978683966636,8.20769954163213,3.53008922494113e-10,4.24630510546807e-08,3.47806685741568e-08,"IGHG1/JCHAIN/H2BC4/IGHG3/H2BC7/IGHA2/H2BC21/H2BC12/H2BC11/IGHA1/H2BC8/IGHM/IGKV3-20/LTF/ADM/IGHG2/ELANE/ANG/IGHG4/SLPI/TF/RNASE3/CAMP/CTSG",24
"GO:0050878","regulation of body fluid levels","63/1328","389/18860",0.161953727506427,2.30003561805061,7.13062314424593,4.05665396241148e-10,4.71771386009476e-08,3.86418870335919e-08,"NME1/CAV1/MYL9/TREML1/GAS6/TP73/SELP/MPIG6B/MFSD2B/GATA1/TFPI/GP9/PF4/SCUBE1/MMRN1/PEAR1/GP6/TSPAN9/ITGB3/SLC4A1/GP1BA/ADM/PROS1/OXTR/ALOX12/PRKG1/TUBB1/FN1/DGKI/ADRA2A/F2RL3/F13A1/EDNRB/ADORA1/HBB/APOE/VWF/SLC6A4/EPHB2/TIFAB/NFE2L2/SLC7A11/ITGA2/F3/SLC4A5/NPR3/CEL/PDGFA/SERPING1/EMILIN1/MYO5B/TYRO3/FOXB1/SVEP1/MTCO2P12/ADCY6/SERPINE1/EDN1/CTSG/SCNN1B/DGKK/THBD/THBS1",63
"GO:0019730","antimicrobial humoral response","39/1328","184/18860",0.21195652173913,3.0101656626506,7.54121748517986,4.09629690420199e-10,4.71771386009476e-08,3.86418870335919e-08,"IGHG1/JCHAIN/H2BC4/IGHG3/H2BC7/IGHA2/H2BC21/H2BC12/H2BC11/IGHA1/H2BC8/GAPDH/PPBP/PF4/PF4V1/CCL25/IGHM/IGKV3-20/LTF/S100A12/S100A9/ADM/IGHG2/CXCL5/ELANE/ANG/IGHG4/SLPI/TF/RNASE3/PRTN3/CCL7/CAMP/CCL3/CCL4/CCL20/AZU1/CTSG/XCL1",39
"GO:0006935","chemotaxis","72/1328","474/18860",0.151898734177215,2.15723654110111,7.0228002880688,4.41268875599632e-10,4.97622588254335e-08,4.07593092988081e-08,"HMGB2/CMTM5/GAS6/MDK/RNASE2/KLRK1/PPBP/PF4/CYP19A1/PF4V1/CCL25/ITGA1/MET/ITGB3/CTTN/S100A12/PTGDR2/SEMA4C/S100A9/MPP1/PLXNB3/CXCL5/NTRK3/MMP2/ELANE/EDNRB/S1PR1/FFAR2/S100A8/CCR1/RNASE3/GPR18/ITGA9/LPAR1/FLRT2/IL23A/IL12A/SUCNR1/JAM3/APOA1/ITGA2/F3/CCL7/PDGFA/CCL3/PLA2G7/C3/CCR3/CCRL2/VEGFC/CXCR4/CH25H/CCL4/RAB13/IL1B/PRKD1/SEMA3F/BCAR1/HSD3B7/IL10/CCL20/SEMA3B/SERPINE1/EDN1/TNFAIP6/AZU1/CTSG/PROK2/XCL1/THBS1/LOX/EGR3",72
"GO:0042330","taxis","72/1328","476/18860",0.151260504201681,2.14817252202086,6.98285874109926,5.33710500400218e-10,5.89586722176812e-08,4.82919146656438e-08,"HMGB2/CMTM5/GAS6/MDK/RNASE2/KLRK1/PPBP/PF4/CYP19A1/PF4V1/CCL25/ITGA1/MET/ITGB3/CTTN/S100A12/PTGDR2/SEMA4C/S100A9/MPP1/PLXNB3/CXCL5/NTRK3/MMP2/ELANE/EDNRB/S1PR1/FFAR2/S100A8/CCR1/RNASE3/GPR18/ITGA9/LPAR1/FLRT2/IL23A/IL12A/SUCNR1/JAM3/APOA1/ITGA2/F3/CCL7/PDGFA/CCL3/PLA2G7/C3/CCR3/CCRL2/VEGFC/CXCR4/CH25H/CCL4/RAB13/IL1B/PRKD1/SEMA3F/BCAR1/HSD3B7/IL10/CCL20/SEMA3B/SERPINE1/EDN1/TNFAIP6/AZU1/CTSG/PROK2/XCL1/THBS1/LOX/EGR3",72
"GO:0071459","protein localization to chromosome, centromeric region","17/1328","41/18860",0.414634146341463,5.88855421686747,8.62415850976786,6.95600359191109e-10,7.53056948860295e-08,6.16814465876411e-08,"AURKB/CENPA/BUB1B/TTK/CDK1/KNL1/H2BC11/H4C8/H4C9/H2AC8/HASPIN/H4C12/H4C11/H4C14/H4C4/H4C2/H4C6",17
"GO:1901990","regulation of mitotic cell cycle phase transition","58/1328","357/18860",0.162464985994398,2.30729641254092,6.86324875281116,1.78632348527084e-09,1.8959547109355e-07,1.55294004539954e-07,"PLK1/RRM2/UBE2C/AURKB/CDC20/BIRC5/PKMYT1/DTL/BUB1/ZWINT/CLSPN/CDC6/DLGAP5/SKA1/TRIP13/ESPL1/SPC25/BUB1B/ANLN/CCNB1/CDC25A/SKA3/SPC24/CENPF/NUF2/CDC25C/KIF14/CDCA8/TTK/ORC1/CDK1/KNL1/TICRR/E2F1/CDKN2C/NDC80/STIL/CENPE/E2F7/CHEK1/AURKA/MAD2L1/FBXO5/BRCA1/TERT/HASPIN/GFI1B/CCNE2/CDKN2A/CCNE1/GPR132/CTDSPL/PBX1/FHL1/DPF1/KANK2/KCNA5/MYO16",58
"GO:0044772","mitotic cell cycle phase transition","69/1328","461/18860",0.149674620390456,2.12565010584638,6.7344077205786,1.93348734411928e-09,2.01268596033032e-07,1.64855236709118e-07,"PLK1/RRM2/CCNA2/UBE2C/AURKB/FOXM1/CDC20/BIRC5/PKMYT1/DTL/BUB1/CCNB2/ZWINT/CLSPN/CDC6/DLGAP5/SKA1/TRIP13/ESPL1/SPC25/BUB1B/ANLN/CCNB1/CDC25A/SKA3/SPC24/CDKN3/CENPF/NUF2/MELK/CDC25C/KIF14/CDCA8/TTK/ORC1/CDK1/KNL1/TICRR/E2F1/CDKN2C/NDC80/STIL/CENPE/E2F7/CHEK1/AURKA/MAD2L1/FBXO5/BRCA1/CCNF/TERT/HASPIN/IQGAP3/GFI1B/CCNE2/CDKN2A/CCNE1/GPR132/CTDSPL/PBX1/FHL1/DPF1/CCNA1/SPDYA/PLK2/NFIB/KANK2/KCNA5/MYO16",69
"GO:0034728","nucleosome organization","32/1328","140/18860",0.228571428571429,3.24612736660929,7.34155592980032,2.11001828835906e-09,2.15500547073351e-07,1.7651235413244e-07,"H1-5/H1-2/MCM2/HMGA1/H2BC4/H1-3/H2BC7/HMGB2/H1-4/ASF1B/H2BC21/H3C8/H2BC11/H2BC8/H3C3/H4C8/H4C9/H3C10/H3C2/H2BC9/H2BC17/H3C12/CHAF1B/H4C12/H2BC13/H4C11/H4C14/H4C4/H1-0/H4C2/H4C6/H3C11",32
"GO:0042060","wound healing","68/1328","453/18860",0.150110375275938,2.13183861272906,6.71096134750752,2.24268974454063e-09,2.24808881244416e-07,1.8413663165702e-07,"CAV1/TGFBR1/MYL9/TREML1/GAS6/SELP/PPARG/MPIG6B/MFSD2B/IGF1/GATA1/TFPI/GP9/PF4/SCUBE1/WFDC1/MMRN1/PEAR1/GP6/TSPAN9/ITGB3/ITGB5/MYLK/SLC4A1/GP1BA/TNFRSF12A/PROS1/ALOX12/CD109/PRKG1/TUBB1/FN1/DGKI/ADRA2A/F2RL3/F13A1/SYTL4/HBB/GATA2/APOE/VWF/SLC6A4/VIL1/EPHB2/NFE2L2/NOG/SLC7A11/ITGA2/F3/EPPK1/CD34/PDGFA/SERPING1/EMILIN1/ACVRL1/TYRO3/WNT7A/SVEP1/TNF/SERPINE1/EDN1/CTSG/IL1A/DGKK/TNFAIP3/FER1L5/THBD/THBS1",68
"GO:1903034","regulation of response to wounding","37/1328","179/18860",0.206703910614525,2.9355690920105,7.16106755196532,2.38444209532183e-09,2.3467245567231e-07,1.92215695798958e-07,"CAV1/MDK/TFPI/PF4/WFDC1/MMRN1/MYLK/GP1BA/TNFRSF12A/PROS1/ALOX12/CD109/PRKG1/ADRA2A/NTRK3/PTPRF/KREMEN1/APOE/VIL1/EPHB2/NFE2L2/F3/EPPK1/PDGFA/SPP1/SERPING1/EMILIN1/RGMA/CNTF/IL10/TNF/SERPINE1/EDN1/DSG2/TNFAIP3/THBD/THBS1",37
"GO:0065004","protein-DNA complex assembly","45/1328","245/18860",0.183673469387755,2.60849520531104,6.97451366251113,2.5137863109527e-09,2.42984380378339e-07,1.99023833491218e-07,"HJURP/CDT1/H1-5/CENPA/CDC45/DLGAP5/H1-2/RAD51/CENPF/MCM2/H2BC4/H1-3/CENPE/H2BC7/OIP5/HMGB2/CENPW/H1-4/ASF1B/H2BC21/H3C8/H2BC11/H2BC8/H3C3/H4C8/H4C9/H3C10/DMC1/H3C2/H2BC9/H2BC17/CENPN/GMNN/H3C12/CHAF1B/CENPI/H4C12/H2BC13/H4C11/H4C14/H4C4/H1-0/H4C2/H4C6/H3C11",45
"GO:0061644","protein localization to CENP-A containing chromatin","11/1328","18/18860",0.611111111111111,8.67888219544846,8.97043274725074,4.06680975508471e-09,3.8470818088878e-07,3.15107073206519e-07,"CENPA/H2BC11/H4C8/H4C9/H2AC8/H4C12/H4C11/H4C14/H4C4/H4C2/H4C6",11
"GO:0030219","megakaryocyte differentiation","21/1328","68/18860",0.308823529411765,4.38585223245925,7.69801214038873,4.12212719223152e-09,3.8470818088878e-07,3.15107073206519e-07,"HMGB2/MPIG6B/H4C8/GATA1/H4C9/GP9/PF4/FAXDC2/GP1BA/MEIS1/MTURN/H4C12/TAL1/GATA2/H4C11/H4C14/H4C4/H4C2/SCIN/H4C6/LOX",21
"GO:0007052","mitotic spindle organization","31/1328","137/18860",0.226277372262774,3.2135476211415,7.15655595610836,4.86029523673876e-09,4.45911493499439e-07,3.65237529654659e-07,"PLK1/AURKB/TPX2/CDC20/BIRC5/KIF4A/UHRF1/MYBL2/DLGAP5/KIFC1/SPC25/CCNB1/KIF15/KIF11/NUF2/NEK2/CDCA8/POC1A/TTK/NDC80/STIL/CENPE/KIF23/AURKA/WDR62/STMN1/TUBG1/HSPA1A/HSPA1B/TACC2/PLK2",31
"GO:0060326","cell chemotaxis","54/1328","330/18860",0.163636363636364,2.32393209200438,6.67771080042443,5.00559436614957e-09,4.51588038399461e-07,3.69887078424948e-07,"HMGB2/GAS6/MDK/KLRK1/PPBP/PF4/CYP19A1/PF4V1/CCL25/ITGA1/MET/S100A12/S100A9/MPP1/PLXNB3/CXCL5/MMP2/EDNRB/S1PR1/FFAR2/S100A8/CCR1/GPR18/ITGA9/LPAR1/IL23A/IL12A/JAM3/CCL7/CCL3/PLA2G7/C3/CCR3/CCRL2/VEGFC/CXCR4/CH25H/CCL4/RAB13/IL1B/PRKD1/BCAR1/HSD3B7/IL10/CCL20/SERPINE1/EDN1/TNFAIP6/AZU1/CTSG/XCL1/THBS1/LOX/EGR3",54
"GO:0007051","spindle organization","40/1328","209/18860",0.191387559808612,2.71804923041448,6.87385430984352,5.69660891563339e-09,5.0550400098891e-07,4.14048606603069e-07,"PLK1/AURKB/TPX2/CDC20/BIRC5/KIF4A/UHRF1/ASPM/CCNB2/MYBL2/DLGAP5/SKA1/KIFC1/ESPL1/SPC25/CCNB1/SKA3/KIF15/KIF11/NUF2/NEK2/CDCA8/POC1A/TTK/NDC80/STIL/CENPE/SPAG5/KIF23/AURKA/WDR62/FBXO5/STMN1/TUBG1/AUNIP/HSPA1A/TUBB1/HSPA1B/TACC2/PLK2",40
"GO:1901991","negative regulation of mitotic cell cycle phase transition","38/1328","193/18860",0.196891191709845,2.79621074973469,6.90305476286106,6.05161074438474e-09,5.26185305820087e-07,4.30988265698407e-07,"PLK1/AURKB/CDC20/BIRC5/PKMYT1/DTL/BUB1/ZWINT/CLSPN/CDC6/SKA1/TRIP13/SPC25/BUB1B/CCNB1/SKA3/SPC24/CENPF/NUF2/CDCA8/TTK/ORC1/CDK1/KNL1/TICRR/NDC80/E2F7/CHEK1/MAD2L1/FBXO5/BRCA1/HASPIN/GFI1B/GPR132/CTDSPL/FHL1/KANK2/MYO16",38
"GO:0090068","positive regulation of cell cycle process","48/1328","278/18860",0.172661870503597,2.45211060067609,6.71302868175212,6.12408539934703e-09,5.26185305820087e-07,4.30988265698407e-07,"RRM2/UBE2C/AURKB/CDC20/BIRC5/DTL/BUB1/NCAPG/CDC6/DLGAP5/SKA1/ESPL1/NCAPH/CCNB1/CDC25A/SKA3/CDC25C/KIF14/CDCA8/POC1A/CDK1/KNL1/NDC80/STIL/FEN1/SPAG5/PLK4/E2F7/CHEK1/KIF23/E2F8/AURKA/MAD2L1/EGF/FBXO5/CIT/RAD51AP1/IGF1/TERT/CCNE2/CCNE1/SPHK1/PBX1/IL1B/KCNA5/TNF/EDN1/IL1A",48
"GO:0030168","platelet activation","31/1328","141/18860",0.219858156028369,3.12238314961976,6.96201027528879,1.00883732912758e-08,8.53255697276182e-07,6.98885333928511e-07,"MYL9/TREML1/SELP/MFSD2B/GATA1/GP9/PF4/MMRN1/PEAR1/GP6/TSPAN9/ITGB3/GP1BA/ALOX12/PRKG1/TUBB1/DGKI/ADRA2A/F2RL3/HBB/APOE/VWF/SLC6A4/SLC7A11/PDGFA/EMILIN1/TYRO3/SVEP1/CTSG/DGKK/THBD",31
"GO:0071824","protein-DNA complex organization","46/1328","265/18860",0.173584905660377,2.46521936803819,6.61104530204294,1.06585824341382e-08,8.87613949476767e-07,7.27027517612792e-07,"HJURP/CDT1/H1-5/CENPA/CDC45/DLGAP5/H1-2/RAD51/CENPF/MCM2/HMGA1/H2BC4/H1-3/CENPE/H2BC7/OIP5/HMGB2/CENPW/H1-4/ASF1B/H2BC21/H3C8/H2BC11/H2BC8/H3C3/H4C8/H4C9/H3C10/DMC1/H3C2/H2BC9/H2BC17/CENPN/GMNN/H3C12/CHAF1B/CENPI/H4C12/H2BC13/H4C11/H4C14/H4C4/H1-0/H4C2/H4C6/H3C11",46
"GO:0010639","negative regulation of organelle organization","57/1328","367/18860",0.155313351498638,2.20573027806047,6.41980964691261,1.31390041198106e-08,1.07759741364447e-06,8.82639319818859e-07,"PLK1/AURKB/TPX2/CDC20/BIRC5/BUB1/ZWINT/SKA1/TRIP13/ESPL1/SPC25/BUB1B/CCNB1/SKA3/SPC24/CENPF/NUF2/DIAPH3/CDCA8/TTK/KNL1/PIF1/NDC80/CLU/CHEK1/FBXO43/MAD2L1/FBXO5/STMN1/PPARG/SPTB/IGF1/SNCA/HSPA1A/BRCA1/MAP1B/CCNF/MET/TMOD1/HASPIN/SPTA1/ARHGAP6/TJP1/S1PR1/BCL2L1/VIL1/LPAR1/IFI6/GAS2L1/CRACD/TOM1L1/CDH5/HORMAD1/SCIN/KANK2/ARPIN/SPTBN2",57
"GO:0050900","leukocyte migration","60/1328","397/18860",0.151133501259446,2.14636885071773,6.35347217338473,1.53604767956108e-08,1.24098896857674e-06,1.01647020052023e-06,"GAS6/ITGA2B/SELP/MDK/KLRK1/PPBP/PF4/CYP19A1/PF4V1/CCL25/ITGA1/ITGB3/CD200R1/S100A12/ECM1/S100A9/ITGA7/MPP1/CXCL5/MMP2/ELANE/EDNRB/S1PR1/ADORA1/FFAR2/GCSAML/S100A8/CCR1/GPR18/ITGA9/IL23A/IL12A/JAM3/ITGA2/PRTN3/CCL7/CD34/CCL3/PLA2G7/EMILIN1/C3/PTGER4/VEGFC/CXCR4/CH25H/CCL4/IL1B/LYVE1/HSD3B7/IL10/CCL20/TNF/SERPINE1/EDN1/TNFAIP6/AZU1/CTSG/XCL1/THBS1/FOXJ1",60
"GO:0045652","regulation of megakaryocyte differentiation","15/1328","38/18860",0.394736842105263,5.60597653772987,7.82209834554238,1.58278947651377e-08,1.25759480593848e-06,1.0300717225807e-06,"HMGB2/H4C8/H4C9/PF4/FAXDC2/MTURN/H4C12/GATA2/H4C11/H4C14/H4C4/H4C2/SCIN/H4C6/LOX",15
"GO:0007093","mitotic cell cycle checkpoint signaling","30/1328","136/18860",0.220588235294118,3.13275159461375,6.86994167679749,1.60306745999917e-08,1.25759480593848e-06,1.0300717225807e-06,"PLK1/AURKB/CDC20/BIRC5/DTL/BUB1/ZWINT/CLSPN/CDC6/SKA1/TRIP13/SPC25/BUB1B/CCNB1/SKA3/SPC24/CENPF/NUF2/CDCA8/TTK/ORC1/CDK1/KNL1/TICRR/NDC80/CHEK1/MAD2L1/BRCA1/HASPIN/EME1",30
"GO:0061515","myeloid cell development","25/1328","100/18860",0.25,3.55045180722892,7.03790404527267,1.77109443581734e-08,1.36956202586847e-06,1.12178191934777e-06,"DIAPH3/TRIM58/HBD/RHAG/MPIG6B/GATA1/EPB42/HBG2/GP9/HBA2/ALAS2/LTF/SLC4A1/GP1BA/HBM/HBQ1/MEIS1/RHEX/BPGM/HBB/TAL1/HBA1/GPR68/FBN1/FAM20C",25
"GO:0008608","attachment of spindle microtubules to kinetochore","18/1328","55/18860",0.327272727272727,4.64786418400876,7.45634463579691,1.89723407234238e-08,1.44644056811117e-06,1.18475165496013e-06,"AURKB/BIRC5/CDT1/SKA1/KIF2C/SPC25/CCNB1/SKA3/SPC24/NUF2/NEK2/CDCA8/CDK1/KNL1/NDC80/CENPE/SPAG5/SGO1",18
"GO:0045930","negative regulation of mitotic cell cycle","43/1328","244/18860",0.176229508196721,2.50277750345645,6.50263009794618,2.02461516059704e-08,1.52211692559886e-06,1.24673670415712e-06,"PLK1/AURKB/CDC20/BIRC5/PKMYT1/DTL/BUB1/ZWINT/CLSPN/CDC6/SKA1/TRIP13/SPC25/BUB1B/CCNB1/SKA3/SPC24/CENPF/NUF2/CDCA8/TTK/ORC1/CDK1/KNL1/TICRR/NDC80/E2F7/CHEK1/MAD2L1/FBXO5/BRCA1/HASPIN/EME1/GFI1B/GPR132/CTDSPL/FHL1/TOM1L1/KANK2/IL10/TNF/MYO16/PTPN3",43
"GO:0030595","leukocyte chemotaxis","42/1328","237/18860",0.177215189873418,2.51677596461797,6.46715732736388,2.49967418501516e-08,1.8535255292448e-06,1.51818711857013e-06,"GAS6/MDK/KLRK1/PPBP/PF4/CYP19A1/PF4V1/CCL25/ITGA1/S100A12/S100A9/MPP1/CXCL5/MMP2/EDNRB/S1PR1/FFAR2/S100A8/CCR1/GPR18/ITGA9/IL23A/IL12A/JAM3/CCL7/CCL3/PLA2G7/C3/VEGFC/CXCR4/CH25H/CCL4/IL1B/HSD3B7/IL10/SERPINE1/EDN1/TNFAIP6/AZU1/CTSG/XCL1/THBS1",42
"GO:2001251","negative regulation of chromosome organization","24/1328","97/18860",0.247422680412371,3.5138492112781,6.83150811229388,4.22277922736556e-08,3.08890594023375e-06,2.53006345742016e-06,"PLK1/AURKB/CDC20/BIRC5/BUB1/ZWINT/SKA1/TRIP13/ESPL1/SPC25/BUB1B/CCNB1/SKA3/SPC24/CENPF/NUF2/CDCA8/TTK/KNL1/PIF1/NDC80/MAD2L1/FBXO5/HASPIN",24
"GO:0042742","defense response to bacterium","55/1328","361/18860",0.152354570637119,2.16371024263258,6.14422298163082,4.61832869734809e-08,3.33320176516603e-06,2.73016146992704e-06,"IGHG1/JCHAIN/RNASE1/H2BC4/IGHG3/H2BC7/IGHA2/HMGB2/H2BC21/H2BC12/H2BC11/IGHA1/H2BC8/SELP/ANXA3/LCN2/KLRK1/PPBP/IGHM/ADAMTS5/IGKV3-20/LTF/S100A12/PLAC8/S100A9/ADM/IGHG2/ELANE/ANG/IGHG4/S100A8/IL23R/FCGR1A/SLPI/TF/MARCHF2/RNASE3/IL23A/IL12A/CAMP/EMILIN1/AICDA/STAB1/IL1B/PRKD1/ISG15/IL10/CCL20/MPO/TNF/SERPINE1/AZU1/CTSG/SCNN1B/STAB2",55
"GO:0010948","negative regulation of cell cycle process","50/1328","318/18860",0.157232704402516,2.23298855800561,6.10290985073615,6.85920140909933e-08,4.88537595098088e-06,4.00151749793994e-06,"PLK1/AURKB/CDC20/BIRC5/PKMYT1/DTL/CDT1/BUB1/ZWINT/CLSPN/CDC45/CDC6/SKA1/TRIP13/ESPL1/SPC25/BUB1B/RAD51/CCNB1/SKA3/SPC24/CENPF/NUF2/NEK2/CDCA8/TTK/ORC1/CDK1/KNL1/TICRR/E2F1/NDC80/E2F7/CHEK1/E2F8/FBXO43/MAD2L1/FBXO5/BRCA1/CCNF/HASPIN/EME1/GFI1B/GPR132/CTDSPL/FHL1/TOM1L1/HORMAD1/KANK2/MYO16",50
"GO:0048821","erythrocyte development","17/1328","54/18860",0.314814814814815,4.47093931280678,7.02972476125229,8.99012022200036e-08,6.1749535774864e-06,5.05778573383233e-06,"DIAPH3/TRIM58/HBD/RHAG/GATA1/EPB42/HBG2/HBA2/ALAS2/SLC4A1/HBM/HBQ1/RHEX/BPGM/HBB/TAL1/HBA1",17
"GO:0000075","cell cycle checkpoint signaling","35/1328","187/18860",0.18716577540107,2.65809226209651,6.27140840933354,8.99113649227738e-08,6.1749535774864e-06,5.05778573383233e-06,"PLK1/AURKB/CDC20/BIRC5/DTL/CDT1/BUB1/ZWINT/CLSPN/CDC45/CDC6/SKA1/TRIP13/SPC25/BUB1B/RAD51/CCNB1/SKA3/SPC24/CENPF/NUF2/CDCA8/TTK/ORC1/CDK1/KNL1/TICRR/E2F1/NDC80/CHEK1/MAD2L1/BRCA1/HASPIN/EME1/HORMAD1",35
"GO:0045787","positive regulation of cell cycle","53/1328","349/18860",0.151862464183381,2.15672144164049,6.00301178336773,9.01203274748615e-08,6.1749535774864e-06,5.05778573383233e-06,"RRM2/UBE2C/AURKB/CDC20/BIRC5/DTL/BUB1/NCAPG/CDC6/DLGAP5/SKA1/ESPL1/NCAPH/CCNB1/CDC25A/SKA3/CDC25C/KIF14/CDCA8/POC1A/CDK1/KNL1/NDC80/STIL/FEN1/SPAG5/PLK4/E2F7/CHEK1/KIF23/E2F8/AURKA/MAD2L1/EGF/FBXO5/CIT/RAD51AP1/IGF1/TERT/CCNE2/CCNE1/SPHK1/TAL1/SLC6A4/PBX1/IL1B/HES1/IL10/KCNA5/TNF/EDN1/IL1A/NR4A3",53
"GO:0006260","DNA replication","46/1328","290/18860",0.158620689655172,2.25270045700042,5.91674591650324,1.75118258748049e-07,1.18489391825399e-05,9.70523823482611e-06,"TK1/CCNA2/DTL/CDT1/MCM10/GINS2/CDC45/CDC6/RAD51/CDC25A/POLQ/ESCO2/MCM2/PCLAF/ORC1/EXO1/CDK1/TICRR/RECQL4/MCM6/FEN1/MCM4/E2F7/CHEK1/POLE2/E2F8/FAM111B/FBXO5/DSCC1/RMI2/NT5M/BRCA1/ORC6/GMNN/GINS1/EME1/CHAF1B/CCNE2/CCNE1/ADRA2A/NFIX/AICDA/ACVRL1/INO80B/NFIB/ID3",46
"GO:0045132","meiotic chromosome segregation","23/1328","97/18860",0.237113402061856,3.36743882747485,6.4336307375537,1.86049609233851e-07,1.23157661193007e-05,1.00876072018619e-05,"PLK1/ASPM/CCNB2/ZWINT/SKA1/TRIP13/ESPL1/NCAPH/SKA3/NUF2/TTK/KNL1/NDC80/MND1/AURKA/FBXO5/PTTG1/SGO1/DMC1/CCNE2/CCNE1/HORMAD1/SPDYA",23
"GO:0002262","myeloid cell homeostasis","36/1328","201/18860",0.17910447761194,2.54360726488042,6.05526699174932,1.86568043928073e-07,1.23157661193007e-05,1.00876072018619e-05,"DIAPH3/HMGB2/TRIM58/HBD/KLF1/RHAG/MPIG6B/GATA1/EPB42/HBG2/HSPA1A/MAFB/HBA2/MPL/TSPAN9/ALAS2/SLC4A1/HBM/HBQ1/AHSP/HSPA1B/RHEX/BPGM/HBB/TAL1/GATA2/HBA1/HCAR2/JAM3/SLC7A11/FECH/TRIM10/ISG15/TSPO2/EPAS1/SCNN1B",36
"GO:1901988","negative regulation of cell cycle phase transition","44/1328","274/18860",0.160583941605839,2.28058218274558,5.87668492371375,2.26304409837875e-07,1.4758864704246e-05,1.20887022731405e-05,"PLK1/AURKB/CDC20/BIRC5/PKMYT1/DTL/CDT1/BUB1/ZWINT/CLSPN/CDC45/CDC6/SKA1/TRIP13/SPC25/BUB1B/RAD51/CCNB1/SKA3/SPC24/CENPF/NUF2/CDCA8/TTK/ORC1/CDK1/KNL1/TICRR/E2F1/NDC80/E2F7/CHEK1/MAD2L1/FBXO5/BRCA1/HASPIN/EME1/GFI1B/GPR132/CTDSPL/FHL1/HORMAD1/KANK2/MYO16",44
"GO:1901987","regulation of cell cycle phase transition","64/1328","468/18860",0.136752136752137,1.94212748429616,5.68016246505997,2.32334680730188e-07,1.49717574618155e-05,1.2263078637037e-05,"PLK1/RRM2/UBE2C/AURKB/CDC20/BIRC5/PKMYT1/DTL/CDT1/BUB1/ZWINT/CLSPN/CDC45/CDC6/DLGAP5/SKA1/TRIP13/ESPL1/SPC25/BUB1B/RAD51/ANLN/CCNB1/CDC25A/SKA3/SPC24/CENPF/NUF2/CDC25C/KIF14/CDCA8/TTK/ORC1/CDK1/KNL1/TICRR/E2F1/CDKN2C/NDC80/STIL/CENPE/E2F7/CHEK1/AURKA/MAD2L1/FBXO5/BRCA1/TERT/HASPIN/EME1/GFI1B/CCNE2/CDKN2A/CCNE1/GPR132/CTDSPL/PBX1/FHL1/DPF1/HORMAD1/KANK2/MLF1/KCNA5/MYO16",64
"GO:0044786","cell cycle DNA replication","15/1328","46/18860",0.326086956521739,4.63102409638554,6.78594153768324,3.06111183942558e-07,1.94938804550714e-05,1.59670626224898e-05,"TK1/CDT1/CDC45/RAD51/MCM2/CDK1/MCM6/FEN1/MCM4/E2F7/E2F8/FBXO5/GMNN/GINS1/AICDA",15
"GO:0061041","regulation of wound healing","28/1328","139/18860",0.201438848920863,2.86079570078877,6.06016165662205,3.5958665068951e-07,2.26330527928177e-05,1.85382983195131e-05,"CAV1/TFPI/PF4/WFDC1/MMRN1/MYLK/GP1BA/TNFRSF12A/PROS1/ALOX12/CD109/PRKG1/ADRA2A/APOE/VIL1/EPHB2/NFE2L2/F3/EPPK1/PDGFA/SERPING1/EMILIN1/TNF/SERPINE1/EDN1/TNFAIP3/THBD/THBS1",28
"GO:0030218","erythrocyte differentiation","30/1328","156/18860",0.192307692307692,2.73111677479147,5.97535970140356,4.00739397407864e-07,2.49333604387214e-05,2.04224360784262e-05,"DIAPH3/HMGB2/TRIM58/HBD/KLF1/RHAG/MPIG6B/GATA1/EPB42/HBG2/HSPA1A/MAFB/HBA2/ALAS2/SLC4A1/HBM/HBQ1/AHSP/HSPA1B/RHEX/BPGM/HBB/TAL1/GATA2/HBA1/FECH/TRIM10/ISG15/TSPO2/EPAS1",30
"GO:1903035","negative regulation of response to wounding","23/1328","101/18860",0.227722772277228,3.23407491351545,6.19578321624399,4.05485037086516e-07,2.49419375653331e-05,2.04294614378996e-05,"MDK/TFPI/PF4/WFDC1/MMRN1/GP1BA/PROS1/ALOX12/CD109/PRKG1/KREMEN1/APOE/EPPK1/PDGFA/SPP1/SERPING1/RGMA/TNF/SERPINE1/EDN1/DSG2/THBD/THBS1",23
"GO:0050678","regulation of epithelial cell proliferation","58/1328","416/18860",0.139423076923077,1.98005966172382,5.56306660630137,4.46853780649672e-07,2.7177747355693e-05,2.22607702436004e-05,"UHRF1/NME1/CAV1/TGFBR1/HMGB2/MYDGF/EGF/SPARC/EGFL7/PPARG/MDK/IGF1/BMP6/CAV2/ZNF304/RAP1GAP/LAMC1/ITGB3/IQGAP3/ECM1/PTPRN/CDKN2A/PLXNB3/CD109/EDNRB/ANG/FA2H/GATA2/HLX/APOE/AR/PKHD1/IL12A/NOG/F3/EPPK1/DAB2/FGF9/ACVRL1/CCR3/VEGFC/DSC1/PRKD1/MYCN/PAX6/WNT7A/ERRFI1/NFIB/HES1/INTU/IL10/TNF/IRF6/NRARP/TNFAIP3/NR4A3/THBS1/EGR3",58
"GO:0045637","regulation of myeloid cell differentiation","38/1328","227/18860",0.167400881057269,2.37739504272597,5.74609350650255,5.14975379341053e-07,3.06325464656387e-05,2.50905297603761e-05,"C1QC/HMGB3/HMGB2/H4C8/GATA1/H4C9/HSPA1A/MAFB/PF4/MPL/FAXDC2/LTF/MEIS1/MTURN/HSPA1B/ZBTB46/RHEX/H4C12/CCR1/TAL1/GATA2/IL23R/H4C11/GPR68/IL23A/LILRB4/H4C14/FBN1/CCL3/H4C4/H4C2/SCIN/H4C6/ISG15/TNF/TNFAIP6/DCSTAMP/LOX",38
"GO:1903046","meiotic cell cycle process","38/1328","227/18860",0.167400881057269,2.37739504272597,5.74609350650255,5.14975379341053e-07,3.06325464656387e-05,2.50905297603761e-05,"PLK1/CDC20/PKMYT1/ASPM/CCNB2/ZWINT/TOP2A/SKA1/TRIP13/ESPL1/RAD54L/RAD51/NCAPH/CDC25A/SKA3/NUF2/CDC25C/TTK/KNL1/NDC80/MND1/AURKA/FBXO43/FBXO5/PTTG1/SGO1/TUBG1/RAD51AP1/DMC1/EME1/CCNE2/CCNE1/GPR3/CCNA1/HORMAD1/SPDYA/PDE3A/EDN1",38
"GO:0045786","negative regulation of cell cycle","56/1328","399/18860",0.140350877192982,1.99323610230395,5.51891836951055,5.67010968833627e-07,3.33611997206133e-05,2.73255171707922e-05,"PLK1/AURKB/CDC20/BIRC5/PKMYT1/DTL/CDT1/BUB1/ZWINT/CLSPN/CDC45/CDC6/SKA1/TRIP13/ESPL1/SPC25/BUB1B/RAD51/CCNB1/SKA3/SPC24/CENPF/NUF2/NEK2/CDCA8/TTK/ORC1/CDK1/KNL1/TICRR/E2F1/NDC80/E2F7/CHEK1/E2F8/FBXO43/MAD2L1/FBXO5/MAPK12/BRCA1/CCNF/GMNN/HASPIN/EME1/GFI1B/CDKN2A/GPR132/CTDSPL/FHL1/TOM1L1/HORMAD1/KANK2/IL10/TNF/MYO16/PTPN3",56
"GO:0034101","erythrocyte homeostasis","31/1328","167/18860",0.18562874251497,2.63626361734363,5.84540549152534,5.81517546280694e-07,3.35682704797567e-05,2.74951248477321e-05,"DIAPH3/HMGB2/TRIM58/HBD/KLF1/RHAG/MPIG6B/GATA1/EPB42/HBG2/HSPA1A/MAFB/HBA2/ALAS2/SLC4A1/HBM/HBQ1/AHSP/HSPA1B/RHEX/BPGM/HBB/TAL1/GATA2/HBA1/FECH/TRIM10/ISG15/TSPO2/EPAS1/SCNN1B",31
"GO:0051315","attachment of mitotic spindle microtubules to kinetochore","11/1328","26/18860",0.423076923076923,6.00845690454124,7.03334577696629,5.82933202493465e-07,3.35682704797567e-05,2.74951248477321e-05,"AURKB/BIRC5/CDT1/SKA1/KIF2C/SKA3/NUF2/CDCA8/CDK1/NDC80/CENPE",11
"GO:0044771","meiotic cell cycle phase transition","9/1328","17/18860",0.529411764705882,7.518603827073,7.40025458523046,6.00161221993452e-07,3.41965546805322e-05,2.80097403549742e-05,"CDC20/PKMYT1/CCNB2/ZWINT/CDC25A/CDC25C/TTK/KNL1/NDC80",9
"GO:0051310","metaphase chromosome alignment","23/1328","104/18860",0.221153846153846,3.14078429101019,6.02507009292485,7.05517136617127e-07,3.96936522155775e-05,3.25123072392996e-05,"AURKB/BIRC5/CDT1/ZWINT/SKA1/KIFC1/KIF2C/SPC25/CCNB1/SKA3/SPC24/CENPF/NUF2/NEK2/KIF14/CDCA8/TTK/CDK1/KNL1/NDC80/CENPE/SPAG5/SGO1",23
"GO:0006270","DNA replication initiation","13/1328","37/18860",0.351351351351351,4.98982416151091,6.68579157589747,7.11303208001296e-07,3.96936522155775e-05,3.25123072392996e-05,"CDT1/MCM10/CDC45/CDC6/MCM2/ORC1/TICRR/MCM6/MCM4/ORC6/GMNN/CCNE2/CCNE1",13
"GO:1904018","positive regulation of vasculature development","34/1328","195/18860",0.174358974358974,2.4762125424776,5.70288791843495,7.73695115757448e-07,4.2734812873419e-05,3.50032634540319e-05,"TGFBR1/MYDGF/MDK/ANXA3/ZNF304/BRCA1/ITGB3/TERT/ECM1/ADM/SPHK1/TJP1/GATA2/TGM2/NFE2L2/F3/CAMP/CD34/ITGB8/EMILIN1/C3/ACVRL1/CCR3/VEGFC/CXCR4/CDH5/IL1B/PRKD1/NTRK1/IL10/SERPINE1/DSG2/IL1A/THBS1",34
"GO:0050679","positive regulation of epithelial cell proliferation","37/1328","222/18860",0.166666666666667,2.36696787148594,5.63868426979638,8.08861319088357e-07,4.42259224265179e-05,3.62246026156317e-05,"NME1/TGFBR1/HMGB2/MYDGF/EGF/EGFL7/MDK/IGF1/BMP6/CAV2/ZNF304/LAMC1/ITGB3/IQGAP3/ECM1/PTPRN/PLXNB3/ANG/GATA2/HLX/AR/PKHD1/NOG/F3/FGF9/ACVRL1/CCR3/VEGFC/PRKD1/MYCN/WNT7A/IL10/TNF/NRARP/TNFAIP3/NR4A3/EGR3",37
"GO:0030193","regulation of blood coagulation","18/1328","70/18860",0.257142857142857,3.65189328743546,6.11764554917948,1.10829628217827e-06,5.99920777543098e-05,4.91383572687882e-05,"CAV1/TFPI/PF4/GP1BA/PROS1/ALOX12/PRKG1/APOE/EPHB2/NFE2L2/F3/PDGFA/SERPING1/EMILIN1/SERPINE1/EDN1/THBD/THBS1",18
"GO:0050000","chromosome localization","25/1328","124/18860",0.201612903225806,2.86326758647493,5.72915100868709,1.47437141697495e-06,7.90175493077763e-05,6.47217551672589e-05,"AURKB/BIRC5/CDT1/ZWINT/DLGAP5/SKA1/KIFC1/KIF2C/SPC25/CCNB1/SKA3/SPC24/CENPF/NUF2/NEK2/KIF14/CDCA8/TTK/CDK1/KNL1/NDC80/CENPE/SPAG5/SGO1/SPDYA",25
"GO:0007229","integrin-mediated signaling pathway","24/1328","117/18860",0.205128205128205,2.91319122644424,5.71313380570507,1.72087613498628e-06,9.09051598667312e-05,7.44586683828739e-05,"DIAPH3/ITGA2B/MPIG6B/ZNF304/LIMS1/CD63/LAMC1/ITGA1/ITGB3/ITGB5/ITGA7/FN1/ITGA8/DOCK1/ITGA9/APOA1/ITGA2/ITGB8/LAMA1/PRKD1/ISG15/BCAR1/SERPINE1/ITGAD",24
"GO:1900046","regulation of hemostasis","18/1328","72/18860",0.25,3.55045180722892,5.96740798180069,1.72976749792598e-06,9.09051598667312e-05,7.44586683828739e-05,"CAV1/TFPI/PF4/GP1BA/PROS1/ALOX12/PRKG1/APOE/EPHB2/NFE2L2/F3/PDGFA/SERPING1/EMILIN1/SERPINE1/EDN1/THBD/THBS1",18
"GO:0071695","anatomical structure maturation","43/1328","287/18860",0.149825783972125,2.12779690189329,5.29875028591026,2.08628077045403e-06,0.000108586902023727,8.89414433719874e-05,"TRIP13/CCNB1/KIF14/DIAPH3/BHLHA15/TRIM58/AURKA/FBXO5/PPARG/IGF1/EPB42/DMC1/LTF/PTPRN/DCHS1/C1QA/BFSP2/MMP2/EDNRB/S1PR1/ANG/RHEX/SLFN14/TAL1/GATA2/FZD5/SRRM4/C3/ACVRL1/FAM20C/CDH5/TDRD6/PDE3A/EPAS1/SOX8/HES1/CNTN2/GLDN/NRCAM/EDN1/NR4A2/RND1/FOXJ1",43
"GO:2001237","negative regulation of extrinsic apoptotic signaling pathway","22/1328","103/18860",0.213592233009709,3.03339571879752,5.69510144939457,2.2729777599149e-06,0.000115233366928853,9.43854349673454e-05,"TGFBR1/HMGB2/IGF1/GATA1/HSPA1A/PF4/BRCA1/TERT/CTTN/STRADB/HSPA1B/BCL2L1/AR/IFI6/IL1B/FAIM2/TNF/SERPINE1/IL1A/TNFAIP3/THBS1/UNC5B",22
"GO:0002227","innate immune response in mucosa","10/1328","24/18860",0.416666666666667,5.91741967871486,6.63424020063083,2.27784412735771e-06,0.000115233366928853,9.43854349673454e-05,"H2BC4/H2BC7/H2BC21/H2BC12/H2BC11/H2BC8/RNASE2/LTF/RNASE3/CAMP",10
"GO:0090231","regulation of spindle checkpoint","10/1328","24/18860",0.416666666666667,5.91741967871486,6.63424020063083,2.27784412735771e-06,0.000115233366928853,9.43854349673454e-05,"AURKB/BIRC5/ZWINT/SKA1/CCNB1/SKA3/CDCA8/KNL1/NDC80/MAD2L1",10
"GO:0045840","positive regulation of mitotic nuclear division","14/1328","47/18860",0.297872340425532,4.23032555754935,6.10251466088247,2.58962028046255e-06,0.000129792727575406,0.0001063107273032,"UBE2C/CDC20/DLGAP5/SKA1/ESPL1/SKA3/AURKA/EGF/IGF1/SPHK1/IL1B/TNF/EDN1/IL1A",14
"GO:0051225","spindle assembly","26/1328","137/18860",0.18978102189781,2.69523348869932,5.48080972131476,3.01884561274891e-06,0.000149917534878989,0.000122794569974876,"PLK1/AURKB/TPX2/CDC20/BIRC5/KIF4A/UHRF1/ASPM/CCNB2/MYBL2/SKA1/KIFC1/SKA3/KIF15/KIF11/NEK2/CDCA8/NDC80/STIL/SPAG5/KIF23/AURKA/FBXO5/HSPA1A/TUBB1/HSPA1B",26
"GO:0033044","regulation of chromosome organization","38/1328","244/18860",0.155737704918033,2.21175686351965,5.24336213045001,3.16558804989753e-06,0.000155258693343693,0.00012716941016532,"PLK1/UBE2C/AURKB/CDC20/BIRC5/BUB1/ZWINT/NCAPG/CDC6/DLGAP5/SKA1/TRIP13/ESPL1/SPC25/BUB1B/NCAPH/CCNB1/SKA3/SPC24/CENPF/NUF2/NEK2/CDCA8/TTK/CDK1/KNL1/PIF1/NDC80/FEN1/CENPE/MAD2L1/FBXO5/RMI2/HASPIN/TAL1/DPF1/INO80B/AXIN2",38
"GO:1901992","positive regulation of mitotic cell cycle phase transition","22/1328","105/18860",0.20952380952381,2.97561675272519,5.58703577542712,3.18376407928134e-06,0.000155258693343693,0.00012716941016532,"RRM2/UBE2C/CDC20/BIRC5/DTL/CDC6/DLGAP5/SKA1/ESPL1/CCNB1/CDC25A/SKA3/CDC25C/CDK1/STIL/CHEK1/FBXO5/TERT/CCNE2/CCNE1/PBX1/KCNA5",22
"GO:0045653","negative regulation of megakaryocyte differentiation","9/1328","20/18860",0.45,6.39081325301205,6.63852313005353,3.41558481092633e-06,0.000165076433763788,0.000135210932552836,"H4C8/H4C9/PF4/H4C12/H4C11/H4C14/H4C4/H4C2/H4C6",9
"GO:0045931","positive regulation of mitotic cell cycle","26/1328","138/18860",0.188405797101449,2.67570281124498,5.43754742488673,3.47428818401314e-06,0.000166427627788169,0.000136317669595374,"RRM2/UBE2C/CDC20/BIRC5/DTL/CDC6/DLGAP5/SKA1/ESPL1/CCNB1/CDC25A/SKA3/CDC25C/CDK1/STIL/CHEK1/AURKA/FBXO5/TERT/CCNE2/CCNE1/SPHK1/TAL1/PBX1/HES1/KCNA5",26
"GO:0002385","mucosal immune response","12/1328","36/18860",0.333333333333333,4.73393574297189,6.17169947022669,3.61451123022506e-06,0.000171625870957967,0.000140575450615955,"H2BC4/H2BC7/H2BC21/H2BC12/H2BC11/H2BC8/RNASE2/LTF/FFAR2/RNASE3/CAMP/XCL1",12
"GO:0050673","epithelial cell proliferation","63/1328","496/18860",0.127016129032258,1.80385857947921,4.99320600654017,3.66591676321734e-06,0.000172553108167787,0.000141334932784178,"UHRF1/NME1/CAV1/TGFBR1/HMGB2/MYDGF/EGF/SPARC/EGFL7/PPARG/MDK/IGF1/BMP6/CAV2/ZNF304/RAP1GAP/LAMC1/ITGB3/IQGAP3/ECM1/PTPRN/CDKN2A/PLXNB3/CD109/EDNRB/ANG/FA2H/GATA2/HLX/APOE/BCL2L1/AR/PKHD1/IL12A/NOG/APOA1/F3/EPPK1/CD34/DAB2/FGF9/FST/ACVRL1/CCR3/VEGFC/DSC1/PRKD1/MYCN/PAX6/WNT7A/ERRFI1/NFIB/HES1/INTU/IL10/TNF/IRF6/PROK2/NRARP/TNFAIP3/NR4A3/THBS1/EGR3",63
"GO:0010543","regulation of platelet activation","15/1328","55/18860",0.272727272727273,3.87322015334063,5.8729488262586,3.89812335358447e-06,0.000181245608982597,0.000148454793048839,"SELP/MFSD2B/GP9/MMRN1/PEAR1/GP6/GP1BA/ALOX12/PRKG1/APOE/PDGFA/EMILIN1/SVEP1/CTSG/THBD",15
"GO:0045766","positive regulation of angiogenesis","32/1328","191/18860",0.167539267015707,2.3793603734309,5.27322785952341,3.91755703878882e-06,0.000181245608982597,0.000148454793048839,"MYDGF/MDK/ANXA3/ZNF304/BRCA1/ITGB3/TERT/ECM1/ADM/SPHK1/TJP1/GATA2/TGM2/NFE2L2/F3/CAMP/CD34/ITGB8/EMILIN1/C3/ACVRL1/CCR3/VEGFC/CDH5/IL1B/PRKD1/NTRK1/IL10/SERPINE1/DSG2/IL1A/THBS1",32
"GO:0050818","regulation of coagulation","18/1328","76/18860",0.236842105263158,3.36358592263792,5.6823343982401,3.99457605358898e-06,0.000183242713373535,0.000150090582852068,"CAV1/TFPI/PF4/GP1BA/PROS1/ALOX12/PRKG1/APOE/EPHB2/NFE2L2/F3/PDGFA/SERPING1/EMILIN1/SERPINE1/EDN1/THBD/THBS1",18
"GO:0021700","developmental maturation","50/1328","364/18860",0.137362637362637,1.95079769627962,5.04129998401171,4.21377044790762e-06,0.000191673440626251,0.000156996029425802,"CDC20/TRIP13/CCNB1/KIF14/DIAPH3/BHLHA15/TRIM58/AURKA/FBXO5/PPARG/IGF1/EPB42/MAP1B/CD63/DMC1/SEZ6L/LTF/PTPRN/DCHS1/C1QA/BFSP2/MMP2/EDNRB/S1PR1/ANG/RHEX/SLFN14/TAL1/GATA2/FZD5/SRRM4/C3/ACVRL1/FAM20C/NRXN1/CDH5/TDRD6/NRN1/PDE3A/EPAS1/SOX8/HES1/CNTN2/GLDN/NRCAM/EDN1/NR4A2/RELN/RND1/FOXJ1",50
"GO:0061045","negative regulation of wound healing","18/1328","77/18860",0.233766233766234,3.31990298857769,5.6140379553783,4.87365103347889e-06,0.00021802539705968,0.00017858041020455,"TFPI/PF4/WFDC1/MMRN1/GP1BA/PROS1/ALOX12/CD109/PRKG1/APOE/EPPK1/PDGFA/SERPING1/TNF/SERPINE1/EDN1/THBD/THBS1",18
"GO:0070527","platelet aggregation","18/1328","77/18860",0.233766233766234,3.31990298857769,5.6140379553783,4.87365103347889e-06,0.00021802539705968,0.00017858041020455,"MYL9/MFSD2B/GATA1/MMRN1/PEAR1/GP6/TSPAN9/ITGB3/ALOX12/PRKG1/TUBB1/F2RL3/HBB/SLC6A4/SLC7A11/EMILIN1/TYRO3/CTSG",18
"GO:1901099","negative regulation of signal transduction in absence of ligand","12/1328","37/18860",0.324324324324324,4.60599153370238,6.04259908277641,5.0080510808925e-06,0.000220394963421716,0.000180521276446035,"GATA1/HSPA1A/PF4/TERT/STRADB/HSPA1B/BCL2L1/IFI6/IL1B/TNF/IL1A/UNC5B",12
"GO:2001240","negative regulation of extrinsic apoptotic signaling pathway in absence of ligand","12/1328","37/18860",0.324324324324324,4.60599153370238,6.04259908277641,5.0080510808925e-06,0.000220394963421716,0.000180521276446035,"GATA1/HSPA1A/PF4/TERT/STRADB/HSPA1B/BCL2L1/IFI6/IL1B/TNF/IL1A/UNC5B",12
"GO:0048469","cell maturation","35/1328","221/18860",0.158371040723982,2.24915499100474,5.14095493597411,5.22508335480755e-06,0.000228091743544946,0.000186825561039469,"TRIP13/CCNB1/KIF14/DIAPH3/BHLHA15/TRIM58/AURKA/FBXO5/PPARG/EPB42/DMC1/C1QA/BFSP2/EDNRB/ANG/RHEX/SLFN14/TAL1/GATA2/FZD5/SRRM4/C3/FAM20C/TDRD6/PDE3A/EPAS1/SOX8/HES1/CNTN2/GLDN/NRCAM/EDN1/NR4A2/RND1/FOXJ1",35
"GO:0140013","meiotic nuclear division","33/1328","203/18860",0.16256157635468,2.30866817021782,5.15940107099352,5.44361603766115e-06,0.000235730348894878,0.000193082195794768,"PLK1/CDC20/ASPM/CCNB2/ZWINT/TOP2A/SKA1/TRIP13/ESPL1/RAD54L/RAD51/NCAPH/SKA3/NUF2/TTK/KNL1/NDC80/MND1/AURKA/FBXO43/FBXO5/PTTG1/SGO1/RAD51AP1/DMC1/EME1/CCNE2/CCNE1/GPR3/CCNA1/HORMAD1/SPDYA/PDE3A",33
"GO:0002544","chronic inflammatory response","9/1328","21/18860",0.428571428571429,6.08648881239243,6.41861689170408,5.6036278138381e-06,0.00024073362981195,0.000197180286983175,"CYP19A1/S100A9/S100A8/CAMP/IL10/TNF/VNN1/TNFAIP3/THBS1",9
"GO:0061982","meiosis I cell cycle process","26/1328","142/18860",0.183098591549296,2.60033090106907,5.26825610001998,5.99615334558772e-06,0.000255568331178475,0.000209331105608085,"PLK1/CDC20/PKMYT1/CCNB2/ZWINT/TOP2A/TRIP13/ESPL1/RAD54L/RAD51/CDC25A/CDC25C/KNL1/NDC80/MND1/AURKA/FBXO5/PTTG1/RAD51AP1/DMC1/EME1/CCNE2/CCNE1/CCNA1/HORMAD1/SPDYA",26
"GO:0051321","meiotic cell cycle","43/1328","299/18860",0.1438127090301,2.04240037071362,5.00048469914112,6.10870867317723e-06,0.000258331562874284,0.000211594415554461,"PLK1/CDC20/PKMYT1/ASPM/CCNB2/ZWINT/TOP2A/SKA1/TRIP13/ESPL1/RAD54L/RAD51/NCAPH/CDC25A/SKA3/NUF2/NEK2/CDC25C/TTK/EXO1/KNL1/NDC80/MND1/AURKA/FBXO43/FBXO5/PTTG1/SGO1/TUBG1/RAD51AP1/DMC1/EME1/CCNE2/CCNE1/XRCC2/SLC26A8/GPR3/CCNA1/RSPH1/HORMAD1/SPDYA/PDE3A/EDN1",43
"GO:0048872","homeostasis of number of cells","50/1328","369/18860",0.13550135501355,1.9243641231593,4.93535846305614,6.20621120405439e-06,0.000260420319748422,0.000213305276144244,"CCNB2/TNFRSF17/DIAPH3/HMGB2/TRIM58/HBD/KLF1/RHAG/MPIG6B/GATA1/EPB42/HBG2/HSPA1A/MAFB/HBA2/MPL/TSPAN9/ALAS2/TNFRSF13B/SLC4A1/FSTL1/SPTA1/HBM/HBQ1/P2RY14/AHSP/HSPA1B/RHEX/BPGM/HBB/TAL1/GPR174/GATA2/SEPTIN4/HBA1/HCAR2/JAM3/SLC7A11/FECH/ILDR2/MYCT1/TRIM10/ISG15/TSPO2/EPAS1/FLT3/SCNN1B/CADPS2/CRISPLD1/TNFAIP3",50
"GO:0045638","negative regulation of myeloid cell differentiation","21/1328","102/18860",0.205882352941176,2.92390148830617,5.36206763255265,7.07771770424991e-06,0.000294705276408498,0.000241387424860734,"C1QC/HMGB3/H4C8/H4C9/MAFB/PF4/LTF/MEIS1/ZBTB46/H4C12/GATA2/H4C11/GPR68/LILRB4/H4C14/FBN1/CCL3/H4C4/H4C2/H4C6/TNFAIP6",21
"GO:0061844","antimicrobial humoral immune response mediated by antimicrobial peptide","25/1328","135/18860",0.185185185185185,2.62996430165105,5.23090340992396,7.31191457784618e-06,0.000302132775647949,0.000247471146660411,"H2BC4/H2BC7/H2BC21/H2BC12/H2BC11/H2BC8/GAPDH/PPBP/PF4/PF4V1/CCL25/LTF/S100A12/S100A9/ADM/CXCL5/ELANE/ANG/RNASE3/CCL7/CAMP/CCL3/CCL4/CCL20/XCL1",25
"GO:0015671","oxygen transport","8/1328","17/18860",0.470588235294118,6.68320340184267,6.45186502339845,8.09410827765323e-06,0.000329424121104789,0.000269824962924222,"HBD/HBG2/HBA2/HBM/HBQ1/BPGM/HBB/HBA1",8
"GO:1902969","mitotic DNA replication","8/1328","17/18860",0.470588235294118,6.68320340184267,6.45186502339845,8.09410827765323e-06,0.000329424121104789,0.000269824962924222,"TK1/CDC45/RAD51/MCM2/CDK1/MCM6/MCM4/GINS1",8
"GO:0003018","vascular process in circulatory system","41/1328","283/18860",0.144876325088339,2.05750564093831,4.93322310255498,8.31056394991989e-06,0.000335709572096391,0.000274973254965142,"SLC38A5/FABP5/CAV1/MANF/SLC6A9/CD38/BMP6/PDE2A/ITGA1/SLC24A3/ADM/OXTR/PRKG1/KEL/ADRA2A/TJP1/MMP2/EDNRB/SLCO2B1/ADORA1/CLDN5/HBB/SLC1A3/APOE/SLC6A4/LRP2/ITGA9/ARHGAP42/SLC1A2/CPS1/CDH5/ABCC3/PDE3A/SVEP1/ADCY6/KCNA5/TNF/EDN1/AZU1/SCNN1B/SLC22A3",41
"GO:0044839","cell cycle G2/M phase transition","28/1328","162/18860",0.172839506172839,2.45463334820765,5.11747943511585,8.43572138411966e-06,0.000338241184090665,0.00027704684966793,"PLK1/CCNA2/AURKB/FOXM1/CDC20/BIRC5/PKMYT1/DTL/CCNB2/CLSPN/CDC6/CCNB1/CDC25A/CENPF/MELK/CDC25C/KIF14/ORC1/CDK1/TICRR/NDC80/CHEK1/AURKA/FBXO5/BRCA1/GPR132/PBX1/FHL1",28
"GO:0000086","G2/M transition of mitotic cell cycle","26/1328","145/18860",0.179310344827586,2.54653095139177,5.14505875127115,8.88156354060095e-06,0.000351279637492991,0.000287726396126378,"PLK1/CCNA2/AURKB/FOXM1/CDC20/BIRC5/PKMYT1/DTL/CLSPN/CDC6/CCNB1/CDC25A/CENPF/MELK/CDC25C/KIF14/ORC1/CDK1/TICRR/CHEK1/AURKA/FBXO5/BRCA1/GPR132/PBX1/FHL1",26
"GO:1901970","positive regulation of mitotic sister chromatid separation","9/1328","22/18860",0.409090909090909,5.80983023001095,6.21249895225459,8.89069099141693e-06,0.000351279637492991,0.000287726396126378,"UBE2C/AURKB/CDC20/BIRC5/DLGAP5/SKA1/ESPL1/SKA3/CDCA8",9
"GO:1905820","positive regulation of chromosome separation","11/1328","33/18860",0.333333333333333,4.73393574297189,5.90848157212298,9.22465772155255e-06,0.000361833856860608,0.000296371154257661,"UBE2C/AURKB/CDC20/BIRC5/NCAPG/DLGAP5/SKA1/ESPL1/NCAPH/SKA3/CDCA8",11
"GO:0002526","acute inflammatory response","22/1328","112/18860",0.196428571428571,2.78964070567986,5.22805352187435,9.60073563277241e-06,0.000371709168513755,0.000304459832135101,"IGHG1/LCN2/ASS1/FN1/ELANE/EDNRB/ADORA1/FFAR2/PTGER3/FCGR1A/FCGR3B/F3/TNFSF4/C3/IL1B/CD163/CREB3L3/PLA2G2D/TNF/VNN1/IL1A/OSM",22
"GO:0002455","humoral immune response mediated by circulating immunoglobulin","14/1328","52/18860",0.269230769230769,3.82356348470806,5.61139133711123,9.61376013152146e-06,0.000371709168513755,0.000304459832135101,"IGHG1/EXO1/C1QC/IGHG3/C1QB/CLU/IGHA2/IGHA1/C1QA/IGHG2/IGHG4/C3/TNF/FOXJ1",14
"GO:0002251","organ or tissue specific immune response","12/1328","40/18860",0.3,4.2605421686747,5.68136438180772,1.23947209668395e-05,0.000475834216975194,0.000389746657053588,"H2BC4/H2BC7/H2BC21/H2BC12/H2BC11/H2BC8/RNASE2/LTF/FFAR2/RNASE3/CAMP/XCL1",12
"GO:0000212","meiotic spindle organization","9/1328","23/18860",0.391304347826087,5.55722891566265,6.01868383555913,1.36944058071241e-05,0.000514776518291409,0.000421643547219348,"ASPM/CCNB2/SKA1/ESPL1/SKA3/NDC80/AURKA/FBXO5/TUBG1",9
"GO:0090266","regulation of mitotic cell cycle spindle assembly checkpoint","9/1328","23/18860",0.391304347826087,5.55722891566265,6.01868383555913,1.36944058071241e-05,0.000514776518291409,0.000421643547219348,"AURKB/BIRC5/SKA1/CCNB1/SKA3/CDCA8/KNL1/NDC80/MAD2L1",9
"GO:1903504","regulation of mitotic spindle checkpoint","9/1328","23/18860",0.391304347826087,5.55722891566265,6.01868383555913,1.36944058071241e-05,0.000514776518291409,0.000421643547219348,"AURKB/BIRC5/SKA1/CCNB1/SKA3/CDCA8/KNL1/NDC80/MAD2L1",9
"GO:0030593","neutrophil chemotaxis","18/1328","83/18860",0.216867469879518,3.07991000145159,5.22652609525064,1.48718461440933e-05,0.000555181401227427,0.000454738409865124,"MDK/PPBP/PF4/PF4V1/ITGA1/S100A12/S100A9/MPP1/CXCL5/S100A8/ITGA9/IL23A/JAM3/CCL3/IL1B/EDN1/TNFAIP6/XCL1",18
"GO:2001236","regulation of extrinsic apoptotic signaling pathway","28/1328","167/18860",0.167664670658683,2.38114133179424,4.93400393424945,1.51946669625101e-05,0.00056334748128813,0.000461427089012923,"ITM2C/CAV1/TGFBR1/HMGB2/IGF1/GATA1/HSPA1A/PF4/BRCA1/TERT/CTTN/TNFRSF12A/STRADB/HSPA1B/BCL2L1/AR/IFI6/FASLG/IL1B/FAIM2/TNF/SERPINE1/ATF3/IL1A/TNFAIP3/THBS1/BCL2L14/UNC5B",28
"GO:0033260","nuclear DNA replication","12/1328","41/18860",0.292682926829268,4.1566265060241,5.56877271610395,1.64072419895907e-05,0.000604165992446628,0.000494860746581854,"TK1/CDT1/CDC45/RAD51/MCM2/CDK1/MCM6/FEN1/MCM4/GMNN/GINS1/AICDA",12
"GO:0002685","regulation of leukocyte migration","35/1328","233/18860",0.150214592274678,2.13331868245514,4.79072440562969,1.7029542848366e-05,0.000622844023231116,0.000510159562427579,"GAS6/ITGA2B/SELP/MDK/KLRK1/CYP19A1/CCL25/ITGB3/CD200R1/ECM1/MPP1/ELANE/ADORA1/GCSAML/CCR1/GPR18/IL23A/IL12A/JAM3/ITGA2/CCL7/CCL3/PLA2G7/EMILIN1/PTGER4/VEGFC/CCL4/LYVE1/CCL20/TNF/SERPINE1/EDN1/TNFAIP6/XCL1/THBS1",35
"GO:0015669","gas transport","9/1328","24/18860",0.375,5.32567771084337,5.83590314417699,2.05443428149839e-05,0.000746352534614148,0.000611323009090161,"HBD/RHAG/HBG2/HBA2/HBM/HBQ1/BPGM/HBB/HBA1",9
"GO:0010389","regulation of G2/M transition of mitotic cell cycle","21/1328","109/18860",0.192660550458716,2.73612799823146,5.00294132855669,2.06853215985252e-05,0.000746464305418779,0.000611414558406934,"PLK1/AURKB/PKMYT1/DTL/CLSPN/CDC6/CCNB1/CDC25A/CENPF/CDC25C/KIF14/ORC1/CDK1/TICRR/CHEK1/AURKA/FBXO5/BRCA1/GPR132/PBX1/FHL1",21
"GO:0032370","positive regulation of lipid transport","18/1328","85/18860",0.211764705882353,3.0074415308292,5.10510914538642,2.09917727948153e-05,0.00075250639826712,0.000616363520472374,"CAV1/PPARG/BMP6/CYP19A1/DENND5B/CETP/APOE/RETN/NTSR1/APOA1/SPP1/DAB2/FASLG/IL1B/LIPG/ACSL1/ABCA13/EDN1",18
"GO:0007080","mitotic metaphase chromosome alignment","15/1328","63/18860",0.238095238095238,3.38138267355135,5.21072112116936,2.34613882317177e-05,0.000830042447701228,0.000679871807581665,"AURKB/BIRC5/CDT1/SKA1/KIFC1/KIF2C/CCNB1/SKA3/NUF2/KIF14/CDCA8/TTK/CDK1/NDC80/CENPE",15
"GO:0051785","positive regulation of nuclear division","15/1328","63/18860",0.238095238095238,3.38138267355135,5.21072112116936,2.34613882317177e-05,0.000830042447701228,0.000679871807581665,"UBE2C/CDC20/DLGAP5/SKA1/ESPL1/SKA3/AURKA/EGF/RAD51AP1/IGF1/SPHK1/IL1B/TNF/EDN1/IL1A",15
"GO:0051984","positive regulation of chromosome segregation","10/1328","30/18860",0.333333333333333,4.73393574297189,5.63306735383666,2.36195366347888e-05,0.000830211375351374,0.000680010172971499,"AURKB/BIRC5/NCAPG/CDC6/SKA1/NCAPH/CCNB1/SKA3/CDCA8/CDK1",10
"GO:0097529","myeloid leukocyte migration","35/1328","237/18860",0.147679324894515,2.0973133038483,4.67867235434723,2.46349829379343e-05,0.000860317178342184,0.000704669257280675,"MDK/PPBP/PF4/CYP19A1/PF4V1/CCL25/ITGA1/CD200R1/S100A12/S100A9/MPP1/CXCL5/MMP2/EDNRB/S100A8/CCR1/ITGA9/IL23A/JAM3/PRTN3/CCL7/CCL3/PLA2G7/EMILIN1/PTGER4/VEGFC/CCL4/IL1B/SERPINE1/EDN1/TNFAIP6/AZU1/CTSG/XCL1/THBS1",35
"GO:0034109","homotypic cell-cell adhesion","20/1328","103/18860",0.194174757281553,2.75763247163411,4.92274826005136,2.86796595566465e-05,0.000995147417821329,0.000815106113715216,"MYL9/MFSD2B/GATA1/MMRN1/PEAR1/GP6/TSPAN9/ITGB3/ALOX12/PRKG1/TUBB1/F2RL3/HBB/SLC6A4/SLC7A11/EMILIN1/TYRO3/CDHR5/CTSG/DSG2",20
"GO:0090306","meiotic spindle assembly","7/1328","15/18860",0.466666666666667,6.62751004016064,6.00076298990339,3.28648118418706e-05,0.00113310335350347,0.000928103167803948,"ASPM/CCNB2/SKA1/SKA3/NDC80/AURKA/FBXO5",7
"GO:0071621","granulocyte chemotaxis","22/1328","121/18860",0.181818181818182,2.58214676889376,4.80517141616925,3.405236877857e-05,0.0011666169126481,0.000955553479649145,"MDK/PPBP/PF4/PF4V1/CCL25/ITGA1/S100A12/S100A9/MPP1/CXCL5/S100A8/ITGA9/IL23A/JAM3/CCL7/CCL3/CCL4/IL1B/EDN1/TNFAIP6/XCL1/THBS1",22
"GO:0006956","complement activation","15/1328","65/18860",0.230769230769231,3.27734012974977,5.0618124438178,3.48686608885468e-05,0.0011870695684887,0.000972305856753122,"IGHG1/C1QC/IGHG3/C1QB/CLU/IGHA2/IGHA1/C1QA/IGHG2/CD5L/IGHG4/VSIG4/SERPING1/C3/IL1B",15
"GO:0042552","myelination","26/1328","157/18860",0.165605095541401,2.35189164300514,4.68143189213062,3.76171757059661e-05,0.00127263607560246,0.00104239173732585,"KIF14/CLU/XK/SH3TC2/IGF1/PARD3/SLC8A3/KEL/NTRK3/TMEM163/CLDN5/FA2H/AMIGO1/GPC1/LPAR1/JAM3/NAB2/ACSBG1/NTRK2/CXCR4/WASF3/NFASC/CNTN2/ANK2/TNF/PMP22",26
"GO:0043270","positive regulation of monoatomic ion transport","30/1328","194/18860",0.154639175257732,2.19615575704881,4.6089883020533,3.81614231785633e-05,0.00128302971220847,0.00105090496520503,"CAV1/SCN1B/SNCA/LCN2/MYLK/ADRA2A/CNKSR3/F2RL3/ADORA1/CCR1/AMIGO1/FFAR1/SLC6A4/ASPH/NTSR1/TRPC1/FHL1/CCL3/CCL4/STAC/ATP2A1/ANK2/EDN1/KCNC1/WNK2/CACNA1D/TRPC6/XCL1/SCN3B/LRRC26",30
"GO:0031055","chromatin remodeling at centromere","6/1328","11/18860",0.545454545454545,7.74644030668127,6.15984102865404,4.0905453840561e-05,0.00135012940023754,0.00110586502937383,"HJURP/CENPA/OIP5/CENPW/CENPN/CENPI",6
"GO:0034080","CENP-A containing chromatin assembly","6/1328","11/18860",0.545454545454545,7.74644030668127,6.15984102865404,4.0905453840561e-05,0.00135012940023754,0.00110586502937383,"HJURP/CENPA/OIP5/CENPW/CENPN/CENPI",6
"GO:0045835","negative regulation of meiotic nuclear division","6/1328","11/18860",0.545454545454545,7.74644030668127,6.15984102865404,4.0905453840561e-05,0.00135012940023754,0.00110586502937383,"ZWINT/TRIP13/KNL1/FBXO43/FBXO5/HORMAD1",6
"GO:0050920","regulation of chemotaxis","32/1328","214/18860",0.149532710280374,2.12363472581916,4.54969031137984,4.2125329098818e-05,0.00137577371847682,0.00112686979731531,"GAS6/MDK/KLRK1/CYP19A1/MET/CTTN/MPP1/NTRK3/ELANE/S1PR1/CCR1/GPR18/LPAR1/IL23A/IL12A/SUCNR1/JAM3/ITGA2/F3/CCL7/CCL3/PLA2G7/VEGFC/CCL4/PRKD1/SEMA3F/SERPINE1/EDN1/TNFAIP6/AZU1/XCL1/THBS1",32
"GO:1901342","regulation of vasculature development","48/1328","375/18860",0.128,1.8178313253012,4.40263097185928,4.21907329146781e-05,0.00137577371847682,0.00112686979731531,"E2F2/TGFBR1/MYDGF/SPARC/PPARG/MDK/ANXA3/ZNF304/PF4/BRCA1/ITGB3/TERT/TNFRSF12A/ECM1/ADM/SPHK1/TJP1/CLDN5/GATA2/CREB3L1/TGM2/SPRY2/NFE2L2/F3/CAMP/CD34/ITGB8/ID1/EMILIN1/C3/ACVRL1/CCR3/FASLG/VEGFC/STAB1/CXCR4/CDH5/IL1B/PRKD1/NTRK1/PLK2/IL10/TNF/SERPINE1/DSG2/IL1A/TNFAIP3/THBS1",48
"GO:0019755","one-carbon compound transport","9/1328","26/18860",0.346153846153846,4.91601019462465,5.49922946126319,4.31677478723638e-05,0.00139920370798267,0.00114606085117174,"HBD/RHAG/HBG2/HBA2/AQP10/HBB/HBA1/SLC14A2/AQP9",9
"GO:0030195","negative regulation of blood coagulation","13/1328","52/18860",0.25,3.55045180722892,5.06862454282084,4.69578061942917e-05,0.00149592347227173,0.0012252821502248,"TFPI/PF4/GP1BA/PROS1/ALOX12/PRKG1/APOE/PDGFA/SERPING1/SERPINE1/EDN1/THBD/THBS1",13
"GO:0007272","ensheathment of neurons","26/1328","159/18860",0.163522012578616,2.32230810032583,4.60830741014351,4.69807851997402e-05,0.00149592347227173,0.0012252821502248,"KIF14/CLU/XK/SH3TC2/IGF1/PARD3/SLC8A3/KEL/NTRK3/TMEM163/CLDN5/FA2H/AMIGO1/GPC1/LPAR1/JAM3/NAB2/ACSBG1/NTRK2/CXCR4/WASF3/NFASC/CNTN2/ANK2/TNF/PMP22",26
"GO:0008366","axon ensheathment","26/1328","159/18860",0.163522012578616,2.32230810032583,4.60830741014351,4.69807851997402e-05,0.00149592347227173,0.0012252821502248,"KIF14/CLU/XK/SH3TC2/IGF1/PARD3/SLC8A3/KEL/NTRK3/TMEM163/CLDN5/FA2H/AMIGO1/GPC1/LPAR1/JAM3/NAB2/ACSBG1/NTRK2/CXCR4/WASF3/NFASC/CNTN2/ANK2/TNF/PMP22",26
"GO:0051447","negative regulation of meiotic cell cycle","8/1328","21/18860",0.380952380952381,5.41021227768216,5.56522663582091,5.25164938762683e-05,0.00166240807808328,0.00136164648942347,"PKMYT1/ZWINT/TRIP13/TTK/KNL1/FBXO43/FBXO5/HORMAD1",8
"GO:0006958","complement activation, classical pathway","11/1328","39/18860",0.282051282051282,4.00563793636083,5.17118716205009,5.39655965134816e-05,0.00169834752283416,0.0013910837975201,"IGHG1/C1QC/IGHG3/C1QB/CLU/IGHA2/IGHA1/C1QA/IGHG2/IGHG4/C3",11
"GO:0009410","response to xenobiotic stimulus","54/1328","443/18860",0.121896162528217,1.73114580217031,4.28587052224172,5.57222028849921e-05,0.00174349297234949,0.0014280615670921,"RAD54L/RAD51/CCNB1/CENPF/UCHL1/E2F1/GAS6/CD38/TP73/SMOX/MDK/SNCA/LCN2/PDE2A/MAP1B/ITGB3/ASS1/S100A12/RBP4/GRIN2A/MMP2/SLCO2B1/SLC1A3/SLC6A4/SULT1C4/PPP1R14A/NFE2L2/ITGA2/FECH/ACER2/IGFBP2/SLC1A2/TGIF1/CPS1/FOSB/VEGFC/ABCC3/IL1B/PDE3A/ACSL1/NTRK1/ABCG8/RORC/CRHBP/ERRFI1/IL10/CMBL/TNF/EDN1/KCNC1/SCNN1B/COL18A1/THBS1/LOX",54
"GO:0030261","chromosome condensation","12/1328","46/18860",0.260869565217391,3.70481927710843,5.05497760335093,5.81877631232321e-05,0.00180163355944899,0.00147568340396883,"PLK1/H1-5/NCAPG/TOP2A/H1-2/NCAPH/CCNB1/CDK1/H1-3/H1-4/FBXO30/H1-0",12
"GO:1900047","negative regulation of hemostasis","13/1328","53/18860",0.245283018867925,3.48346215048875,4.98285620798667,5.82460507858069e-05,0.00180163355944899,0.00147568340396883,"TFPI/PF4/GP1BA/PROS1/ALOX12/PRKG1/APOE/PDGFA/SERPING1/SERPINE1/EDN1/THBD/THBS1",13
"GO:0006261","DNA-templated DNA replication","27/1328","171/18860",0.157894736842105,2.24239061509195,4.49164911490343,6.33799298446657e-05,0.00194929295596123,0.00159662837623046,"TK1/CDT1/MCM10/CDC45/CDC6/RAD51/POLQ/MCM2/ORC1/EXO1/CDK1/TICRR/MCM6/FEN1/MCM4/E2F7/POLE2/E2F8/FBXO5/BRCA1/ORC6/GMNN/GINS1/EME1/CCNE2/CCNE1/AICDA",27
"GO:0090307","mitotic spindle assembly","16/1328","76/18860",0.210526315789474,2.98985415345593,4.78383992533014,6.41171997862676e-05,0.00196079923937601,0.00160605295171503,"PLK1/AURKB/TPX2/CDC20/BIRC5/KIF4A/UHRF1/MYBL2/KIFC1/KIF15/KIF11/NEK2/CDCA8/KIF23/HSPA1A/HSPA1B",16
"GO:1901989","positive regulation of cell cycle phase transition","22/1328","126/18860",0.174603174603175,2.47968062727099,4.58649198846327,6.44785266227472e-05,0.00196079923937601,0.00160605295171503,"RRM2/UBE2C/CDC20/BIRC5/DTL/CDC6/DLGAP5/SKA1/ESPL1/CCNB1/CDC25A/SKA3/CDC25C/CDK1/STIL/CHEK1/FBXO5/TERT/CCNE2/CCNE1/PBX1/KCNA5",22
"GO:0030198","extracellular matrix organization","43/1328","331/18860",0.129909365558912,1.84494776689841,4.26835473358108,7.37198034278989e-05,0.00222930332935875,0.00182597948861106,"PRDX4/CAV1/TGFBR1/GAS6/ADAMTS2/PPARG/PLOD2/CAV2/LAMC1/ADAMTS5/ITGB3/MMP8/KAZALD1/ADAMTS10/MMP2/ITGA8/ELANE/CREB3L1/FLRT2/MPZL3/ITGA2/HMCN1/MMP1/CCDC80/EMILIN1/GFAP/COL4A1/COL27A1/AXIN2/WT1/TIMP3/LAMA1/COL1A2/TNXB/OLFML2A/MMP25/COLGALT2/TNF/COL5A3/CTSG/PTX3/SH3PXD2B/LOX",43
"GO:0050921","positive regulation of chemotaxis","24/1328","145/18860",0.16551724137931,2.35064395513087,4.49337434530088,7.43318744097692e-05,0.00223532464544489,0.0018309114328301,"GAS6/MDK/MET/CTTN/NTRK3/S1PR1/CCR1/LPAR1/IL23A/IL12A/SUCNR1/ITGA2/F3/CCL7/CCL3/PLA2G7/VEGFC/CCL4/PRKD1/SERPINE1/EDN1/AZU1/XCL1/THBS1",24
"GO:0001938","positive regulation of endothelial cell proliferation","20/1328","110/18860",0.181818181818182,2.58214676889376,4.58020706138376,7.62015357937337e-05,0.00227542430047949,0.00186375628917122,"TGFBR1/HMGB2/MYDGF/EGF/EGFL7/MDK/BMP6/CAV2/ITGB3/ECM1/PLXNB3/ANG/GATA2/F3/ACVRL1/CCR3/PRKD1/IL10/NRARP/EGR3",20
"GO:0007056","spindle assembly involved in female meiosis","6/1328","12/18860",0.5,7.10090361445783,5.8182822719265,7.69264080893676e-05,0.00227542430047949,0.00186375628917122,"CCNB2/SKA1/SKA3/NDC80/AURKA/FBXO5",6
"GO:0090232","positive regulation of spindle checkpoint","6/1328","12/18860",0.5,7.10090361445783,5.8182822719265,7.69264080893676e-05,0.00227542430047949,0.00186375628917122,"AURKB/BIRC5/CDCA8/KNL1/NDC80/MAD2L1",6
"GO:0043062","extracellular structure organization","43/1328","332/18860",0.129518072289157,1.83939069531137,4.24679755192204,7.90604597498583e-05,0.00232583841644556,0.00190504952211901,"PRDX4/CAV1/TGFBR1/GAS6/ADAMTS2/PPARG/PLOD2/CAV2/LAMC1/ADAMTS5/ITGB3/MMP8/KAZALD1/ADAMTS10/MMP2/ITGA8/ELANE/CREB3L1/FLRT2/MPZL3/ITGA2/HMCN1/MMP1/CCDC80/EMILIN1/GFAP/COL4A1/COL27A1/AXIN2/WT1/TIMP3/LAMA1/COL1A2/TNXB/OLFML2A/MMP25/COLGALT2/TNF/COL5A3/CTSG/PTX3/SH3PXD2B/LOX",43
"GO:0051043","regulation of membrane protein ectodomain proteolysis","9/1328","28/18860",0.321428571428571,4.56486660929432,5.19537276870137,8.39199817292115e-05,0.00245545330324444,0.00201121458346196,"ADRA2A/APOE/RGMA/TIMP4/TIMP3/IL1B/IL10/TNF/PTPN3",9
"GO:0045229","external encapsulating structure organization","43/1328","333/18860",0.129129129129129,1.83386699952965,4.22531400980037,8.47505480171159e-05,0.00246642320654112,0.00202019982030613,"PRDX4/CAV1/TGFBR1/GAS6/ADAMTS2/PPARG/PLOD2/CAV2/LAMC1/ADAMTS5/ITGB3/MMP8/KAZALD1/ADAMTS10/MMP2/ITGA8/ELANE/CREB3L1/FLRT2/MPZL3/ITGA2/HMCN1/MMP1/CCDC80/EMILIN1/GFAP/COL4A1/COL27A1/AXIN2/WT1/TIMP3/LAMA1/COL1A2/TNXB/OLFML2A/MMP25/COLGALT2/TNF/COL5A3/CTSG/PTX3/SH3PXD2B/LOX",43
"GO:0051445","regulation of meiotic cell cycle","15/1328","70/18860",0.214285714285714,3.04324440619621,4.71355506900515,8.69918602752404e-05,0.00251811197684426,0.0020625370981104,"CDC20/PKMYT1/ASPM/ZWINT/TRIP13/CDC25A/CDC25C/TTK/KNL1/FBXO43/FBXO5/RAD51AP1/GPR3/HORMAD1/PDE3A",15
"GO:0045765","regulation of angiogenesis","46/1328","365/18860",0.126027397260274,1.78981680145238,4.19361222128772,8.80095913692795e-05,0.00253402084086122,0.00207556774270664,"E2F2/MYDGF/SPARC/PPARG/MDK/ANXA3/ZNF304/PF4/BRCA1/ITGB3/TERT/TNFRSF12A/ECM1/ADM/SPHK1/TJP1/CLDN5/GATA2/CREB3L1/TGM2/SPRY2/NFE2L2/F3/CAMP/CD34/ITGB8/ID1/EMILIN1/C3/ACVRL1/CCR3/FASLG/VEGFC/STAB1/CDH5/IL1B/PRKD1/NTRK1/PLK2/IL10/TNF/SERPINE1/DSG2/IL1A/TNFAIP3/THBS1",46
"GO:1901976","regulation of cell cycle checkpoint","12/1328","48/18860",0.25,3.55045180722892,4.86925918380379,9.13726608207869e-05,0.0026031590159101,0.00213219749239421,"AURKB/BIRC5/ZWINT/SKA1/RAD51/CCNB1/SKA3/CDCA8/KNL1/NDC80/MAD2L1/BRCA1",12
"GO:2001239","regulation of extrinsic apoptotic signaling pathway in absence of ligand","12/1328","48/18860",0.25,3.55045180722892,4.86925918380379,9.13726608207869e-05,0.0026031590159101,0.00213219749239421,"GATA1/HSPA1A/PF4/TERT/STRADB/HSPA1B/BCL2L1/IFI6/IL1B/TNF/IL1A/UNC5B",12
"GO:0001935","endothelial cell proliferation","30/1328","204/18860",0.147058823529412,2.08850106307583,4.30206840381254,9.84118100036346e-05,0.00278902161020772,0.0022844339693321,"CAV1/TGFBR1/HMGB2/MYDGF/EGF/SPARC/EGFL7/PPARG/MDK/BMP6/CAV2/ITGB3/ECM1/PLXNB3/ANG/GATA2/APOE/IL12A/APOA1/F3/CD34/ACVRL1/CCR3/PRKD1/IL10/TNF/PROK2/NRARP/THBS1/EGR3",30
"GO:0097530","granulocyte migration","24/1328","148/18860",0.162162162162162,2.30299576685119,4.37982133570456,0.000103539131355917,0.00291904853140405,0.00239093652012676,"MDK/PPBP/PF4/PF4V1/CCL25/ITGA1/S100A12/S100A9/MPP1/CXCL5/S100A8/ITGA9/IL23A/JAM3/PRTN3/CCL7/CCL3/PTGER4/CCL4/IL1B/EDN1/TNFAIP6/XCL1/THBS1",24
"GO:0040020","regulation of meiotic nuclear division","10/1328","35/18860",0.285714285714286,4.05765920826162,4.98308443379142,0.000104373569359816,0.00292732710334034,0.00239771733920669,"CDC20/ZWINT/TRIP13/KNL1/FBXO43/FBXO5/RAD51AP1/GPR3/HORMAD1/PDE3A",10
"GO:1905954","positive regulation of lipid localization","19/1328","104/18860",0.182692307692308,2.5945609360519,4.48776714566559,0.000106778661977566,0.00297934483136372,0.00244032405995391,"CAV1/PPARG/BMP6/CYP19A1/DENND5B/CETP/APOE/RETN/NTSR1/APOA1/SPP1/DAB2/C3/FASLG/IL1B/LIPG/ACSL1/ABCA13/EDN1",19
"GO:0050819","negative regulation of coagulation","13/1328","56/18860",0.232142857142857,3.29684810671256,4.73744089579439,0.000107354091034006,0.00298003946034396,0.00244089301719424,"TFPI/PF4/GP1BA/PROS1/ALOX12/PRKG1/APOE/PDGFA/SERPING1/SERPINE1/EDN1/THBD/THBS1",13
"GO:0031589","cell-substrate adhesion","46/1328","369/18860",0.124661246612466,1.77041499330656,4.11339434538568,0.000114098782618909,0.00315110566487834,0.00258101005580475,"KIF14/GAS6/ITGA2B/MDK/LIMS1/CD63/LAMC1/CCL25/ITGA1/ITGB3/ITGB5/CASS4/CTTN/ARHGAP6/TNFRSF12A/ITGA7/CDKN2A/FN1/ITGA8/EPDR1/DOCK1/VWF/PKHD1/ITGA9/JAM3/APOA1/ITGA2/CD34/ITGB8/CCDC80/ACER2/DAB2/EMILIN1/ACVRL1/POPDC1/TYRO3/SIGLEC1/LYVE1/TNXB/FREM1/SVEP1/SERPINE1/COL5A3/LYPD3/ITGAD/THBS1",46
"GO:1902749","regulation of cell cycle G2/M phase transition","21/1328","122/18860",0.172131147540984,2.44457337546909,4.40555412354525,0.000115717623153772,0.00317959134076837,0.00260434212515997,"PLK1/AURKB/PKMYT1/DTL/CLSPN/CDC6/CCNB1/CDC25A/CENPF/CDC25C/KIF14/ORC1/CDK1/TICRR/CHEK1/AURKA/FBXO5/BRCA1/GPR132/PBX1/FHL1",21
"GO:0002064","epithelial cell development","32/1328","226/18860",0.141592920353982,2.01087535984647,4.20766757738418,0.000121806780670503,0.00333000052408803,0.00272753939491843,"BHLHA15/BMP6/GATA1/PDE2A/MET/TMOD1/HYDIN/BFSP2/TJP1/EDNRB/CLDN5/GATA2/AR/PKHD1/FZD5/MAGI2/SLC4A5/ID1/CDH5/RAB13/IL1B/PAX6/NTRK1/WNT7A/EPAS1/SOX8/KLF5/MAGI1/TNF/ROBO4/COL18A1/FOXJ1",32
"GO:0007127","meiosis I","22/1328","132/18860",0.166666666666667,2.36696787148594,4.33752718089477,0.000131402989026607,0.00357429336482926,0.00292763496313181,"PLK1/CCNB2/ZWINT/TOP2A/TRIP13/ESPL1/RAD54L/RAD51/KNL1/NDC80/MND1/AURKA/FBXO5/PTTG1/RAD51AP1/DMC1/EME1/CCNE2/CCNE1/CCNA1/HORMAD1/SPDYA",22
"GO:0021681","cerebellar granular layer development","6/1328","13/18860",0.461538461538462,6.55468025949954,5.513815915508,0.000134345451640598,0.00359121497507177,0.00294149512868675,"KIF14/MDK/KNDC1/NRXN1/WNT7A/FAIM2",6
"GO:0032536","regulation of cell projection size","6/1328","13/18860",0.461538461538462,6.55468025949954,5.513815915508,0.000134345451640598,0.00359121497507177,0.00294149512868675,"XK/KEL/VIL1/WNT7A/CDHR5/CNTN2",6
"GO:0051610","serotonin uptake","6/1328","13/18860",0.461538461538462,6.55468025949954,5.513815915508,0.000134345451640598,0.00359121497507177,0.00294149512868675,"SNCA/ITGB3/SLC6A4/SLC18A2/SLC18A1/SLC22A3",6
"GO:0072378","blood coagulation, fibrin clot formation","7/1328","18/18860",0.388888888888889,5.5229250334672,5.28365897547212,0.00013467885459811,0.00359121497507177,0.00294149512868675,"GP9/ITGB3/GP1BA/FN1/F13A1/THBD/THBS1",7
"GO:0006936","muscle contraction","46/1328","372/18860",0.123655913978495,1.75613745303796,4.05387068146241,0.000138071844502713,0.0036636416386921,0.00300081841612708,"MYL6B/CAV1/MYL9/CD38/ADGRD1/SCN1B/TNNT1/SLC6A8/MYLK/CTTN/TMOD1/CALD1/SPX/JSRP1/OXTR/SMTN/SLC8A3/EHD3/PRKG1/SPHK1/ADRA2A/EDNRB/ADORA1/PTGER3/TNNC2/RYR2/ASPH/TIFAB/ITGA2/CNN1/ARHGAP42/MYL4/FKBP1B/PRKD1/STAC/ATP2A1/KCNA5/ANK2/TNF/EDN1/SCNN1B/DSG2/CACNA1D/PROK2/MYOM2/SCN3B",46
"GO:1990266","neutrophil migration","19/1328","106/18860",0.179245283018868,2.54560695612639,4.39185180513019,0.000138879537710871,0.00366709725672657,0.00300364884640919,"MDK/PPBP/PF4/PF4V1/ITGA1/S100A12/S100A9/MPP1/CXCL5/S100A8/ITGA9/IL23A/JAM3/PRTN3/CCL3/IL1B/EDN1/TNFAIP6/XCL1",19
"GO:0045071","negative regulation of viral genome replication","12/1328","50/18860",0.24,3.40843373493976,4.69318790664344,0.000139660661466666,0.00366982116756826,0.00300587994940008,"APOBEC3B/IFITM3/LTF/APOBEC3A/SLPI/APOBEC3H/OASL/AICDA/MX1/ISG15/TNF/RSAD2",12
"GO:0007143","female meiotic nuclear division","11/1328","43/18860",0.255813953488372,3.63302045390866,4.75724923481502,0.000142695103514742,0.0037314424894942,0.00305635278924024,"PLK1/CCNB2/TOP2A/SKA1/TRIP13/NCAPH/SKA3/TTK/NDC80/AURKA/FBXO5",11
"GO:0072577","endothelial cell apoptotic process","15/1328","73/18860",0.205479452054795,2.91817956758541,4.51923171722581,0.000143674434896537,0.00373898901968729,0.00306253400700514,"GAS6/ITGB3/TERT/GATA2/NFE2L2/F3/ID1/FASLG/CDH5/IL10/CD248/TNF/SERPINE1/TNFAIP3/THBS1",15
"GO:0097191","extrinsic apoptotic signaling pathway","33/1328","239/18860",0.138075313807531,1.9609189897666,4.11459281368152,0.000156368350534766,0.00404986546145784,0.00331716692244993,"IFI27/ITM2C/CAV1/TGFBR1/HMGB2/IGF1/GATA1/LCN2/HSPA1A/PF4/BRCA1/TERT/CTTN/TNFRSF12A/BEX3/STRADB/HSPA1B/BCL2L1/AR/IFI6/IL12A/KRT8/FASLG/IL1B/FAIM2/TNF/SERPINE1/ATF3/IL1A/TNFAIP3/THBS1/BCL2L14/UNC5B",33
"GO:0090287","regulation of cellular response to growth factor stimulus","47/1328","385/18860",0.122077922077922,1.73372711625724,4.00327429103581,0.0001592706568172,0.00410539078738811,0.00336264664919321,"CAV1/PPARG/TGFB1I1/CAV2/HSPA1A/CD63/MMRN1/PCSK6/ITGB3/FSTL1/WASF1/LTBP1/KCP/CD109/VEPH1/ITGA8/GRB10/GPC1/SAP30/CREB3L1/LRP2/TSC22D1/SPRY2/IL12A/NOG/HTRA1/FBN1/FGF9/EMILIN1/FST/MIR573/ACVRL1/RGMA/FAM20C/VEGFC/NRXN1/CDH5/IL1B/RBPMS2/TNXB/HES1/TNFAIP6/TMEM108/THBS1/LOX/SHISA2/SKOR1",47
"GO:0031644","regulation of nervous system process","21/1328","125/18860",0.168,2.38590361445783,4.27862103524704,0.000164948345337931,0.00423158954177355,0.00346601362216694,"FABP5/IGF1/SPX/PARD3/SLC8A3/GRIN2A/NLGN1/ADORA1/MGLL/NTSR1/ITGA2/GRIN2B/CCL3/NRXN1/WASF3/ZFHX2/WNT7A/CHRNA2/TNF/TMEM108/RELN",21
"GO:0001936","regulation of endothelial cell proliferation","27/1328","181/18860",0.149171270718232,2.11850163083272,4.16142177017269,0.000168976625763786,0.00431448337386498,0.00353391036602318,"CAV1/TGFBR1/HMGB2/MYDGF/EGF/SPARC/EGFL7/PPARG/MDK/BMP6/CAV2/ITGB3/ECM1/PLXNB3/ANG/GATA2/APOE/IL12A/F3/ACVRL1/CCR3/PRKD1/IL10/TNF/NRARP/THBS1/EGR3",27
"GO:2000351","regulation of endothelial cell apoptotic process","14/1328","67/18860",0.208955223880597,2.96754180902715,4.44023494941519,0.00019681257321913,0.00500162656730118,0.00409673614232259,"GAS6/ITGB3/TERT/GATA2/NFE2L2/F3/ID1/FASLG/CDH5/CD248/TNF/SERPINE1/TNFAIP3/THBS1",14
"GO:1903706","regulation of hemopoiesis","52/1328","443/18860",0.117381489841986,1.66702929097881,3.91002884403074,0.000197773041455532,0.00500254894111586,0.00409749164097738,"C1QC/HMGB3/HMGB2/GAS6/MDK/H4C8/GATA1/LGALS1/H4C9/HSPA1A/MAFB/PF4/MPL/FAXDC2/LTF/GFI1B/CDKN2A/MEIS1/MTURN/HSPA1B/ZBTB46/RHEX/H4C12/CCR1/TAL1/GATA2/HLX/IL23R/H4C11/GPR68/TSC22D1/IL23A/LILRB4/H4C14/FBN1/CCL3/H4C4/TNFSF4/H4C2/SCIN/H4C6/ISG15/CD83/IL10/TNF/VNN1/TNFAIP6/DCSTAMP/NRARP/LOX/EGR3/FOXJ1",52
"GO:0034508","centromere complex assembly","9/1328","31/18860",0.290322580645161,4.1231053245239,4.7895695791177,0.000202096273079155,0.00508812616826728,0.00416758630212681,"HJURP/CENPA/DLGAP5/CENPF/CENPE/OIP5/CENPW/CENPN/CENPI",9
"GO:0010001","glial cell differentiation","35/1328","263/18860",0.133079847908745,1.88997434605342,4.00015254674284,0.000208570018707432,0.00522680329288579,0.00428117406820518,"CDK1/CDKN2C/CLU/TP73/SH3TC2/PHGDH/MDK/IGF1/S100A9/PARD3/C1QA/SLC8A3/NTRK3/S100A8/FA2H/TAL1/GPC1/LPAR1/NOG/NAB2/NTRK2/GFAP/CXCR4/WASF3/IL1B/CNTF/MYCN/PAX6/SOX8/NFIB/HES1/CNTN2/TNF/MXRA8/RELN",35
"GO:0008217","regulation of blood pressure","29/1328","203/18860",0.142857142857143,2.02882960413081,4.05614248303971,0.000212601272459216,0.00530327505908633,0.00434381062138354,"MANF/GAS6/PPARG/SLC2A5/ADM/SPX/OXTR/PTGS1/EDNRB/ADORA1/HBB/AR/SUCNR1/NTSR1/SLC4A5/ARHGAP42/NPR3/EMILIN1/ACVRL1/VEGFC/COL1A2/KL/TNF/EDN1/CTSG/SCNN1B/GLP1R/CPA3/CORIN",29
"GO:0007611","learning or memory","37/1328","284/18860",0.130281690140845,1.8502354488376,3.97342402739181,0.000214907699325113,0.00533621732315062,0.00437079299641418,"FEN1/MDK/B4GALT2/LCN2/NRGN/PGRMC1/PRKAR2B/SLC8A3/GRIN2A/ITGA8/CLDN5/APOE/SLC6A4/EPHB2/TIFAB/SHANK2/MAP1A/NTSR1/NRXN3/NOG/SLC7A11/GRIN2B/PTCHD1/BTG2/NTRK2/NRXN1/FOXB1/NTRK1/SORCS3/PLK2/CRHBP/CNTN2/PRRT1/DNAH11/TANC1/GLP1R/RELN",37
"GO:0051231","spindle elongation","6/1328","14/18860",0.428571428571429,6.08648881239243,5.23980536053963,0.000221106564795601,0.00544022652381176,0.00445598493262713,"AURKB/BIRC5/KIF4A/KIF11/CDCA8/KIF23",6
"GO:1901993","regulation of meiotic cell cycle phase transition","6/1328","14/18860",0.428571428571429,6.08648881239243,5.23980536053963,0.000221106564795601,0.00544022652381176,0.00445598493262713,"PKMYT1/ZWINT/CDC25A/CDC25C/TTK/KNL1",6
"GO:0042327","positive regulation of phosphorylation","34/1328","254/18860",0.133858267716535,1.90102931410682,3.97898138461795,0.000228347396405533,0.00559296134272918,0.00458108708578282,"TPX2/CLSPN/KIF14/CENPE/MYDGF/GAS6/EGF/FAM20A/IGF1/FAXDC2/LTF/CASS4/S100A12/MMD/SPHK1/STRADB/ELANE/GRB10/ANG/CSPG4/SPRY2/IL12A/FBN1/PDGFA/TOM1L1/C3/PILRB/SPDYA/CNTF/FLT3/HES1/TNF/OSM/THBS1",34
"GO:0006939","smooth muscle contraction","19/1328","110/18860",0.172727272727273,2.45303943044907,4.20645011617046,0.000229382640095065,0.00559301004880444,0.00458112697999247,"CAV1/CD38/MYLK/CTTN/SPX/SMTN/PRKG1/SPHK1/ADRA2A/EDNRB/PTGER3/TIFAB/ITGA2/CNN1/ARHGAP42/FKBP1B/EDN1/SCNN1B/PROK2",19
"GO:0045639","positive regulation of myeloid cell differentiation","19/1328","111/18860",0.171171171171171,2.4309399761207,4.16137149870077,0.000258809307435511,0.0062548983206245,0.00512326693563651,"HMGB2/GATA1/HSPA1A/PF4/MPL/FAXDC2/MTURN/HSPA1B/RHEX/CCR1/TAL1/GATA2/IL23R/GPR68/IL23A/SCIN/ISG15/TNF/DCSTAMP",19
"GO:0007292","female gamete generation","26/1328","176/18860",0.147727272727273,2.09799424972618,4.02776484572666,0.000258839317166061,0.0062548983206245,0.00512326693563651,"PLK1/ASPM/CCNB2/TOP2A/SKA1/TRIP13/NCAPH/CCNB1/SKA3/TTK/NDC80/AURKA/FBXO5/MDK/IGF1/DMC1/HROB/MMP2/ANG/HORMAD1/TDRD6/SPDYA/PDE3A/EDN1/TNFAIP6/PTX3",26
"GO:0007160","cell-matrix adhesion","33/1328","246/18860",0.134146341463415,1.90512048192771,3.9327535175974,0.000269293164766294,0.00647859511502199,0.00530649267834212,"ITGA2B/LIMS1/CD63/CCL25/ITGA1/ITGB3/ITGB5/CTTN/ARHGAP6/ITGA7/CDKN2A/FN1/ITGA8/EPDR1/PKHD1/ITGA9/JAM3/ITGA2/CD34/ITGB8/ACER2/EMILIN1/ACVRL1/SIGLEC1/LYVE1/TNXB/FREM1/SVEP1/SERPINE1/COL5A3/LYPD3/ITGAD/THBS1",33
"GO:0014075","response to amine","11/1328","46/18860",0.239130434782609,3.3960843373494,4.47798962524016,0.000272286030671253,0.00652161187621014,0.00534172688023902,"GLDC/CDK1/ASS1/GRIN2A/ITGA2/CPS1/FOSB/SLC18A2/EDN1/KCNC1/NR4A2",11
"GO:0003073","regulation of systemic arterial blood pressure","19/1328","112/18860",0.169642857142857,2.40923515490534,4.11677986054365,0.000291479333538311,0.00695056225745761,0.0056930718890024,"MANF/GAS6/SLC2A5/ADM/SPX/OXTR/EDNRB/ADORA1/AR/SUCNR1/NTSR1/SLC4A5/ARHGAP42/KL/TNF/EDN1/CTSG/CPA3/CORIN",19
"GO:0071168","protein localization to chromatin","13/1328","62/18860",0.209677419354839,2.97779828993393,4.29303724158437,0.000318040340783526,0.00742610180505092,0.00608257718803163,"PLK1/CENPA/ESCO2/H2BC11/H4C8/H4C9/H2AC8/H4C12/H4C11/H4C14/H4C4/H4C2/H4C6",13
"GO:0001660","fever generation","5/1328","10/18860",0.5,7.10090361445783,5.3110589675635,0.000320830816296037,0.00742610180505092,0.00608257718803163,"EDNRB/PTGER3/IL1B/TNF/IL1A",5
"GO:0009750","response to fructose","5/1328","10/18860",0.5,7.10090361445783,5.3110589675635,0.000320830816296037,0.00742610180505092,0.00608257718803163,"CA1/LCN2/SLC2A5/GCKR/TNF",5
"GO:0033313","meiotic cell cycle checkpoint signaling","5/1328","10/18860",0.5,7.10090361445783,5.3110589675635,0.000320830816296037,0.00742610180505092,0.00608257718803163,"ZWINT/TRIP13/TTK/KNL1/HORMAD1",5
"GO:0035747","natural killer cell chemotaxis","5/1328","10/18860",0.5,7.10090361445783,5.3110589675635,0.000320830816296037,0.00742610180505092,0.00608257718803163,"KLRK1/CCL7/CCL3/CCL4/XCL1",5
"GO:0051307","meiotic chromosome separation","5/1328","10/18860",0.5,7.10090361445783,5.3110589675635,0.000320830816296037,0.00742610180505092,0.00608257718803163,"ZWINT/ESPL1/NCAPH/TTK/KNL1",5
"GO:0009612","response to mechanical stimulus","31/1328","228/18860",0.135964912280702,1.93094747410695,3.89229277811112,0.000321024907146114,0.00742610180505092,0.00608257718803163,"CCNB1/CHEK1/MDK/BMP6/PDE2A/MAP1B/ITGB3/WNT11/TNFRSF8/MMP2/SLC1A3/PKD1L2/PIEZO2/RETN/RYR2/TIFAB/ITGA2/BTG2/IGFBP2/PTGER4/FOSB/NRXN1/IL1B/PHF24/NTRK1/KCNA5/MPO/TNF/EDN1/KCNC1/THBS1",31
"GO:0001504","neurotransmitter uptake","11/1328","47/18860",0.234042553191489,3.32382722378877,4.39001873027535,0.000333125552156678,0.00764071446535635,0.00625836229118613,"SLC6A9/SNCA/ITGB3/SLC1A3/SLC6A4/SLC1A2/GFAP/RAB3B/SLC18A2/SLC18A1/SLC22A3",11
"GO:0051294","establishment of spindle orientation","11/1328","47/18860",0.234042553191489,3.32382722378877,4.39001873027535,0.000333125552156678,0.00764071446535635,0.00625836229118613,"PLK1/CENPA/SKA1/SKA3/NDC80/SPAG5/MAD2L1/SAPCD2/PKHD1/SPRY2/PAX6",11
"GO:0042310","vasoconstriction","16/1328","87/18860",0.183908045977011,2.61182661681208,4.14718821958477,0.000337145294783512,0.00770028472853649,0.0063071551482485,"CAV1/MANF/CD38/ADM/OXTR/KEL/ADRA2A/MMP2/EDNRB/SLC6A4/ITGA9/ARHGAP42/SVEP1/KCNA5/EDN1/SCNN1B",16
"GO:0050890","cognition","41/1328","333/18860",0.123123123123123,1.74857086001664,3.79310722686079,0.00034026707142175,0.00773893133447872,0.00633880984001952,"FEN1/MDK/B4GALT2/LCN2/NRGN/PGRMC1/PRKAR2B/SLC8A3/GRIN2A/ITGA8/ADORA1/CLDN5/APOE/SLC6A4/EPHB2/TIFAB/SHANK2/MAP1A/NTSR1/NRXN3/NOG/SLC7A11/GRIN2B/PTCHD1/BTG2/NTRK2/NRXN1/MGAT3/FOXB1/NTRK1/SORCS3/PLK2/CRHBP/CNTN2/PRRT1/DNAH11/TNF/TANC1/GLP1R/SHROOM4/RELN",41
"GO:0009636","response to toxic substance","35/1328","270/18860",0.12962962962963,1.84097501115573,3.83060979891026,0.000345597811994963,0.00775269245618853,0.00635008131019205,"RAD51/CCNB1/PRDX4/CDK1/DHFR/MT1E/MT1G/LCN2/HBA2/MT2A/MAP1B/ALDH1A1/ASS1/S100A9/PTGS1/AQP10/HBB/APOE/HBA1/SLC6A4/NFE2L2/SLC7A11/FECH/CCL3/MGST1/SLC47A1/CPS1/CCL4/SLC18A2/AQP9/MPO/TNF/EDN1/KCNC1/SLC22A3",35
"GO:0015670","carbon dioxide transport","6/1328","15/18860",0.4,5.68072289156626,4.99117877947004,0.000346601066764756,0.00775269245618853,0.00635008131019205,"HBD/RHAG/HBG2/HBA2/HBB/HBA1",6
"GO:0070493","thrombin-activated receptor signaling pathway","6/1328","15/18860",0.4,5.68072289156626,4.99117877947004,0.000346601066764756,0.00775269245618853,0.00635008131019205,"STMN1/SNCA/MET/GP1BA/F2RL3/SERPINE1",6
"GO:1904666","regulation of ubiquitin protein ligase activity","6/1328","15/18860",0.4,5.68072289156626,4.99117877947004,0.000346601066764756,0.00775269245618853,0.00635008131019205,"PLK1/UBE2C/CDC20/MAD2L1/FBXO5/CDKN2A",6
"GO:0007188","adenylate cyclase-modulating G protein-coupled receptor signaling pathway","36/1328","281/18860",0.128113879003559,1.81944861295717,3.80895949053919,0.000359850871256471,0.00801593730909991,0.00656570010713561,"TSHR/ADGRD1/PDE2A/PF4/PRKAR2B/ITGB3/PTGDR2/ADM/ADRA2A/S1PR1/ADORA1/GPR174/PTGER3/GNAZ/GPR18/GPR68/LPAR1/ADCY2/PDE10A/HTR1F/GPR3/CCR3/PTGER4/CXCR4/PTGFR/PDE3A/OPRM1/MRAP2/ADCY6/GRM4/EDN1/SSTR2/GLP1R/CACNA1D/ADGRG3/HTR6",36
"GO:0097192","extrinsic apoptotic signaling pathway in absence of ligand","14/1328","71/18860",0.197183098591549,2.80035635499745,4.18290936070576,0.00037178385770242,0.00824754825813373,0.00675540818171834,"IGF1/GATA1/LCN2/HSPA1A/PF4/TERT/STRADB/HSPA1B/BCL2L1/IFI6/IL1B/TNF/IL1A/UNC5B",14
"GO:0007062","sister chromatid cohesion","13/1328","63/18860",0.206349206349206,2.93053165041117,4.22421064770819,0.000375262716166123,0.00824754825813373,0.00675540818171834,"PLK1/CDC20/BUB1/CDCA5/ESPL1/BUB1B/ESCO2/FEN1/SGO1/DSCC1/HASPIN/AXIN2/HORMAD1",13
"GO:0070542","response to fatty acid","13/1328","63/18860",0.206349206349206,2.93053165041117,4.22421064770819,0.000375262716166123,0.00824754825813373,0.00675540818171834,"CCNB1/GLDC/E2F1/ASS1/SCD/FFAR2/FFAR1/CAMP/CPS1/ACSL1/HES1/ID3/EDN1",13
"GO:0051302","regulation of cell division","27/1328","190/18860",0.142105263157895,2.01815155358275,3.88203732355845,0.000376342955802518,0.00824754825813373,0.00675540818171834,"PLK1/AURKB/BIRC5/ASPM/KIF20A/CDC6/KIF14/CDCA8/KIF18B/E2F7/KIF23/E2F8/AURKA/CIT/MDK/PPBP/TAL1/MACC1/BCL2L1/PDGFA/FGF9/VEGFC/IL1B/PAX6/INTU/IL1A/OSM",27
"GO:0007193","adenylate cyclase-inhibiting G protein-coupled receptor signaling pathway","17/1328","97/18860",0.175257731958763,2.48897652465532,4.04636648911265,0.000402909703273492,0.00878283131742041,0.00719384824233566,"PDE2A/ITGB3/PTGDR2/ADRA2A/S1PR1/ADORA1/GNAZ/LPAR1/HTR1F/PTGER4/CXCR4/OPRM1/ADCY6/GRM4/EDN1/SSTR2/ADGRG3",17
"GO:0001934","positive regulation of protein phosphorylation","31/1328","231/18860",0.134199134199134,1.90587023418349,3.8125877213425,0.000404013485689577,0.00878283131742041,0.00719384824233566,"TPX2/CLSPN/KIF14/CENPE/MYDGF/GAS6/EGF/FAM20A/IGF1/FAXDC2/LTF/CASS4/S100A12/MMD/SPHK1/STRADB/ELANE/CSPG4/SPRY2/IL12A/FBN1/PDGFA/TOM1L1/C3/PILRB/SPDYA/CNTF/FLT3/HES1/TNF/OSM",31
"GO:0051383","kinetochore organization","7/1328","21/18860",0.333333333333333,4.73393574297189,4.71183637993774,0.000408033526664293,0.00883474191933527,0.00723636721814738,"CENPA/DLGAP5/CENPF/NUF2/NDC80/CENPE/CENPW",7
"GO:0035296","regulation of tube diameter","24/1328","162/18860",0.148148148148148,2.10397144132084,3.88383172630808,0.000420480869884115,0.00903199582810602,0.00739793410172053,"CAV1/MANF/CD38/ITGA1/ADM/OXTR/PRKG1/KEL/ADRA2A/MMP2/EDNRB/ADORA1/HBB/APOE/SLC6A4/ITGA9/ARHGAP42/CPS1/SVEP1/ADCY6/KCNA5/TNF/EDN1/SCNN1B",24
"GO:0097746","blood vessel diameter maintenance","24/1328","162/18860",0.148148148148148,2.10397144132084,3.88383172630808,0.000420480869884115,0.00903199582810602,0.00739793410172053,"CAV1/MANF/CD38/ITGA1/ADM/OXTR/PRKG1/KEL/ADRA2A/MMP2/EDNRB/ADORA1/HBB/APOE/SLC6A4/ITGA9/ARHGAP42/CPS1/SVEP1/ADCY6/KCNA5/TNF/EDN1/SCNN1B",24
"GO:0035150","regulation of tube size","24/1328","163/18860",0.147239263803681,2.09106364106734,3.85035309761083,0.000460868620021702,0.00986040253034575,0.0080764661016493,"CAV1/MANF/CD38/ITGA1/ADM/OXTR/PRKG1/KEL/ADRA2A/MMP2/EDNRB/ADORA1/HBB/APOE/SLC6A4/ITGA9/ARHGAP42/CPS1/SVEP1/ADCY6/KCNA5/TNF/EDN1/SCNN1B",24
"GO:0002673","regulation of acute inflammatory response","11/1328","49/18860",0.224489795918367,3.18816080649127,4.22098656589812,0.000489428512816737,0.0104302225979409,0.0085431947616415,"EDNRB/ADORA1/FFAR2/PTGER3/FCGR1A/C3/IL1B/CREB3L3/PLA2G2D/TNF/OSM",11
"GO:0038034","signal transduction in absence of ligand","14/1328","73/18860",0.191780821917808,2.72363426307972,4.06088291327821,0.000500514755905375,0.0106246524459443,0.00870244851134548,"IGF1/GATA1/LCN2/HSPA1A/PF4/TERT/STRADB/HSPA1B/BCL2L1/IFI6/IL1B/TNF/IL1A/UNC5B",14
"GO:0002688","regulation of leukocyte chemotaxis","20/1328","126/18860",0.158730158730159,2.2542551157009,3.88775181186292,0.00050327528593521,0.0106415200108097,0.00871626440937132,"GAS6/MDK/KLRK1/CYP19A1/MPP1/CCR1/GPR18/IL23A/IL12A/JAM3/CCL7/CCL3/PLA2G7/VEGFC/CCL4/SERPINE1/EDN1/TNFAIP6/XCL1/THBS1",20
"GO:0007409","axonogenesis","53/1328","472/18860",0.11228813559322,1.59469445578926,3.60114226086663,0.00050966715571799,0.0107068682688235,0.00876978991089381,"UCHL1/XK/STMN1/DCC/SCN1B/MAP1B/PGRMC1/CTTN/TNFRSF12A/SEMA4C/PARD3/PLXNB3/PRKG1/KEL/FN1/NTRK3/AMIGO1/APOE/EPHB2/FLRT2/MAP1A/HMCN2/NRXN3/NOG/NEXN/SPP1/NELL2/RGMA/NTRK2/COBL/NRXN1/NOTCH3/FOXB1/OLFM1/PAX6/NTRK1/SEMA3F/NFASC/WNT7A/NFIB/CNTN2/SEMA3B/NRCAM/PLPPR4/EDN1/PTPRH/ROBO4/NR4A2/NR4A3/BOC/RELN/DCHS2/UNC5B",53
"GO:0002675","positive regulation of acute inflammatory response","8/1328","28/18860",0.285714285714286,4.05765920826162,4.45617778380663,0.000514811908335916,0.0107068682688235,0.00876978991089381,"FFAR2/PTGER3/FCGR1A/C3/IL1B/CREB3L3/TNF/OSM",8
"GO:0048146","positive regulation of fibroblast proliferation","12/1328","57/18860",0.210526315789474,2.98985415345593,4.14083320765188,0.000514895889145117,0.0107068682688235,0.00876978991089381,"CCNA2/CDC6/CCNB1/E2F1/GAS6/IGF1/ITGB3/SPHK1/FN1/PDGFA/TGIF1/CD248",12
"GO:0051781","positive regulation of cell division","17/1328","99/18860",0.171717171717172,2.43869417062188,3.95003302155724,0.000515149810858363,0.0107068682688235,0.00876978991089381,"AURKB/BIRC5/CDC6/KIF14/CDCA8/KIF23/CIT/MDK/PPBP/TAL1/MACC1/PDGFA/FGF9/VEGFC/IL1B/IL1A/OSM",17
"GO:0045428","regulation of nitric oxide biosynthetic process","13/1328","65/18860",0.2,2.84036144578313,4.09054596004118,0.000516255794968215,0.0107068682688235,0.00876978991089381,"CAV1/CLU/IGF1/KLRK1/ASS1/HBB/APOE/IL1B/OPRM1/IL10/TNF/EDN1/PTX3",13
"GO:0030174","regulation of DNA-templated DNA replication initiation","6/1328","16/18860",0.375,5.32567771084337,4.76398339500658,0.000521637428505706,0.010777188551532,0.00882738790223397,"CDT1/MCM2/TICRR/MCM6/MCM4/GMNN",6
"GO:0051702","biological process involved in interaction with symbiont","10/1328","42/18860",0.238095238095238,3.38138267355135,4.25216138624094,0.000532493564712102,0.0109596489193407,0.00897683768087803,"GAPDH/PF4/LTF/FN1/ELANE/CAMP/ARG1/AZU1/CTSG/SCNN1B",10
"GO:0071674","mononuclear cell migration","31/1328","235/18860",0.131914893617021,1.87342988977185,3.70814302792197,0.000543940323176445,0.0111087180163705,0.00909893731172564,"GAS6/MDK/KLRK1/PF4/CYP19A1/ITGB3/CD200R1/S100A12/ECM1/MMP2/EDNRB/S1PR1/GCSAML/CCR1/IL12A/JAM3/CCL7/CCL3/PLA2G7/EMILIN1/CXCR4/CH25H/CCL4/HSD3B7/CCL20/TNF/SERPINE1/AZU1/CTSG/XCL1/THBS1",31
"GO:0019227","neuronal action potential propagation","5/1328","11/18860",0.454545454545455,6.45536692223439,4.98102576564147,0.0005541019516756,0.0111087180163705,0.00909893731172564,"SCN1B/NTRK3/FKBP1B/NTRK2/NRCAM",5
"GO:0032060","bleb assembly","5/1328","11/18860",0.454545454545455,6.45536692223439,4.98102576564147,0.0005541019516756,0.0111087180163705,0.00909893731172564,"ANLN/MYLK/LPAR1/EMP1/PMP22",5
"GO:0045654","positive regulation of megakaryocyte differentiation","5/1328","11/18860",0.454545454545455,6.45536692223439,4.98102576564147,0.0005541019516756,0.0111087180163705,0.00909893731172564,"HMGB2/FAXDC2/MTURN/GATA2/SCIN",5
"GO:0051256","mitotic spindle midzone assembly","5/1328","11/18860",0.454545454545455,6.45536692223439,4.98102576564147,0.0005541019516756,0.0111087180163705,0.00909893731172564,"AURKB/BIRC5/KIF4A/CDCA8/KIF23",5
"GO:0071314","cellular response to cocaine","5/1328","11/18860",0.454545454545455,6.45536692223439,4.98102576564147,0.0005541019516756,0.0111087180163705,0.00909893731172564,"CCNA2/SLC1A3/TGM2/SLC1A2/CRHBP",5
"GO:0090267","positive regulation of mitotic cell cycle spindle assembly checkpoint","5/1328","11/18860",0.454545454545455,6.45536692223439,4.98102576564147,0.0005541019516756,0.0111087180163705,0.00909893731172564,"AURKB/BIRC5/CDCA8/NDC80/MAD2L1",5
"GO:0072376","protein activation cascade","7/1328","22/18860",0.318181818181818,4.51875684556407,4.54491576020879,0.000562307927862744,0.0112316339982326,0.00919961542885173,"GP9/ITGB3/GP1BA/FN1/F13A1/THBD/THBS1",7
"GO:0010721","negative regulation of cell development","36/1328","288/18860",0.125,1.77522590361446,3.64869716374003,0.000573903472380574,0.0114211010882208,0.00935480427889698,"C1QC/HMGB3/DCC/MDK/IGF1/LGALS1/MAFB/LTF/CDKN2A/NTRK3/EDNRB/ZBTB46/GATA2/HLX/GPR68/TSC22D1/EPHB2/LILRB4/NOG/FBN1/CCL3/SPP1/BTG2/TNFSF4/RGMA/IL1B/MYCN/PAX6/SEMA3F/WNT7A/HES1/TNF/TNFAIP6/TRPC6/NRARP/FOXJ1",36
"GO:0051653","spindle localization","13/1328","66/18860",0.196969696969697,2.79732566630157,4.02561066026115,0.000602088516276859,0.011914570441722,0.00975899553716359,"PLK1/ASPM/CENPA/SKA1/ESPL1/SKA3/NDC80/SPAG5/MAD2L1/SAPCD2/PKHD1/SPRY2/PAX6",13
"GO:0007204","positive regulation of cytosolic calcium ion concentration","24/1328","166/18860",0.144578313253012,2.05327333430106,3.75134192641301,0.000603102217075898,0.011914570441722,0.00975899553716359,"CAV1/CD38/GATA1/SLC8A3/PRKG1/EDNRB/CCR1/GATA2/PTGER3/FFAR1/RYR2/CACNA1A/ASPH/LPAR1/FKBP1B/CCR3/PTGER4/CCRL2/CXCR4/PTGFR/EDN1/GLP1R/TRPC6/PROK2",24
"GO:0048732","gland development","51/1328","454/18860",0.112334801762115,1.59535719972401,3.53401561689893,0.000638019281373371,0.012558539527542,0.0102864582321326,"CCNB2/NME1/CAV1/TGFBR1/E2F7/E2F8/AURKA/EGF/MDK/IGF1/RAP1GAP/MAFB/CYP19A1/MET/ASS1/IQGAP3/WNT11/CDKN2A/MESP1/OXTR/TUBB1/MMP2/FA2H/GATA2/HLX/AR/TGM2/NOG/PBX1/APOA1/ITGA2/PDGFA/EDAR/CPS1/COBL/WT1/FOXB1/LAMA1/HESX1/PAX6/FLT3/MTCO2P12/ERRFI1/NFIB/HES1/IL10/TNF/EDN1/CCDC40/IRF6/TNFAIP3",51
"GO:0000578","embryonic axis specification","10/1328","43/18860",0.232558139534884,3.30274586718969,4.16052066682564,0.000650614310529483,0.0127139901187584,0.0104137848221554,"STIL/PCSK6/MESP1/TIFAB/FZD5/COBL/WT1/TDRD6/WNT7A/NRARP",10
"GO:0090329","regulation of DNA-templated DNA replication","10/1328","43/18860",0.232558139534884,3.30274586718969,4.16052066682564,0.000650614310529483,0.0127139901187584,0.0104137848221554,"CDT1/MCM2/TICRR/MCM6/MCM4/E2F7/E2F8/FBXO5/GMNN/AICDA",10
"GO:0010971","positive regulation of G2/M transition of mitotic cell cycle","8/1328","29/18860",0.275862068965517,3.91773992521811,4.32764394505416,0.00066745542127714,0.0129961733646516,0.0106449156926138,"DTL/CCNB1/CDC25A/CDC25C/CDK1/CHEK1/FBXO5/PBX1",8
"GO:0051873","killing by host of symbiont cells","9/1328","36/18860",0.25,3.55045180722892,4.21555783254728,0.000685690319345625,0.0133033752638633,0.0108965388609084,"GAPDH/PF4/LTF/ELANE/CAMP/ARG1/AZU1/CTSG/SCNN1B",9
"GO:0006275","regulation of DNA replication","19/1328","120/18860",0.158333333333333,2.24861947791165,3.77640506962607,0.00070945938466932,0.013715370175768,0.0112339959707789,"CCNA2/CDT1/CDC6/CDC25A/ESCO2/MCM2/CDK1/TICRR/MCM6/MCM4/E2F7/E2F8/FBXO5/DSCC1/GMNN/AICDA/ACVRL1/INO80B/ID3",19
"GO:0003158","endothelium development","22/1328","149/18860",0.147651006711409,2.09691113447077,3.69963361257031,0.00075038294971047,0.0144075012287172,0.0118009072068912,"BMP6/LCN2/PDE2A/SCUBE1/MET/FSTL1/MESP1/TJP1/EDNRB/S1PR1/CLDN5/CD34/ID1/ACVRL1/CDH5/IL1B/MAGI1/TNF/EDN1/ROBO4/COL18A1/DSG2",22
"GO:0140694","membraneless organelle assembly","50/1328","446/18860",0.112107623318386,1.5921308552596,3.48300172050995,0.000750584767503834,0.0144075012287172,0.0118009072068912,"PLK1/AURKB/TPX2/CDC20/BIRC5/KIF4A/UHRF1/ASPM/CCNB2/MYBL2/CENPA/DLGAP5/SKA1/KIFC1/ANLN/SKA3/KIF15/KIF11/CENPF/NEK2/DIAPH3/CDCA8/NDC80/STIL/CENPE/SPAG5/PLK4/MYL9/CENPW/KIF23/AURKA/WDR62/FBXO5/TNNT1/HSPA1A/BRCA1/TMOD1/TUBB1/HSPA1B/ANG/AR/VIL1/MYBPC1/PRKD1/PLK2/TNF/EDN1/MYOM2/SH3PXD2B/NEBL",50
"GO:0051988","regulation of attachment of spindle microtubules to kinetochore","7/1328","23/18860",0.304347826086957,4.32228915662651,4.38771200966406,0.000759559968576501,0.0145282618724544,0.0118998199280053,"AURKB/BIRC5/CCNB1/NEK2/CDCA8/CDK1/SPAG5",7
"GO:0048525","negative regulation of viral process","14/1328","76/18860",0.184210526315789,2.61612238427394,3.88534545242018,0.000763624208086907,0.0145545698534311,0.011921368289333,"APOBEC3B/IFITM3/LTF/APOBEC3A/SLPI/APOBEC3H/OASL/AICDA/CH25H/MX1/ISG15/TNF/RSAD2/PTX3",14
"GO:0050729","positive regulation of inflammatory response","25/1328","179/18860",0.139664804469274,1.98349262973682,3.63864931894005,0.000787677157253132,0.0149432625925037,0.0122397390375267,"MDK/SNCA/LGALS1/PDE2A/MMP8/S100A12/S100A9/FFAR2/S100A8/CCR1/PTGER3/FCGR1A/IL23A/SUCNR1/CCL7/CCL3/PLA2G7/TNFSF4/C3/PTGER4/IL1B/CREB3L3/TNF/SERPINE1/OSM",25
"GO:0045745","positive regulation of G protein-coupled receptor signaling pathway","10/1328","44/18860",0.227272727272727,3.2276834611172,4.07154091493074,0.000789538721865148,0.0149432625925037,0.0122397390375267,"CAV2/ITGB3/PTGDR2/GPR27/PDE6H/C3/NRXN1/CNTN2/MRAP2/EDN1",10
"GO:0019233","sensory perception of pain","15/1328","85/18860",0.176470588235294,2.506201275691,3.83040890069991,0.000802800004442281,0.015141311582042,0.0124019571564676,"FABP5/KCNA2/SPX/GRIN2A/ADORA1/MGLL/NTSR1/ITGA2/CCL3/ZFHX2/PHF24/NTRK1/OPRM1/TNF/PROK2",15
"GO:2000352","negative regulation of endothelial cell apoptotic process","9/1328","37/18860",0.243243243243243,3.45449365027678,4.11302160341321,0.0008501556013172,0.0159787926039236,0.0130879217571201,"GAS6/ITGB3/TERT/GATA2/NFE2L2/ID1/CDH5/SERPINE1/TNFAIP3",9
"GO:0000022","mitotic spindle elongation","5/1328","12/18860",0.416666666666667,5.91741967871486,4.68962264417478,0.000894941625665765,0.0164214204058603,0.0134504696781595,"AURKB/BIRC5/KIF4A/CDCA8/KIF23",5
"GO:0000727","double-strand break repair via break-induced replication","5/1328","12/18860",0.416666666666667,5.91741967871486,4.68962264417478,0.000894941625665765,0.0164214204058603,0.0134504696781595,"GINS2/CDC45/MCM2/MCM6/MCM4",5
"GO:0048484","enteric nervous system development","5/1328","12/18860",0.416666666666667,5.91741967871486,4.68962264417478,0.000894941625665765,0.0164214204058603,0.0134504696781595,"EDNRB/HLX/SLC6A4/SOX8/KIF26A",5
"GO:0086015","SA node cell action potential","5/1328","12/18860",0.416666666666667,5.91741967871486,4.68962264417478,0.000894941625665765,0.0164214204058603,0.0134504696781595,"RYR2/KCNA5/ANK2/CACNA1D/SCN3B",5
"GO:0086018","SA node cell to atrial cardiac muscle cell signaling","5/1328","12/18860",0.416666666666667,5.91741967871486,4.68962264417478,0.000894941625665765,0.0164214204058603,0.0134504696781595,"RYR2/KCNA5/ANK2/CACNA1D/SCN3B",5
"GO:0098870","action potential propagation","5/1328","12/18860",0.416666666666667,5.91741967871486,4.68962264417478,0.000894941625665765,0.0164214204058603,0.0134504696781595,"SCN1B/NTRK3/FKBP1B/NTRK2/NRCAM",5
"GO:1990314","cellular response to insulin-like growth factor stimulus","5/1328","12/18860",0.416666666666667,5.91741967871486,4.68962264417478,0.000894941625665765,0.0164214204058603,0.0134504696781595,"CCNA2/CACNA2D3/IGF1/ITGB3/FBN1",5
"GO:0034764","positive regulation of transmembrane transport","26/1328","191/18860",0.136125654450262,1.9332303034126,3.56769422269717,0.000922330800788325,0.0168519276588193,0.0138030898906039,"CAV1/SCN1B/IGF1/SNCA/LCN2/TERT/F2RL3/AMIGO1/ASPH/NFE2L2/NTSR1/TRPC1/FHL1/SLC1A2/C3/ACSL1/STAC/ATP2A1/ANK2/EDN1/KCNC1/WNK2/TRPC6/XCL1/NR4A3/LRRC26",26
"GO:0006937","regulation of muscle contraction","25/1328","181/18860",0.138121546961326,1.96157558410437,3.577573299003,0.000927201112792804,0.0168519276588193,0.0138030898906039,"CAV1/MYL9/ADGRD1/TNNT1/CTTN/SPX/SLC8A3/EHD3/PRKG1/SPHK1/ADRA2A/ADORA1/TNNC2/RYR2/ASPH/ITGA2/CNN1/ARHGAP42/FKBP1B/PRKD1/ATP2A1/ANK2/EDN1/DSG2/PROK2",25
"GO:0070588","calcium ion transmembrane transport","40/1328","339/18860",0.117994100294985,1.67572946653872,3.45527905536912,0.000928636567769353,0.0168519276588193,0.0138030898906039,"CACNA2D3/BHLHA15/CAV1/GAS6/SNCA/GP9/ITGB3/GP1BA/SLC24A3/SLC8A3/GRIN2A/F2RL3/EDNRB/PKD1L2/RYR2/CACNA1A/ASPH/NTSR1/GRIN2B/CACNA1E/TRPC1/CCL3/FKBP1B/FASLG/TRPM1/PRKD1/TRPM3/OPRM1/FAIM2/PLCH1/PLCB4/ATP2A1/GRIN3B/ANK2/CACHD1/EDN1/GPM6A/CACNA1D/TRPC6/XCL1",40
"GO:0032496","response to lipopolysaccharide","41/1328","350/18860",0.117142857142857,1.66364027538726,3.44910316377493,0.000930856525029921,0.0168519276588193,0.0138030898906039,"E2F1/HMGB2/SELP/SNCA/BMP6/GATA1/LCN2/KLRK1/PPBP/PF4/PF4V1/MMP8/LTF/ASS1/CXCL5/ELANE/EDNRB/S100A8/IL23R/SLPI/EPHB2/TIFAB/IL12A/CAMP/TNFSF4/AICDA/CPS1/FASLG/PTGFR/IL1B/CMPK2/IL10/MPO/TNF/SERPINE1/EDN1/CTSG/IL1A/TNFAIP3/THBD/PLSCR4",41
"GO:0080164","regulation of nitric oxide metabolic process","13/1328","69/18860",0.188405797101449,2.67570281124498,3.83786093604673,0.000935023204039807,0.0168709353448916,0.0138186587207567,"CAV1/CLU/IGF1/KLRK1/ASS1/HBB/APOE/IL1B/OPRM1/IL10/TNF/EDN1/PTX3",13
"GO:0003012","muscle system process","53/1328","485/18860",0.109278350515464,1.5519500683145,3.38921893159076,0.00095673022077089,0.0172052514452918,0.0140924906098513,"MYL6B/CAV1/MYL9/CD38/ADGRD1/PPARG/SCN1B/IGF1/TNNT1/SLC6A8/MYLK/CTTN/TMOD1/CALD1/SPX/JSRP1/OXTR/MEIS1/SMTN/SLC8A3/EHD3/PRKG1/SPHK1/ADRA2A/EDNRB/ADORA1/PTGER3/TNNC2/RYR2/ASPH/TIFAB/ITGA2/CNN1/ARHGAP42/NPR3/MYL4/FKBP1B/IL1B/PRKD1/STAC/ERRFI1/ATP2A1/KCNA5/ANK2/TNF/EDN1/SCNN1B/DSG2/CACNA1D/PROK2/MYOM2/NR4A3/SCN3B",53
"GO:0034502","protein localization to chromosome","19/1328","123/18860",0.154471544715447,2.19377510040161,3.65567585478766,0.000964843233766995,0.0172936967694727,0.0141649344741254,"PLK1/AURKB/CENPA/BUB1B/ESCO2/TTK/CDK1/KNL1/H2BC11/H4C8/H4C9/H2AC8/HASPIN/H4C12/H4C11/H4C14/H4C4/H4C2/H4C6",19
"GO:0034113","heterotypic cell-cell adhesion","12/1328","61/18860",0.19672131147541,2.79379814339325,3.86201317066425,0.000977214164468479,0.0174001982640391,0.0142521678003505,"ITGB3/CD200R1/ITGA7/JAM3/APOA1/IL1B/GLDN/IL10/NRCAM/TNF/DSG2/ITGAD",12
"GO:0051293","establishment of spindle localization","12/1328","61/18860",0.19672131147541,2.79379814339325,3.86201317066425,0.000977214164468479,0.0174001982640391,0.0142521678003505,"PLK1/CENPA/SKA1/ESPL1/SKA3/NDC80/SPAG5/MAD2L1/SAPCD2/PKHD1/SPRY2/PAX6",12
"GO:0002687","positive regulation of leukocyte migration","22/1328","152/18860",0.144736842105263,2.05552473050095,3.5959956957936,0.000983715086004979,0.0174585238050654,0.0142999411294322,"GAS6/ITGA2B/SELP/MDK/ITGB3/CCR1/IL23A/IL12A/JAM3/ITGA2/CCL7/CCL3/PLA2G7/VEGFC/CCL4/LYVE1/CCL20/TNF/SERPINE1/EDN1/XCL1/THBS1",22
"GO:0031345","negative regulation of cell projection organization","26/1328","192/18860",0.135416666666667,1.92316139558233,3.53852273306267,0.000997044451310958,0.0175598302761597,0.0143829193118292,"ITM2C/CD38/DCC/RAP1GAP/PLXNB3/NLGN1/KREMEN1/APOE/LPAR1/EPHB2/SPRY2/GRIN2B/SPP1/DAB2/RGMA/GFAP/DPYSL3/NRXN1/FAT3/NEU4/SEMA3F/HES1/ADCY6/PMP22/TRPC6/ARPIN",26
"GO:0050853","B cell receptor signaling pathway","14/1328","78/18860",0.179487179487179,2.54904232313871,3.77296089353034,0.000997318076916028,0.0175598302761597,0.0143829193118292,"IGKC/IGHG1/IGLC3/IGHG3/IGHA2/CD38/IGHA1/IGLC6/IGHM/IGHG2/IGHG4/GCSAML/IGLC7/BCAR1",14
"GO:0007612","learning","23/1328","162/18860",0.141975308641975,2.01630596459914,3.57541979910613,0.000999155315916717,0.0175598302761597,0.0143829193118292,"B4GALT2/NRGN/PGRMC1/PRKAR2B/SLC8A3/GRIN2A/CLDN5/SLC6A4/EPHB2/SHANK2/MAP1A/NTSR1/NRXN3/NOG/SLC7A11/BTG2/NTRK2/NRXN1/FOXB1/SORCS3/CNTN2/TANC1/RELN",23
"GO:0019934","cGMP-mediated signaling","9/1328","38/18860",0.236842105263158,3.36358592263792,4.01395912106091,0.00104528666976121,0.018311122146982,0.0149982880362263,"PDE2A/PRKG1/EDNRB/RUNDC3A/APOE/GUCY1B1/PDE10A/PDE3A/THBS1",9
"GO:0003014","renal system process","21/1328","143/18860",0.146853146853147,2.08558008256803,3.58636429334193,0.00105027466764097,0.0183391508901309,0.0150212458407598,"JCHAIN/IGHA2/GAS6/IGHA1/IGKV3-20/SLC4A1/ADM/SPX/EDNRB/ADORA1/HBB/SUCNR1/SLC4A5/NPR3/CD34/MYO5B/KCNJ1/ADCY6/EDN1/SCNN1B/CORIN",21
"GO:0045842","positive regulation of mitotic metaphase/anaphase transition","6/1328","18/18860",0.333333333333333,4.73393574297189,4.36196553252747,0.00107022222833169,0.0185676696216649,0.0152084211394504,"UBE2C/CDC20/DLGAP5/SKA1/ESPL1/SKA3",6
"GO:1901978","positive regulation of cell cycle checkpoint","6/1328","18/18860",0.333333333333333,4.73393574297189,4.36196553252747,0.00107022222833169,0.0185676696216649,0.0152084211394504,"AURKB/BIRC5/CDCA8/KNL1/NDC80/MAD2L1",6
"GO:0032200","telomere organization","26/1328","193/18860",0.134715025906736,1.91319682876584,3.50952566071256,0.00107695179955279,0.0186247287251734,0.0152551571539141,"AURKB/RAD51/NEK2/EXO1/PIF1/RECQL4/FEN1/H3C8/H3C3/H4C8/H4C9/H3C10/H3C2/TERT/H3C12/CCNE2/CCNE1/H4C12/H4C11/H4C14/H4C4/H4C2/INO80B/SPDYA/H4C6/H3C11",26
"GO:0003094","glomerular filtration","8/1328","31/18860",0.258064516129032,3.66498251068791,4.08699606184987,0.00108150786445828,0.0186439556379385,0.0152709055484355,"JCHAIN/IGHA2/GAS6/IGHA1/IGKV3-20/ADORA1/CD34/EDN1",8
"GO:0010562","positive regulation of phosphorus metabolic process","38/1328","320/18860",0.11875,1.68646460843373,3.40863824573257,0.00109261752516774,0.0187162615940917,0.0153301299667106,"TPX2/CLSPN/UCHL1/KIF14/CENPE/MYDGF/GAS6/EGF/FAM20A/IGF1/SNCA/FAXDC2/LTF/CASS4/S100A12/MMD/SPHK1/STRADB/ELANE/GRB10/ANG/ADORA1/CSPG4/SPRY2/IL12A/NTSR1/FBN1/PDGFA/TOM1L1/C3/PILRB/SPDYA/CNTF/FLT3/HES1/TNF/OSM/THBS1",38
"GO:0045937","positive regulation of phosphate metabolic process","38/1328","320/18860",0.11875,1.68646460843373,3.40863824573257,0.00109261752516774,0.0187162615940917,0.0153301299667106,"TPX2/CLSPN/UCHL1/KIF14/CENPE/MYDGF/GAS6/EGF/FAM20A/IGF1/SNCA/FAXDC2/LTF/CASS4/S100A12/MMD/SPHK1/STRADB/ELANE/GRB10/ANG/ADORA1/CSPG4/SPRY2/IL12A/NTSR1/FBN1/PDGFA/TOM1L1/C3/PILRB/SPDYA/CNTF/FLT3/HES1/TNF/OSM/THBS1",38
"GO:0015711","organic anion transport","51/1328","466/18860",0.109442060085837,1.55427504007446,3.33443937781759,0.00114341743826452,0.0195246643322581,0.0159922771043339,"SLC38A5/SLCO4A1/FABP5/SLC6A9/SLC16A14/PPARG/RHAG/SNCA/SLC4A10/SLC2A5/SLC6A8/SLC4A1/SLC35D3/SPX/SLCO5A1/SLC4A11/PRKG1/SLC25A39/SLCO2B1/ADORA1/SLC1A3/SLC27A2/APOE/LRP2/SLC26A8/NTSR1/CALHM5/SLC16A10/SLC7A11/SLC4A5/SLCO2A1/SLC19A2/SLC1A2/MGST1/SLC47A1/NTRK2/GFAP/ABCC3/IL1B/CYB5R2/TSPO2/ACSL1/PLA2G2F/FOLR3/PLA2G2D/TNF/EDN1/PLA2G2C/ABCC11/SLC22A3/THBS1",51
"GO:1990089","response to nerve growth factor","11/1328","54/18860",0.203703703703704,2.89296073181615,3.83383047909459,0.00116326448941518,0.019801102771083,0.0162187025137926,"E2F1/FBXO43/LCN2/WASF1/NTRK3/MAGI2/NTRK2/NTRK1/HES1/KCNC1/TMEM108",11
"GO:0032147","activation of protein kinase activity","9/1328","39/18860",0.230769230769231,3.27734012974977,3.91815391338929,0.00127513189601608,0.0216019388219709,0.0176937326938348,"TPX2/CLSPN/KIF14/GAS6/IGF1/STRADB/FBN1/TOM1L1/PILRB",9
"GO:0032368","regulation of lipid transport","22/1328","155/18860",0.141935483870968,2.01574038087835,3.49471969741852,0.00127704053630717,0.0216019388219709,0.0176937326938348,"CAV1/EGF/PPARG/BMP6/CYP19A1/ITGB3/DENND5B/CETP/APOE/RETN/NTSR1/APOA1/SPP1/DAB2/FASLG/IL1B/OSBPL6/LIPG/ACSL1/ABCA13/EDN1/THBS1",22
"GO:0030902","hindbrain development","23/1328","165/18860",0.139393939393939,1.97964585615188,3.47849176802366,0.00128484589139415,0.0216662642059705,0.0177464203789217,"KIF14/EGF/MDK/B4GALT2/IGF1/MAFB/SEZ6L/SEMA4C/PRKG1/GATA2/SLC6A4/LPAR1/EPHB2/NOG/KNDC1/NRXN1/WNT7A/FAIM2/NFIB/HES1/KCNC1/MYO16/SPTBN2",23
"GO:0045446","endothelial cell differentiation","19/1328","126/18860",0.150793650793651,2.14154235991585,3.53838172356274,0.00129513721301975,0.0217719805406084,0.0178330105957476,"BMP6/PDE2A/SCUBE1/MET/FSTL1/MESP1/TJP1/EDNRB/S1PR1/CLDN5/ID1/ACVRL1/CDH5/IL1B/MAGI1/TNF/ROBO4/COL18A1/DSG2",19
"GO:1902751","positive regulation of cell cycle G2/M phase transition","8/1328","32/18860",0.25,3.55045180722892,3.97404383066456,0.00135409478805942,0.0224093986434371,0.0183551075065208,"DTL/CCNB1/CDC25A/CDC25C/CDK1/CHEK1/FBXO5/PBX1",8
"GO:0042063","gliogenesis","41/1328","357/18860",0.11484593837535,1.63101987783065,3.3128266458734,0.00136464295910735,0.0224093986434371,0.0183551075065208,"CDK1/E2F1/CDKN2C/CLU/TP73/SH3TC2/PHGDH/MDK/IGF1/S100A9/PARD3/C1QA/SLC8A3/NTRK3/CSPG4/S100A8/FA2H/TAL1/GPC1/LRP2/LPAR1/NOG/CCL3/NAB2/NTRK2/GFAP/VEGFC/CXCR4/WASF3/IL1B/CNTF/MYCN/PAX6/SOX8/NFIB/HES1/CNTN2/TNF/AZU1/MXRA8/RELN",41
"GO:0007144","female meiosis I","5/1328","13/18860",0.384615384615385,5.46223354958295,4.42940605308954,0.0013703142344315,0.0224093986434371,0.0183551075065208,"CCNB2/TRIP13/NDC80/AURKA/FBXO5",5
"GO:0010572","positive regulation of platelet activation","5/1328","13/18860",0.384615384615385,5.46223354958295,4.42940605308954,0.0013703142344315,0.0224093986434371,0.0183551075065208,"SELP/GP9/PEAR1/GP1BA/SVEP1",5
"GO:0033690","positive regulation of osteoblast proliferation","5/1328","13/18860",0.384615384615385,5.46223354958295,4.42940605308954,0.0013703142344315,0.0224093986434371,0.0183551075065208,"GATA1/TMEM119/ITGB3/LTF/SOX8",5
"GO:0042117","monocyte activation","5/1328","13/18860",0.384615384615385,5.46223354958295,4.42940605308954,0.0013703142344315,0.0224093986434371,0.0183551075065208,"MT1G/FN1/DYSF/LILRB4/AZU1",5
"GO:0086070","SA node cell to atrial cardiac muscle cell communication","5/1328","13/18860",0.384615384615385,5.46223354958295,4.42940605308954,0.0013703142344315,0.0224093986434371,0.0183551075065208,"RYR2/KCNA5/ANK2/CACNA1D/SCN3B",5
"GO:1901731","positive regulation of platelet aggregation","5/1328","13/18860",0.384615384615385,5.46223354958295,4.42940605308954,0.0013703142344315,0.0224093986434371,0.0183551075065208,"MFSD2B/MMRN1/GP6/EMILIN1/CTSG",5
"GO:2000833","positive regulation of steroid hormone secretion","5/1328","13/18860",0.384615384615385,5.46223354958295,4.42940605308954,0.0013703142344315,0.0224093986434371,0.0183551075065208,"BMP6/CYP19A1/RETN/SPP1/DAB2",5
"GO:1903707","negative regulation of hemopoiesis","19/1328","127/18860",0.149606299212598,2.1246798216488,3.50001361740245,0.00142471232082014,0.0232288186524079,0.0190262786788029,"C1QC/HMGB3/MDK/LGALS1/MAFB/LTF/CDKN2A/ZBTB46/GATA2/HLX/GPR68/TSC22D1/LILRB4/FBN1/CCL3/TNFSF4/TNFAIP6/NRARP/FOXJ1",19
"GO:0048708","astrocyte differentiation","15/1328","90/18860",0.166666666666667,2.36696787148594,3.57758583584636,0.00146997262856871,0.0236391670139833,0.0193623871309611,"S100A9/C1QA/NTRK3/S100A8/TAL1/NOG/GFAP/IL1B/CNTF/MYCN/PAX6/SOX8/HES1/CNTN2/TNF",15
"GO:0020027","hemoglobin metabolic process","6/1328","19/18860",0.315789473684211,4.48478123018389,4.18256771989222,0.00147171610635736,0.0236391670139833,0.0193623871309611,"SLC6A9/EPB42/ALAS2/SLC25A37/AHSP/FECH",6
"GO:0051299","centrosome separation","6/1328","19/18860",0.315789473684211,4.48478123018389,4.18256771989222,0.00147171610635736,0.0236391670139833,0.0193623871309611,"PLK1/KIF15/KIF11/NEK2/CHEK1/AURKA",6
"GO:0072578","neurotransmitter-gated ion channel clustering","6/1328","19/18860",0.315789473684211,4.48478123018389,4.18256771989222,0.00147171610635736,0.0236391670139833,0.0193623871309611,"NLGN1/APOE/SLC7A11/NRXN1/LHFPL4/RELN",6
"GO:1902101","positive regulation of metaphase/anaphase transition of cell cycle","6/1328","19/18860",0.315789473684211,4.48478123018389,4.18256771989222,0.00147171610635736,0.0236391670139833,0.0193623871309611,"UBE2C/CDC20/DLGAP5/SKA1/ESPL1/SKA3",6
"GO:0071312","cellular response to alkaloid","9/1328","40/18860",0.225,3.19540662650602,3.82540828063751,0.00154402730427931,0.0247272775090648,0.0202536375136234,"CCNA2/RAD51/SLC1A3/BCL2L1/RYR2/TGM2/SLC1A2/OPRM1/CRHBP",9
"GO:1902895","positive regulation of miRNA transcription","11/1328","56/18860",0.196428571428571,2.78964070567986,3.69128330388419,0.00159023232057618,0.0253921166704391,0.020798194486157,"PPARG/TERT/GATA2/AR/EGR1/WT1/NOTCH3/MYCN/PAX6/IL10/TNF",11
"GO:0010972","negative regulation of G2/M transition of mitotic cell cycle","13/1328","73/18860",0.178082191780822,2.52908895857402,3.60253410933062,0.00160686447714523,0.0255822276905504,0.0209539107669836,"PLK1/AURKB/PKMYT1/DTL/CLSPN/CDC6/ORC1/CDK1/TICRR/CHEK1/BRCA1/GPR132/FHL1",13
"GO:0032102","negative regulation of response to external stimulus","49/1328","452/18860",0.108407079646018,1.53957644738245,3.19566713082177,0.00172524034296662,0.0273862931861534,0.0224315861230913,"AURKB/PBK/PPARG/MDK/IGF1/TFPI/KLRK1/PF4/CYP19A1/WFDC1/MMRN1/CD200R1/LTF/GP1BA/KIR2DL4/PROS1/ALOX12/CD109/PRKG1/ELANE/ADORA1/KREMEN1/APOE/GPR18/USP18/VSIG4/APOA1/EPPK1/PDGFA/SPP1/SERPING1/RGMA/PTGER4/TYRO3/ARG1/CDH5/ISG15/SMPDL3B/SEMA3F/PLK2/IL10/TNF/SERPINE1/EDN1/TNFAIP6/DSG2/TNFAIP3/THBD/THBS1",49
"GO:1902106","negative regulation of leukocyte differentiation","18/1328","120/18860",0.15,2.13027108433735,3.41846457503793,0.00182160289824909,0.0288313932404162,0.0236152397889356,"C1QC/HMGB3/MDK/LGALS1/MAFB/LTF/CDKN2A/ZBTB46/GATA2/HLX/GPR68/LILRB4/FBN1/CCL3/TNFSF4/TNFAIP6/NRARP/FOXJ1",18
"GO:0040036","regulation of fibroblast growth factor receptor signaling pathway","9/1328","41/18860",0.219512195121951,3.11746987951807,3.73554123990561,0.00185658964089029,0.0292994744202307,0.0239986360823382,"GPC1/CREB3L1/SPRY2/NOG/MIR573/FAM20C/NRXN1/THBS1/SHISA2",9
"GO:0042325","regulation of phosphorylation","47/1328","431/18860",0.109048723897912,1.54868895535739,3.17144077178791,0.00188106300749298,0.0295994013359288,0.0242443004515313,"TPX2/PKMYT1/CLSPN/CDC6/CDC25A/CDKN3/CDC25C/KIF14/CENPE/NT5DC2/MYDGF/GAS6/EGF/FAM20A/IGF1/FAXDC2/LTF/CASS4/S100A12/CCNE2/CDKN2A/MMD/PARD3/SPHK1/FN1/CNKSR3/STRADB/ELANE/GRB10/ANG/CSPG4/SPRY2/IL12A/FBN1/PDGFA/TOM1L1/C3/PILRB/GCKR/SPDYA/CNTF/FLT3/ERRFI1/HES1/TNF/OSM/THBS1",47
"GO:0006509","membrane protein ectodomain proteolysis","10/1328","49/18860",0.204081632653061,2.89832800590116,3.6618958656085,0.00189743430187568,0.029770469205951,0.0243844188543109,"ADRA2A/APOE/PRTN3/RGMA/TIMP4/TIMP3/IL1B/IL10/TNF/PTPN3",10
"GO:0071675","regulation of mononuclear cell migration","21/1328","150/18860",0.14,1.98825301204819,3.34441004550871,0.00193372298350814,0.0302521459818773,0.0247789510390516,"GAS6/MDK/KLRK1/CYP19A1/ITGB3/CD200R1/ECM1/GCSAML/CCR1/IL12A/JAM3/CCL7/CCL3/PLA2G7/EMILIN1/CCL4/CCL20/TNF/SERPINE1/XCL1/THBS1",21
"GO:0002237","response to molecule of bacterial origin","42/1328","375/18860",0.112,1.59060240963855,3.17938966176402,0.00194310155882334,0.0303112643743825,0.0248273737775335,"E2F1/HMGB2/SELP/SNCA/BMP6/GATA1/LCN2/KLRK1/PPBP/PF4/PF4V1/MMP8/LTF/ASS1/CXCL5/ELANE/EDNRB/S100A8/IL23R/SLPI/EPHB2/TIFAB/IL12A/FZD5/CAMP/TNFSF4/AICDA/CPS1/FASLG/PTGFR/IL1B/CMPK2/IL10/MPO/TNF/SERPINE1/EDN1/CTSG/IL1A/TNFAIP3/THBD/PLSCR4",42
"GO:0000076","DNA replication checkpoint signaling","6/1328","20/18860",0.3,4.2605421686747,4.01519837311521,0.0019783682166241,0.0306845477266082,0.0251331229932761,"CDT1/CLSPN/CDC45/CDC6/ORC1/TICRR",6
"GO:0002523","leukocyte migration involved in inflammatory response","6/1328","20/18860",0.3,4.2605421686747,4.01519837311521,0.0019783682166241,0.0306845477266082,0.0251331229932761,"MDK/S100A9/ELANE/FFAR2/S100A8/JAM3",6
"GO:0051928","positive regulation of calcium ion transport","16/1328","102/18860",0.156862745098039,2.22773446728089,3.42179435298014,0.00199873482462477,0.0308029285922237,0.0252300864838928,"CAV1/SNCA/MYLK/F2RL3/CCR1/FFAR1/ASPH/NTSR1/TRPC1/CCL3/CCL4/ATP2A1/ANK2/CACNA1D/TRPC6/XCL1",16
"GO:0045091","regulation of single stranded viral RNA replication via double stranded DNA intermediate","5/1328","14/18860",0.357142857142857,5.07207401032702,4.19481414681218,0.00200876293978477,0.0308029285922237,0.0252300864838928,"TOP2A/APOBEC3B/APOBEC3A/APOBEC3H/AICDA",5
"GO:0045906","negative regulation of vasoconstriction","5/1328","14/18860",0.357142857142857,5.07207401032702,4.19481414681218,0.00200876293978477,0.0308029285922237,0.0252300864838928,"ADM/MMP2/ITGA9/ARHGAP42/SVEP1",5
"GO:0051255","spindle midzone assembly","5/1328","14/18860",0.357142857142857,5.07207401032702,4.19481414681218,0.00200876293978477,0.0308029285922237,0.0252300864838928,"AURKB/BIRC5/KIF4A/CDCA8/KIF23",5
"GO:0001932","regulation of protein phosphorylation","43/1328","387/18860",0.111111111111111,1.57797858099063,3.16184916780969,0.00201446562100071,0.0308031141425899,0.0252302384646297,"TPX2/PKMYT1/CLSPN/CDC6/CDC25A/CDKN3/CDC25C/KIF14/CENPE/NT5DC2/MYDGF/GAS6/EGF/FAM20A/IGF1/FAXDC2/LTF/CASS4/S100A12/CCNE2/CDKN2A/MMD/PARD3/SPHK1/FN1/CNKSR3/STRADB/ELANE/CSPG4/SPRY2/IL12A/FBN1/PDGFA/TOM1L1/C3/PILRB/SPDYA/CNTF/FLT3/ERRFI1/HES1/TNF/OSM",43
"GO:0034767","positive regulation of monoatomic ion transmembrane transport","19/1328","131/18860",0.145038167938931,2.0598041019038,3.35001372137206,0.00205876597552861,0.0312916329624318,0.0256303748359724,"CAV1/SCN1B/SNCA/LCN2/F2RL3/AMIGO1/ASPH/NTSR1/TRPC1/FHL1/STAC/ATP2A1/ANK2/EDN1/KCNC1/WNK2/TRPC6/XCL1/LRRC26",19
"GO:0097205","renal filtration","8/1328","34/18860",0.235294117647059,3.34160170092133,3.76111050002655,0.0020614737042024,0.0312916329624318,0.0256303748359724,"JCHAIN/IGHA2/GAS6/IGHA1/IGKV3-20/ADORA1/CD34/EDN1",8
"GO:1902750","negative regulation of cell cycle G2/M phase transition","13/1328","75/18860",0.173333333333333,2.46164658634538,3.49068006187861,0.00206953715140414,0.0312916329624318,0.0256303748359724,"PLK1/AURKB/PKMYT1/DTL/CLSPN/CDC6/ORC1/CDK1/TICRR/CHEK1/BRCA1/GPR132/FHL1",13
"GO:1902893","regulation of miRNA transcription","13/1328","75/18860",0.173333333333333,2.46164658634538,3.49068006187861,0.00206953715140414,0.0312916329624318,0.0256303748359724,"PPARG/TERT/GATA2/AR/LILRB4/EGR1/WT1/NOTCH3/MYCN/PAX6/NFIB/IL10/TNF",13
"GO:0051347","positive regulation of transferase activity","22/1328","161/18860",0.136645962732919,1.94061962134251,3.29883366457881,0.00209330929998093,0.0315629059632223,0.0258525693344662,"PLK1/UBE2C/TPX2/CDC20/CLSPN/KIF14/CENPE/GAS6/DSCC1/IGF1/LTF/CASS4/S100A12/MMD/STRADB/ELANE/FBN1/TOM1L1/PILRB/SPDYA/FLT3/TNF",22
"GO:2001234","negative regulation of apoptotic signaling pathway","30/1328","245/18860",0.122448979591837,1.73899680354069,3.20432618376997,0.00217926088326277,0.0327676087808372,0.0268393182464994,"PYCR1/CLU/TGFBR1/HMGB2/IGF1/GATA1/HSPA1A/PF4/BRCA1/TERT/CTTN/STRADB/HSPA1B/BCL2L1/CREB3L1/AR/IFI6/NFE2L2/NOG/IL1B/FAIM2/IL10/TNF/SERPINE1/NR4A2/IL1A/CTH/TNFAIP3/THBS1/UNC5B",30
"GO:0040001","establishment of mitotic spindle localization","9/1328","42/18860",0.214285714285714,3.04324440619621,3.64838673900472,0.00221770675257525,0.0330701009688425,0.0270870837809104,"PLK1/CENPA/ESPL1/NDC80/MAD2L1/SAPCD2/PKHD1/SPRY2/PAX6",9
"GO:0045429","positive regulation of nitric oxide biosynthetic process","9/1328","42/18860",0.214285714285714,3.04324440619621,3.64838673900472,0.00221770675257525,0.0330701009688425,0.0270870837809104,"CLU/KLRK1/ASS1/HBB/APOE/IL1B/TNF/EDN1/PTX3",9
"GO:0071398","cellular response to fatty acid","9/1328","42/18860",0.214285714285714,3.04324440619621,3.64838673900472,0.00221770675257525,0.0330701009688425,0.0270870837809104,"CCNB1/E2F1/ASS1/FFAR2/CAMP/CPS1/HES1/ID3/EDN1",9
"GO:0010977","negative regulation of neuron projection development","19/1328","132/18860",0.143939393939394,2.04419952537422,3.31335060469611,0.00225000927435511,0.0333679457591348,0.027331042721222,"ITM2C/CD38/DCC/NLGN1/KREMEN1/APOE/LPAR1/EPHB2/SPP1/DAB2/RGMA/GFAP/DPYSL3/FAT3/NEU4/SEMA3F/HES1/ADCY6/PMP22",19
"GO:0050830","defense response to Gram-positive bacterium","19/1328","132/18860",0.143939393939394,2.04419952537422,3.31335060469611,0.00225000927435511,0.0333679457591348,0.027331042721222,"RNASE1/H2BC4/H2BC7/HMGB2/H2BC21/H2BC12/H2BC11/H2BC8/KLRK1/LTF/ADM/ANG/RNASE3/IL12A/CAMP/IL1B/TNF/CTSG/STAB2",19
"GO:0050866","negative regulation of cell activation","29/1328","235/18860",0.123404255319149,1.75256344527044,3.19500503168888,0.00227701275790861,0.0336761477009818,0.0275834850052088,"HMGB3/MDK/LGALS1/TNFRSF13B/CDKN2A/TARM1/ALOX12/PRKG1/FN1/ZBTB46/HLX/APOE/LILRB4/VSIG4/PDGFA/EMILIN1/TNFSF4/TYRO3/ILDR2/ARG1/PLA2G2F/IL10/PLA2G2D/CTSG/XCL1/NRARP/TNFAIP3/THBD/FOXJ1",29
"GO:0000082","G1/S transition of mitotic cell cycle","30/1328","246/18860",0.121951219512195,1.73192771084337,3.18022996597726,0.00231931287939167,0.0342082850576216,0.0280193484812785,"RRM2/CCNA2/CCNB2/CDC6/CCNB1/CDC25A/CDKN3/KIF14/CDK1/E2F1/CDKN2C/STIL/E2F7/CCNF/TERT/IQGAP3/GFI1B/CCNE2/CDKN2A/CCNE1/GPR132/CTDSPL/FHL1/DPF1/CCNA1/SPDYA/PLK2/KANK2/KCNA5/MYO16",30
"GO:0002065","columnar/cuboidal epithelial cell differentiation","17/1328","113/18860",0.150442477876106,2.13655506983687,3.33508150830699,0.00233073276948787,0.0342833056555376,0.0280807964104202,"B9D1/BHLHA15/CAV1/PLK4/TP73/MAP1B/WNT11/TJP1/GATA2/FZD5/FST/FAM20C/KLF5/NFIB/HES1/SERPINE1/FOXJ1",17
"GO:0061614","miRNA transcription","13/1328","76/18860",0.171052631578947,2.42925649968294,3.4360982159652,0.0023390112508188,0.03431183712922,0.0281041659918665,"PPARG/TERT/GATA2/AR/LILRB4/EGR1/WT1/NOTCH3/MYCN/PAX6/NFIB/IL10/TNF",13
"GO:1905952","regulation of lipid localization","24/1328","183/18860",0.131147540983607,1.8625320955955,3.2269325425766,0.00236052636838363,0.0345338627893529,0.0282860229406311,"CAV1/EGF/PPARG/BMP6/CYP19A1/ITGB3/DENND5B/CETP/APOE/RETN/NTSR1/APOA1/SPP1/DAB2/C3/FASLG/IL1B/OSBPL6/LIPG/ACSL1/ABCA13/TNF/EDN1/THBS1",24
"GO:0006898","receptor-mediated endocytosis","33/1328","279/18860",0.118279569892473,1.67978365073196,3.14833481585185,0.00238958357168582,0.0348647328127637,0.0285570322143302,"HMMR/SDC1/CAV1/CLU/EGF/SNCA/CAV2/CD63/ITGB3/CTTN/WASF1/DNM1/ADM/ANG/STON2/FCGR1A/APOE/TF/LRP2/LPAR1/LILRB4/MAGI2/DAB2/C3/STAB1/SIGLEC1/LYVE1/SGIP1/CNTN2/SERPINE1/SAG/STAB2/TMEM108",33
"GO:0010975","regulation of neuron projection development","48/1328","448/18860",0.107142857142857,1.52162220309811,3.07529816952749,0.00242174096693073,0.0352079829963424,0.028838181839158,"CDC20/ITM2C/XK/CD38/DCC/MDK/SCN1B/MAP1B/TNFRSF12A/S100A9/PLXNB3/KEL/FN1/NTRK3/NLGN1/PTPRF/KREMEN1/AMIGO1/APOE/LPAR1/EPHB2/NFE2L2/MAGI2/SDC2/SPP1/DAB2/KNDC1/RGMA/NTRK2/GFAP/DPYSL3/COBL/FAT3/PRKD1/CNTF/NEU4/NTRK1/SEMA3F/WNT7A/HES1/CNTN2/ADCY6/NRCAM/PMP22/KIF1A/TRPC6/RELN/KIF26A",48
"GO:0007163","establishment or maintenance of cell polarity","29/1328","236/18860",0.122881355932203,1.74513732897692,3.17028625273425,0.00242611817063287,0.0352079829963424,0.028838181839158,"PLK1/CENPA/SKA1/KIF2C/SKA3/DIAPH3/NDC80/SPAG5/MAD2L1/CYTH3/IGF1/MAP1B/RHOBTB1/SAPCD2/WNT11/PDLIM1/PARD3/ANK1/PKHD1/SPRY2/JAM3/CDH5/CCL4/LAMA1/PAX6/WNT7A/HES1/DCHS2/FOXJ1",29
"GO:0050727","regulation of inflammatory response","49/1328","460/18860",0.106521739130435,1.51280120481928,3.06451448168916,0.0024715043312337,0.0357707297993797,0.0292991169241664,"PBK/PPARG/MDK/IGF1/SNCA/LGALS1/PDE2A/CYP19A1/WFDC1/MMP8/CD200R1/S100A12/S100A9/SPHK1/ELANE/EDNRB/ADORA1/FFAR2/S100A8/CCR1/MGLL/PTGER3/FCGR1A/APOE/USP18/IL23A/SUCNR1/APOA1/CCL7/CCL3/PLA2G7/TNFSF4/C3/PTGER4/TYRO3/CDH5/IL1B/SMPDL3B/PLK2/CREB3L3/IL10/PLA2G2D/TNF/SERPINE1/TNFAIP6/DSG2/XCL1/TNFAIP3/OSM",49
"GO:0098810","neurotransmitter reuptake","8/1328","35/18860",0.228571428571429,3.24612736660929,3.66052642054478,0.00250987056133475,0.0362291449293466,0.0296745959420125,"SNCA/ITGB3/SLC6A4/SLC1A2/RAB3B/SLC18A2/SLC18A1/SLC22A3",8
"GO:0045216","cell-cell junction organization","28/1328","226/18860",0.123893805309735,1.75951593986566,3.16140913273876,0.00253259624945374,0.0364599561124816,0.0298636489437266,"BHLHA15/CAV1/TGFBR1/BMP6/LIMS1/ESAM/WNT11/PARD3/TJP1/XIRP2/CLDN5/PKHD1/EPHB2/JAM3/PRTN3/FZD5/GJA4/ACVRL1/CDH5/RAB13/DSC1/IL1B/TLN2/SVEP1/ANK2/CDH6/TNF/DSG2",28
"GO:0001885","endothelial cell development","12/1328","68/18860",0.176470588235294,2.506201275691,3.42447186412405,0.00259273514912583,0.0370314851109902,0.030331777356168,"PDE2A/MET/TJP1/EDNRB/CLDN5/ID1/CDH5/IL1B/MAGI1/TNF/ROBO4/COL18A1",12
"GO:0045143","homologous chromosome segregation","12/1328","68/18860",0.176470588235294,2.506201275691,3.42447186412405,0.00259273514912583,0.0370314851109902,0.030331777356168,"PLK1/ZWINT/TRIP13/ESPL1/KNL1/MND1/PTTG1/DMC1/CCNE2/CCNE1/HORMAD1/SPDYA",12
"GO:1990090","cellular response to nerve growth factor stimulus","10/1328","51/18860",0.196078431372549,2.78466808410111,3.51238673785964,0.00259599461118499,0.0370314851109902,0.030331777356168,"E2F1/FBXO43/LCN2/WASF1/NTRK3/MAGI2/NTRK2/NTRK1/HES1/TMEM108",10
"GO:0006837","serotonin transport","6/1328","21/18860",0.285714285714286,4.05765920826162,3.85844612405458,0.00260650209260803,0.0370314851109902,0.030331777356168,"SNCA/ITGB3/SLC6A4/SLC18A2/SLC18A1/SLC22A3",6
"GO:0035809","regulation of urine volume","6/1328","21/18860",0.285714285714286,4.05765920826162,3.85844612405458,0.00260650209260803,0.0370314851109902,0.030331777356168,"SLC4A1/ADM/EDNRB/NPR3/ADCY6/EDN1",6
"GO:0007189","adenylate cyclase-activating G protein-coupled receptor signaling pathway","25/1328","195/18860",0.128205128205128,1.82074451652765,3.17069111170913,0.00264738292046058,0.037415884460713,0.0306466314717052,"TSHR/ADGRD1/PDE2A/PF4/PRKAR2B/ADM/ADRA2A/S1PR1/GPR174/PTGER3/GPR18/GPR68/LPAR1/ADCY2/PDE10A/HTR1F/GPR3/PTGER4/CXCR4/PTGFR/PDE3A/MRAP2/ADCY6/GLP1R/HTR6",25
"GO:0097553","calcium ion transmembrane import into cytosol","25/1328","195/18860",0.128205128205128,1.82074451652765,3.17069111170913,0.00264738292046058,0.037415884460713,0.0306466314717052,"CAV1/SNCA/GP9/ITGB3/GP1BA/SLC8A3/GRIN2A/F2RL3/RYR2/CACNA1A/ASPH/NTSR1/GRIN2B/CACNA1E/TRPC1/CCL3/FKBP1B/FASLG/TRPM1/PRKD1/PLCH1/PLCB4/ANK2/CACNA1D/XCL1",25
"GO:0072010","glomerular epithelium development","7/1328","28/18860",0.25,3.55045180722892,3.71698279891188,0.0026908774917645,0.0378330386049902,0.0309883144096023,"EDNRB/PROM1/MAGI2/CD34/WT1/EDN1/FOXJ1",7
"GO:1903779","regulation of cardiac conduction","7/1328","28/18860",0.25,3.55045180722892,3.71698279891188,0.0026908774917645,0.0378330386049902,0.0309883144096023,"SLC8A3/EHD3/RYR2/TRPC1/ATP2A1/ANK2/CORIN",7
"GO:0050886","endocrine process","16/1328","105/18860",0.152380952380952,2.16408491107286,3.29202717826096,0.00270675743509892,0.0379098322312708,0.0310512145921831,"PPARG/BMP6/CYP19A1/OXTR/EDNRB/RETN/HCAR2/SUCNR1/SPP1/DAB2/IL1B/CRHBP/EDN1/CTSG/CPA3/CORIN",16
"GO:0006816","calcium ion transport","47/1328","439/18860",0.107061503416856,1.52046683316409,3.03676618532669,0.00271034640190316,0.0379098322312708,0.0310512145921831,"CACNA2D3/BHLHA15/CAV1/GAS6/EGF/SNCA/GP9/ITGB3/MYLK/GP1BA/SLC24A3/SLC8A3/ADRA2A/GRIN2A/F2RL3/EDNRB/CCR1/PKD1L2/FFAR1/RYR2/CACNA1A/ASPH/NTSR1/GRIN2B/CACNA1E/TRPC1/CCL3/FKBP1B/FASLG/TRPM1/CCL4/PRKD1/TRPM3/OPRM1/FAIM2/PLCH1/PLCB4/ATP2A1/HES1/GRIN3B/ANK2/CACHD1/EDN1/GPM6A/CACNA1D/TRPC6/XCL1",47
"GO:0042391","regulation of membrane potential","50/1328","474/18860",0.105485232067511,1.49808093132022,3.02265162196565,0.00274361425593751,0.0382762473386333,0.0313513381606315,"PYCR1/CAV1/SCN1B/SNCA/MET/TSPAN9/LTF/KCNA2/CDKN2A/SLC8A3/SLC4A11/EHD3/GRIN2A/NTRK3/NLGN1/BBS10/ADORA1/PIEZO2/BCL2L1/SLC6A4/RYR2/IFI6/NTSR1/GRIN2B/BEGAIN/FHL1/FKBP1B/GABRR2/POPDC1/NTRK2/NRXN1/KCNG2/KCND1/WNT7A/GRIK5/CHRNA2/GABRD/KCNA5/NRCAM/GRIN3B/ANK2/TNF/EDN1/KCNC1/DSG2/CACNA1D/TMEM108/SCN3B/RELN/PTPN3",50
"GO:1903900","regulation of viral life cycle","17/1328","115/18860",0.147826086956522,2.09939759036145,3.25464492851153,0.00281592247267267,0.0389166453224903,0.0318758758346532,"TOP2A/APOBEC3B/LGALS1/IFITM3/LTF/CD209/APOBEC3A/SLPI/APOBEC3H/OASL/AICDA/TYRO3/CH25H/MX1/ISG15/TNF/RSAD2",17
"GO:0006874","intracellular calcium ion homeostasis","35/1328","304/18860",0.115131578947368,1.63507649017121,3.07229760705923,0.00282431568879967,0.0389166453224903,0.0318758758346532,"CAV1/XK/HSP90B1/SNCA/CAV2/GP9/ITGB3/GP1BA/SLC24A3/SLC8A3/KEL/F2RL3/ELANE/ADORA1/CCR1/APOE/PKHD1/RYR2/TGM2/ASPH/NTSR1/CCL7/TRPC1/CCL3/FKBP1B/FASLG/CDH5/PRKD1/PLCH1/PLCB4/ATP2A1/ANK2/EDN1/TRPC6/XCL1",35
"GO:0001878","response to yeast","5/1328","15/18860",0.333333333333333,4.73393574297189,3.9815945690367,0.00283984387629478,0.0389166453224903,0.0318758758346532,"ELANE/ANG/CAMP/MPO/PTX3",5
"GO:0001886","endothelial cell morphogenesis","5/1328","15/18860",0.333333333333333,4.73393574297189,3.9815945690367,0.00283984387629478,0.0389166453224903,0.0318758758346532,"MET/ID1/CDH5/MAGI1/COL18A1",5
"GO:0039692","single stranded viral RNA replication via double stranded DNA intermediate","5/1328","15/18860",0.333333333333333,4.73393574297189,3.9815945690367,0.00283984387629478,0.0389166453224903,0.0318758758346532,"TOP2A/APOBEC3B/APOBEC3A/APOBEC3H/AICDA",5
"GO:0070365","hepatocyte differentiation","5/1328","15/18860",0.333333333333333,4.73393574297189,3.9815945690367,0.00283984387629478,0.0389166453224903,0.0318758758346532,"E2F7/E2F8/MESP1/ITGA2/CPS1",5
"GO:0090235","regulation of metaphase plate congression","5/1328","15/18860",0.333333333333333,4.73393574297189,3.9815945690367,0.00283984387629478,0.0389166453224903,0.0318758758346532,"AURKB/BIRC5/CDCA8/CDK1/SPAG5",5
"GO:0045807","positive regulation of endocytosis","22/1328","165/18860",0.133333333333333,1.89357429718875,3.17287192853365,0.00285446836433631,0.0390182758993748,0.0319591194858706,"CLU/GAS6/EGF/SNCA/RAP1GAP/CD63/NLGN1/GATA2/FCGR1A/APOE/TF/GPR18/APOA1/ITGA2/MAGI2/DAB2/C3/SGIP1/ABCA13/SERPINE1/AZU1/PTX3",22
"GO:2001233","regulation of apoptotic signaling pathway","44/1328","406/18860",0.108374384236453,1.53911211347854,3.02231332338058,0.00289681731916697,0.0394974109537804,0.0323515697953899,"PYCR1/ITM2C/CAV1/CLU/TGFBR1/HMGB2/TP73/PPARG/IGF1/GATA1/HSPA1A/PF4/BRCA1/TERT/CTTN/TNFRSF12A/S100A9/STRADB/MMP2/HSPA1B/S100A8/SEPTIN4/BCL2L1/CREB3L1/AR/TIFAB/IFI6/NFE2L2/NOG/FASLG/IL1B/FAIM2/IL10/TNF/SERPINE1/VNN1/ATF3/NR4A2/IL1A/CTH/TNFAIP3/THBS1/BCL2L14/UNC5B",44
"GO:0001659","temperature homeostasis","24/1328","186/18860",0.129032258064516,1.83249125534396,3.14022026505202,0.00292746988487093,0.039815061524639,0.0326117512697073,"TSHR/FABP5/CAV1/LCN2/ALDH1A1/ADAMTS5/PLAC8/OXTR/EDNRB/GRB10/SCD/ADORA1/PTGER3/NTSR1/NPR3/EGR1/GPR3/ID1/CXCR4/IL1B/ACSL1/EPAS1/TNF/IL1A",24
"GO:0009880","embryonic pattern specification","13/1328","78/18860",0.166666666666667,2.36696787148594,3.32948702872016,0.00296446798269324,0.0401166629757963,0.0328587872186946,"STIL/PCSK6/MESP1/MEIS1/TIFAB/FZD5/MEIS3/COBL/WT1/TDRD6/SEMA3F/WNT7A/NRARP",13
"GO:2000242","negative regulation of reproductive process","13/1328","78/18860",0.166666666666667,2.36696787148594,3.32948702872016,0.00296446798269324,0.0401166629757963,0.0328587872186946,"PKMYT1/ZWINT/TRIP13/PRDX4/TTK/KNL1/FBXO43/FBXO5/IGF1/PTGDR2/BCL2L1/WT1/HORMAD1",13
"GO:0043114","regulation of vascular permeability","10/1328","52/18860",0.192307692307692,2.73111677479147,3.44032415994966,0.00301517745685182,0.0405998894874101,0.0332545887621363,"BMP6/PDE2A/ADM/PRKG1/TJP1/CLDN5/APOE/CDH5/PDE3A/AZU1",10
"GO:0089718","amino acid import across plasma membrane","10/1328","52/18860",0.192307692307692,2.73111677479147,3.44032415994966,0.00301517745685182,0.0405998894874101,0.0332545887621363,"SLC38A5/SLC6A9/SLC1A3/NTSR1/SLC7A11/SLC1A2/SLC47A1/GFAP/TSPO2/TNF",10
"GO:0045648","positive regulation of erythrocyte differentiation","8/1328","36/18860",0.222222222222222,3.15595716198126,3.56351061998748,0.00303106491618877,0.0407125419139698,0.0333468601984775,"HMGB2/GATA1/HSPA1A/HSPA1B/RHEX/TAL1/GATA2/ISG15",8
"GO:0021782","glial cell development","19/1328","136/18860",0.139705882352941,1.98407600992204,3.16986976391143,0.00317101748526025,0.0424869248705785,0.0348002231576763,"CLU/SH3TC2/PHGDH/MDK/S100A9/PARD3/C1QA/NTRK3/S100A8/FA2H/LPAR1/NTRK2/GFAP/WASF3/IL1B/CNTF/CNTN2/TNF/MXRA8",19
"GO:0071715","icosanoid transport","11/1328","61/18860",0.180327868852459,2.56098163144381,3.36076366340588,0.00323540254013197,0.043242552962307,0.0354191435972342,"SLCO4A1/SLCO2B1/NTSR1/SLCO2A1/ABCC3/IL1B/PLA2G2F/PLA2G2D/EDN1/PLA2G2C/ABCC11",11
"GO:0120193","tight junction organization","14/1328","88/18860",0.159090909090909,2.25937842278204,3.25900441080717,0.00325325612530844,0.0433740773554054,0.0355268726984681,"TGFBR1/ESAM/WNT11/PARD3/TJP1/CLDN5/EPHB2/FZD5/ACVRL1/CDH5/RAB13/IL1B/SVEP1/TNF",14
"GO:0008277","regulation of G protein-coupled receptor signaling pathway","22/1328","167/18860",0.131736526946108,1.87089676069548,3.11120081969767,0.0033150350806197,0.0439810904200844,0.0360240654271677,"STMN1/SNCA/CAV2/PDE2A/MET/ITGB3/RGS6/PTGDR2/ADM/MGLL/GPR27/PDE6H/PDE10A/C3/NRXN1/PHF24/PDE3A/CNTN2/MRAP2/SERPINE1/EDN1/SAG",22
"GO:0051494","negative regulation of cytoskeleton organization","22/1328","167/18860",0.131736526946108,1.87089676069548,3.11120081969767,0.0033150350806197,0.0439810904200844,0.0360240654271677,"TPX2/DIAPH3/STMN1/SPTB/SNCA/BRCA1/MAP1B/CCNF/MET/TMOD1/SPTA1/ARHGAP6/TJP1/S1PR1/VIL1/GAS2L1/CRACD/CDH5/SCIN/KANK2/ARPIN/SPTBN2",22
"GO:0033002","muscle cell proliferation","30/1328","252/18860",0.119047619047619,1.69069133677567,3.03792513569787,0.00333215749175546,0.0441001674886854,0.0361215991642621,"CCNB1/CDK1/NDC80/TGFBR1/TP73/PPARG/IGF1/CAV2/ITGB3/TERT/PRKG1/RBP4/MMP2/ELANE/S1PR1/ANG/APOE/IL12A/NOG/ITGA2/CNN1/FGF9/NOTCH3/RBPMS2/IL10/TNF/EDN1/TNFAIP3/NR4A3/THBS1",30
"GO:0051930","regulation of sensory perception of pain","6/1328","22/18860",0.272727272727273,3.87322015334063,3.7111241641859,0.00337307490438751,0.0443166370326446,0.0362989052051103,"FABP5/SPX/ADORA1/MGLL/CCL3/ZFHX2",6
"GO:0051931","regulation of sensory perception","6/1328","22/18860",0.272727272727273,3.87322015334063,3.7111241641859,0.00337307490438751,0.0443166370326446,0.0362989052051103,"FABP5/SPX/ADORA1/MGLL/CCL3/ZFHX2",6
"GO:0140354","lipid import into cell","6/1328","22/18860",0.272727272727273,3.87322015334063,3.7111241641859,0.00337307490438751,0.0443166370326446,0.0362989052051103,"SPX/RBP4/SLC27A2/ACSL1/PLPPR4/THBS1",6
"GO:0007200","phospholipase C-activating G protein-coupled receptor signaling pathway","20/1328","147/18860",0.136054421768707,1.93221867060077,3.1228231640261,0.00342538988042676,0.0448950010236079,0.0367726320284377,"PARD3/DGKI/ADRA2A/F2RL3/EDNRB/S1PR1/FFAR2/PTGER3/FFAR1/GPR68/TGM2/LPAR1/GPR27/NRXN1/PRKD1/OPRM1/PLCB4/EDN1/AZU1/DGKK",20
"GO:0048661","positive regulation of smooth muscle cell proliferation","15/1328","98/18860",0.153061224489796,2.17374600442587,3.20619723833584,0.00346575355835482,0.0452051180996979,0.0370266429620558,"IGF1/ITGB3/TERT/MMP2/ELANE/S1PR1/ITGA2/FGF9/NOTCH3/RBPMS2/IL10/TNF/EDN1/NR4A3/THBS1",15
"GO:0071677","positive regulation of mononuclear cell migration","15/1328","98/18860",0.153061224489796,2.17374600442587,3.20619723833584,0.00346575355835482,0.0452051180996979,0.0370266429620558,"GAS6/MDK/ITGB3/CCR1/IL12A/JAM3/CCL7/CCL3/PLA2G7/CCL4/CCL20/TNF/SERPINE1/XCL1/THBS1",15
"GO:0045664","regulation of neuron differentiation","25/1328","199/18860",0.125628140703518,1.78414663679845,3.06054664360987,0.00347594738811663,0.0452290942593157,0.0370462813733483,"ASPM/WDR62/TP73/BMP6/RAP1GAP/MAP1B/MMD/MEIS1/NLGN1/EDNRB/GATA2/SLC6A4/PBX1/TGIF1/NOTCH3/ZFHX2/CNTF/MYCN/PAX6/SOX8/HES1/CNTN2/NRCAM/TRPC6/RELN",25
"GO:0055074","calcium ion homeostasis","37/1328","331/18860",0.11178247734139,1.58751319477305,2.96789319315688,0.00359965082597535,0.0467264026882604,0.0382726979149519,"CAV1/XK/FAM20A/HSP90B1/SNCA/CAV2/GP9/ITGB3/GP1BA/SLC24A3/SLC8A3/KEL/F2RL3/ELANE/ADORA1/CCR1/APOE/PKHD1/RYR2/TGM2/ASPH/NTSR1/CCL7/TRPC1/CCL3/FKBP1B/FASLG/CDH5/PRKD1/KL/PLCH1/PLCB4/ATP2A1/ANK2/EDN1/TRPC6/XCL1",37
"GO:0046209","nitric oxide metabolic process","14/1328","89/18860",0.157303370786517,2.23399214836876,3.21148820751224,0.0036162926324034,0.046755197603414,0.0382962832762414,"CAV1/CLU/IGF1/KLRK1/ASS1/HBB/APOE/CPS1/IL1B/OPRM1/IL10/TNF/EDN1/PTX3",14
"GO:0000132","establishment of mitotic spindle orientation","8/1328","37/18860",0.216216216216216,3.07066102246825,3.46982911029214,0.00363269507201542,0.046755197603414,0.0382962832762414,"PLK1/CENPA/NDC80/MAD2L1/SAPCD2/PKHD1/SPRY2/PAX6",8
"GO:0060717","chorion development","4/1328","10/18860",0.4,5.68072289156626,4.07473988427236,0.0036419493222664,0.046755197603414,0.0382962832762414,"E2F7/E2F8/HTRA1/FZD5",4
"GO:1902423","regulation of attachment of mitotic spindle microtubules to kinetochore","4/1328","10/18860",0.4,5.68072289156626,4.07473988427236,0.0036419493222664,0.046755197603414,0.0382962832762414,"AURKB/BIRC5/CDCA8/CDK1",4
"GO:1904407","positive regulation of nitric oxide metabolic process","9/1328","45/18860",0.2,2.84036144578313,3.40173053878914,0.00364505697185308,0.046755197603414,0.0382962832762414,"CLU/KLRK1/ASS1/HBB/APOE/IL1B/TNF/EDN1/PTX3",9
"GO:0001706","endoderm formation","11/1328","62/18860",0.17741935483871,2.51967547609794,3.29862931281473,0.00368834083891177,0.0471697968719064,0.0386358735645123,"MIXL1/ITGB5/MMP8/ITGA7/MESP1/FN1/MMP2/NOG/LAMA3/COL7A1/DUSP4",11
"GO:0006809","nitric oxide biosynthetic process","13/1328","80/18860",0.1625,2.3077936746988,3.2261092383853,0.0037199390651039,0.0471697968719064,0.0386358735645123,"CAV1/CLU/IGF1/KLRK1/ASS1/HBB/APOE/IL1B/OPRM1/IL10/TNF/EDN1/PTX3",13
"GO:0045069","regulation of viral genome replication","13/1328","80/18860",0.1625,2.3077936746988,3.2261092383853,0.0037199390651039,0.0471697968719064,0.0386358735645123,"TOP2A/APOBEC3B/IFITM3/LTF/APOBEC3A/SLPI/APOBEC3H/OASL/AICDA/MX1/ISG15/TNF/RSAD2",13
"GO:0051048","negative regulation of secretion","23/1328","179/18860",0.128491620111732,1.82481321935788,3.05157961343584,0.0037266300592509,0.0471697968719064,0.0386358735645123,"EGF/SNCA/SPX/PRKG1/ADRA2A/SYTL4/ADORA1/FFAR2/PTGER3/APOE/GNAZ/TIFAB/IL12A/FKBP1B/IL1B/ATP9A/OPRM1/CRHBP/TNF/EDN1/RHBDF1/RSAD2/OSM",23
"GO:0030282","bone mineralization","18/1328","128/18860",0.140625,1.99712914156627,3.11535079311565,0.00373837850693661,0.0471697968719064,0.0386358735645123,"IGF1/BMP6/GATA1/TMEM119/LTF/WNT11/SLC24A3/ECM1/S1PR1/CCR1/CCL3/FAM20C/AXIN2/ISG15/COL1A2/KL/PHEX/LOX",18
"GO:0045860","positive regulation of protein kinase activity","18/1328","128/18860",0.140625,1.99712914156627,3.11535079311565,0.00373837850693661,0.0471697968719064,0.0386358735645123,"TPX2/CLSPN/KIF14/CENPE/GAS6/IGF1/LTF/CASS4/S100A12/MMD/STRADB/ELANE/FBN1/TOM1L1/PILRB/SPDYA/FLT3/TNF",18
"GO:0071774","response to fibroblast growth factor","18/1328","128/18860",0.140625,1.99712914156627,3.11535079311565,0.00373837850693661,0.0471697968719064,0.0386358735645123,"SHCBP1/SNCA/GPC1/CREB3L1/FLRT2/SPRY2/NOG/FGF9/MIR573/FAM20C/CPS1/NRXN1/KL/KLB/KCNC1/THBS1/EGR3/SHISA2",18
"GO:1902904","negative regulation of supramolecular fiber organization","22/1328","169/18860",0.130177514792899,1.84875597062807,3.05037029260905,0.00383635202062728,0.0482934267154779,0.0395562171625021,"TPX2/DIAPH3/CLU/STMN1/SPTB/SNCA/MAP1B/MET/TMOD1/SPTA1/ARHGAP6/TJP1/S1PR1/APOE/VIL1/GAS2L1/CRACD/CDH5/SCIN/KANK2/ARPIN/SPTBN2",22
"GO:0051782","negative regulation of cell division","5/1328","16/18860",0.3125,4.43806475903614,3.78643174963031,0.00389357407983528,0.0487868437364545,0.0399603655562042,"AURKB/ASPM/E2F7/E2F8/INTU",5
"GO:0070943","neutrophil-mediated killing of symbiont cell","5/1328","16/18860",0.3125,4.43806475903614,3.78643174963031,0.00389357407983528,0.0487868437364545,0.0399603655562042,"ELANE/ARG1/AZU1/CTSG/SCNN1B",5
"GO:0050829","defense response to Gram-negative bacterium","16/1328","109/18860",0.146788990825688,2.08466895103349,3.12565382762996,0.00396266034290732,0.0495092854397949,0.0405521036631922,"HMGB2/H2BC12/H2BC11/SELP/IGHM/LTF/ADM/ELANE/IL23R/RNASE3/IL23A/CAMP/PRKD1/SERPINE1/AZU1/CTSG",16
"GO:0090257","regulation of muscle system process","31/1328","266/18860",0.116541353383459,1.65509783494882,2.96144182630536,0.00396952334765768,0.0495092854397949,0.0405521036631922,"CAV1/MYL9/ADGRD1/PPARG/IGF1/TNNT1/CTTN/SPX/SLC8A3/EHD3/PRKG1/SPHK1/ADRA2A/ADORA1/TNNC2/RYR2/ASPH/TIFAB/ITGA2/CNN1/ARHGAP42/NPR3/FKBP1B/PRKD1/ERRFI1/ATP2A1/ANK2/EDN1/DSG2/PROK2/NR4A3",31
"GO:0015718","monocarboxylic acid transport","23/1328","180/18860",0.127777777777778,1.81467536813922,3.0225607533383,0.00399573717101625,0.0497216673717493,0.0407260616196502,"SLCO4A1/FABP5/SLC16A14/PPARG/SLC6A8/SPX/SLCO2B1/SLC27A2/APOE/NTSR1/SLCO2A1/ABCC3/IL1B/TSPO2/ACSL1/PLA2G2F/PLA2G2D/TNF/EDN1/PLA2G2C/ABCC11/SLC22A3/THBS1",23
