"","baseMean","log2FoldChange","lfcSE","stat","pvalue","padj","GeneSymbol"
"ENSG00000167900",471.29883376736,3.20188042355414,0.17955074888778,17.8327322129708,3.93702458991847e-71,7.40003141921076e-67,"TK1"
"ENSG00000166851",189.812839120947,3.87961386615112,0.221254468185632,17.5346238110596,7.79638483744654e-69,7.32704247023226e-65,"PLK1"
"ENSG00000171848",866.111344065648,3.81989557365335,0.221807217625194,17.2216919474106,1.82572018979963e-66,8.57905917186848e-63,"RRM2"
"ENSG00000145386",184.509792127082,3.7548958778926,0.217857875257211,17.2355296931976,1.4373074482966e-66,8.57905917186848e-63,"CCNA2"
"ENSG00000175063",144.856583494587,3.56738286044692,0.210505255874362,16.9467638498113,2.03342799645728e-64,7.64406252428222e-61,"UBE2C"
"ENSG00000178999",121.358150409981,3.21562864984684,0.191558076416836,16.7867035940032,3.05340040299177e-63,9.56528566243887e-60,"AURKB"
"ENSG00000088325",230.309610541229,3.16382583829462,0.191837163351722,16.4922467733425,4.1714503116643e-61,1.12009400082917e-57,"TPX2"
"ENSG00000111206",91.842588622523,3.07999291114991,0.188795681361678,16.3138949415349,7.8616006557129e-60,1.84708307405974e-56,"FOXM1"
"ENSG00000224373",1085.8410319577,3.80868181423566,0.237178320422452,16.058305023207,5.00029409409232e-58,1.04428364213955e-54,"IGHV4-59"
"ENSG00000117399",233.058048914507,3.66038884835011,0.23022100298135,15.8994566132033,6.39167450833687e-57,1.201379140587e-53,"CDC20"
"ENSG00000123485",88.4191444411283,3.23286799058575,0.204040477738445,15.8442482904294,1.54052126886554e-56,2.63233070632697e-53,"HJURP"
"ENSG00000089685",240.450598925555,3.84490484691392,0.246596104016087,15.5919123793744,8.26226414753783e-55,1.29414597430934e-51,"BIRC5"
"ENSG00000170476",1908.26398063197,3.6653869197368,0.23798378541594,15.4018346810081,1.59090675539544e-53,2.30020641341636e-50,"MZB1"
"ENSG00000148773",571.473464345751,3.1593004857716,0.208298304792078,15.1671924979187,5.83184781944415e-52,7.8296722581623e-49,"MKI67"
"ENSG00000127564",117.33028649769,3.21460287716396,0.213943381971998,15.0254840674842,4.99947841399881e-51,6.26467975130144e-48,"PKMYT1"
"ENSG00000090889",53.9048943348301,3.51132543675649,0.237167615860849,14.8052482798353,1.35485835967952e-49,1.49799516050213e-46,"KIF4A"
"ENSG00000171241",198.868432586365,3.20564255432801,0.21651157954762,14.8058711733843,1.34236493251326e-49,1.49799516050213e-46,"SHCBP1"
"ENSG00000165949",4032.09115521819,8.72655278027406,0.59078426317909,14.7711327537997,2.24901002313118e-49,2.3484662441541e-46,"IFI27"
"ENSG00000143476",142.423404713522,3.15993788272157,0.214529621192298,14.7296110679704,4.16093620271775e-49,4.1162608876991e-46,"DTL"
"ENSG00000167513",98.382831265506,2.78663961047766,0.190862669541562,14.6002338601413,2.79883652221679e-48,2.63034656357934e-45,"CDT1"
"ENSG00000211950",1343.51420678298,5.83360154900438,0.40766348543901,14.3098456383019,1.89934438782085e-46,1.70000367207051e-43,"IGHV1-24"
"ENSG00000184357",68.6304356205499,3.26939386869131,0.229736422270251,14.2310646104053,5.87800571567983e-46,5.02195433781446e-43,"H1-5"
"ENSG00000169679",236.546657898284,3.11963089160854,0.219443208556076,14.2161195697763,7.27781212413381e-46,5.94755463848779e-43,"BUB1"
"ENSG00000065328",98.5391054929123,3.51690265228603,0.248303873791003,14.1637043296642,1.53675164148017e-45,1.20353266055255e-42,"MCM10"
"ENSG00000276043",231.35813162954,2.79989074132689,0.198103710374592,14.1334593684924,2.36247783688181e-45,1.77620533688122e-42,"UHRF1"
"ENSG00000066279",85.1356172628173,2.96006512728079,0.210633855881972,14.0531307984005,7.37023084286164e-45,5.3281099585549e-42,"ASPM"
"ENSG00000157456",150.733054898067,3.42857496468955,0.246321272784472,13.9191184177159,4.84847447667297e-44,3.37525652827945e-41,"CCNB2"
"ENSG00000122952",299.417037999851,2.36991614967798,0.171855542124634,13.7901642296718,2.92094213689859e-43,1.96078672875521e-40,"ZWINT"
"ENSG00000075218",56.2338947263479,3.11656274961196,0.226238211481709,13.7755807438565,3.57496637163815e-43,2.3170713076314e-40,"GTSE1"
"ENSG00000184661",67.7027698610692,3.39209581775993,0.247236724955503,13.72003216096,7.70312287642175e-43,4.82626325284077e-40,"CDCA2"
"ENSG00000168078",31.505890547164,4.07862370583111,0.297410357236122,13.7137917580758,8.39532582913794e-43,5.0902756220799e-40,"PBK"
"ENSG00000131153",116.426569889495,2.80811570188887,0.205770424645793,13.6468382505536,2.1082923024207e-42,1.23835819113436e-39,"GINS2"
"ENSG00000112984",66.0403089461489,3.49884106898965,0.257554177330775,13.5848740845547,4.92377998625242e-42,2.80446571580607e-39,"KIF20A"
"ENSG00000101057",981.386397311884,3.43783132276079,0.257484071673533,13.3516271527648,1.15889535476309e-40,6.40664620239033e-38,"MYBL2"
"ENSG00000183010",83.598243284708,3.18420606002767,0.23935451473468,13.3033047801806,2.21459181017053e-40,1.18929907611329e-37,"PYCR1"
"ENSG00000211962",1024.39027177461,3.53904945900717,0.266204350200725,13.2944839418989,2.49186512884158e-40,1.30103047115851e-37,"IGHV1-46"
"ENSG00000092853",90.1154810684643,2.64620559856665,0.200653670953663,13.1879251747043,1.02980667122784e-39,5.23141788983743e-37,"CLSPN"
"ENSG00000138180",71.1719354165161,3.46957025771799,0.264237685270785,13.1304899002671,2.20227170589071e-39,1.08931313115583e-36,"CEP55"
"ENSG00000211945",1036.18879447721,3.67105423853324,0.280522910529851,13.0864685226578,3.93481150187281e-39,1.89637735869747e-36,"IGHV1-18"
"ENSG00000115163",36.633322116782,3.61054325900829,0.279430030974033,12.9210995912741,3.42215598487021e-38,1.60807109729051e-35,"CENPA"
"ENSG00000176890",72.5569448384554,2.97558640116731,0.230518333325689,12.9082418662261,4.0442982024355e-38,1.85406412226775e-35,"TYMS"
"ENSG00000211956",3127.57358847684,4.27890503392125,0.331706466001071,12.8996732728973,4.52009533163803e-38,2.02285028222544e-35,"IGHV4-34"
"ENSG00000093009",109.28325458479,3.03469703258334,0.23555693233807,12.883072480448,5.6058617078423e-38,2.45041341071172e-35,"CDC45"
"ENSG00000109805",91.4785069569246,3.22667449743079,0.251169395970628,12.8466069083039,8.98662874727095e-38,3.8389244075842e-35,"NCAPG"
"ENSG00000094804",112.249658502758,2.94313332780381,0.229240151973626,12.8386467312341,9.96002805323811e-38,4.16019305085919e-35,"CDC6"
"ENSG00000111665",68.3403470693847,2.41911725548752,0.188738610473019,12.8172886799616,1.31208896956912e-37,5.36130962435243e-35,"CDCA3"
"ENSG00000211592",41774.0182503751,3.14677967545211,0.245776912177761,12.8033982019278,1.56930646948485e-37,6.27589029796538e-35,"IGKC"
"ENSG00000131747",377.662009143115,3.1693580057108,0.247649044485793,12.7977800693377,1.68705243579621e-37,6.60621616317201e-35,"TOP2A"
"ENSG00000126787",96.444411521261,3.81675178469622,0.300853524748052,12.6864120601297,7.03347210671635e-37,2.69798248403756e-34,"DLGAP5"
"ENSG00000099958",140.632917925483,2.71332272599952,0.214398860269121,12.6554904377461,1.0432205611601e-36,3.92167473351305e-34,"DERL3"
"ENSG00000187837",420.432754254476,1.84050863622659,0.145464631332691,12.6526195362031,1.0820585531079e-36,3.98791618906198e-34,"H1-2"
"ENSG00000146670",108.199016925178,2.86417103884361,0.228589186109516,12.5297748663902,5.13081160222404e-36,1.85459105529621e-33,"CDCA5"
"ENSG00000154839",51.8515476596775,3.03476199605474,0.242247812978258,12.5275103983173,5.27940327591128e-36,1.87229554667978e-33,"SKA1"
"ENSG00000071539",91.3158655856046,3.06879873339277,0.245401384113951,12.50522177971,6.99044560432641e-36,2.4331928810911e-33,"TRIP13"
"ENSG00000223350",258.802098207702,4.32118155761261,0.345969502147175,12.4900649646696,8.4584546514428e-36,2.89063842960944e-33,"IGLV9-49"
"ENSG00000017483",569.061942398071,1.5787237902855,0.126426574334203,12.4872780789916,8.75996027920821e-36,2.94021809657138e-33,"SLC38A5"
"ENSG00000237649",76.8841891559843,2.6994797765848,0.21746263074863,12.4135340738391,2.20692039608296e-35,7.27741680083777e-33,"KIFC1"
"ENSG00000211896",48489.3287920066,5.28274265094606,0.427023230570764,12.3710896100081,3.74703528698588e-35,1.21429784921011e-32,"IGHG1"
"ENSG00000135476",65.8954356760591,2.8001186227347,0.226930755059069,12.339088291518,5.57839629319863e-35,1.77714469028748e-32,"ESPL1"
"ENSG00000142945",105.517096481341,2.90562399747145,0.235928928914393,12.3156749400823,7.45885364515973e-35,2.33661021857371e-32,"KIF2C"
"ENSG00000085999",37.4511789036831,2.86840918537471,0.233956547539572,12.2604356045626,1.47703745785313e-34,4.55121246849302e-32,"RAD54L"
"ENSG00000132465",7793.80813657306,3.57952177944559,0.292400533103931,12.2418442314306,1.85763062960069e-34,5.63161698612494e-32,"JCHAIN"
"ENSG00000152253",25.267308213353,3.87963888399401,0.317026692282664,12.2375780287134,1.95788137703719e-34,5.84132354964937e-32,"SPC25"
"ENSG00000211679",7155.58713362461,3.63720585193688,0.297588432960266,12.2222689092977,2.36393567367181e-34,6.94258358161491e-32,"IGLC3"
"ENSG00000156970",71.3682367297908,2.78347468436626,0.228040664756168,12.2060453004839,2.88578401937133e-34,8.34479945047745e-32,"BUB1B"
"ENSG00000135451",61.5150609015917,3.42281095876026,0.281200208688293,12.172149425943,4.37410242795122e-34,1.24569135205714e-31,"TROAP"
"ENSG00000143603",73.7456947623367,3.98108005494596,0.329618767513232,12.0778318691642,1.38318962735551e-33,3.88036302026481e-31,"KCNN3"
"ENSG00000051180",102.953686711228,2.52884280076757,0.209406005078594,12.0762668664561,1.40976163551655e-33,3.89674701487779e-31,"RAD51"
"ENSG00000072571",46.3966841998025,2.92273691581682,0.242284809858861,12.0632280559372,1.65179360320954e-33,4.49958153129369e-31,"HMMR"
"ENSG00000121152",115.757903891495,2.0358651612924,0.169338710534333,12.0224439814642,2.70840274668944e-33,7.27244828953924e-31,"NCAPH"
"ENSG00000169607",44.3168653799797,3.2011855555299,0.266390545337424,12.0168887806251,2.89674217665404e-33,7.66861492287174e-31,"CKAP2L"
"ENSG00000011426",51.622398194232,2.87384643145054,0.239534878505933,11.9976115769686,3.65697701210219e-33,9.54674165548232e-31,"ANLN"
"ENSG00000134057",181.913671284429,2.28712985797142,0.191553559086036,11.9398974828975,7.33134992105801e-33,1.88767196049598e-30,"CCNB1"
"ENSG00000129538",319.313580761421,5.12164376791269,0.431054411170063,11.8816642057099,1.47403109531484e-32,3.74403898209969e-30,"RNASE1"
"ENSG00000211666",2600.03670124036,3.29955967631373,0.279384210552188,11.8101150734049,3.4608729605265e-32,8.67340908880747e-30,"IGLV2-14"
"ENSG00000164045",33.0451030361701,3.09468968520969,0.262780429174978,11.7767129573756,5.14609809220803e-32,1.27271131238345e-29,"CDC25A"
"ENSG00000048462",263.718764044636,3.3949310145103,0.290806603941996,11.6741881666052,1.72706611156273e-31,4.21583566661469e-29,"TNFRSF17"
"ENSG00000051341",76.0484693415878,2.18305501652211,0.187095217311244,11.6681497683101,1.85411833503233e-31,4.46794977247022e-29,"POLQ"
"ENSG00000239264",249.872387060527,2.59516645128459,0.222577163288877,11.6596258705858,2.04940909276178e-31,4.87603712753803e-29,"TXNDC5"
"ENSG00000211955",1210.27663084591,3.4772115200561,0.2994752787932,11.611013550328,3.62295443334622e-31,8.51213144114695e-29,"IGHV3-33"
"ENSG00000211598",3647.55853139668,3.13431907508583,0.270762253662737,11.5759085052895,5.45898756776576e-31,1.26675469535463e-28,"IGKV4-1"
"ENSG00000244437",1814.08961309126,3.30753851161385,0.286009088223991,11.5644524869906,6.23879721282668e-31,1.43005405380842e-28,"IGKV3-15"
"ENSG00000165480",58.0639633167107,3.27888876386024,0.283895603225254,11.549628548698,7.41401713667268e-31,1.67896224217952e-28,"SKA3"
"ENSG00000178445",152.037435572616,3.85966116031944,0.335178275912726,11.5152485637954,1.10540337199007e-30,2.47347164046729e-28,"GLDC"
"ENSG00000111291",35.39973536187,3.41201757949135,0.297780648287824,11.4581575367968,2.14019200298897e-30,4.73259398684479e-28,"GPRC5D"
"ENSG00000161888",41.0254033104049,2.93598858158042,0.256493410022085,11.4466433321917,2.44428206801305e-30,5.3421774128341e-28,"SPC24"
"ENSG00000163808",85.31900176115,2.42075421685819,0.212093896220107,11.4135968078307,3.57628915716484e-30,7.72642885035291e-28,"KIF15"
"ENSG00000100526",86.2963534968355,2.76103412211217,0.242273609528838,11.3963469957858,4.36033726601548e-30,9.31328400591215e-28,"CDKN3"
"ENSG00000211659",3223.53907112403,4.49339368555521,0.394389919172994,11.3932772292393,4.51675684430117e-30,9.53898445454886e-28,"IGLV3-25"
"ENSG00000211668",1016.70522595448,3.66028054789819,0.321324813521723,11.3912165941418,4.62486731797665e-30,9.65877845652101e-28,"IGLV2-11"
"ENSG00000171320",35.7800146917783,2.61715622727554,0.230837903983421,11.3376364198122,8.54204154103204e-30,1.76435398687075e-27,"ESCO2"
"ENSG00000211947",1465.17246435951,3.11374152794943,0.276138574086631,11.2760107429706,1.72387352753205e-29,3.52194856777091e-27,"IGHV3-21"
"ENSG00000138160",183.213229117925,2.30460064845681,0.204519011693554,11.2683932382285,1.87968723494204e-29,3.79898938365276e-27,"KIF11"
"ENSG00000162062",33.3705830142498,2.38740322466514,0.211918691446776,11.265656692981,1.93900958428337e-29,3.87719405810535e-27,"TEDC2"
"ENSG00000117724",141.176140163915,2.1559948394575,0.192000015165884,11.229138901863,2.93323177348462e-29,5.80347625414915e-27,"CENPF"
"ENSG00000137563",147.223776709446,2.41194142152053,0.214818197067361,11.2278263873717,2.97712319223566e-29,5.82895911679806e-27,"GGH"
"ENSG00000211660",1452.7122213664,3.70843960548603,0.330454748696469,11.2222312438074,3.17165631311491e-29,6.14581980013483e-27,"IGLV2-23"
"ENSG00000154277",30.9610293804255,5.22816636781278,0.46640606362268,11.2094734086526,3.6636650280639e-29,7.02675998647848e-27,"UCHL1"
"ENSG00000143228",55.5648776653221,2.12577860123427,0.190230993473122,11.1747227011913,5.42194482926293e-29,1.02469057848145e-26,"NUF2"
"ENSG00000211677",14396.3692449048,3.58592597614853,0.32091012095776,11.1742377131836,5.45164172420433e-29,1.02469057848145e-26,"IGLC2"
"ENSG00000165304",62.5191837482998,3.11804321765203,0.279578811111177,11.152644956388,6.95089650565702e-29,1.29355495762702e-26,"MELK"
"ENSG00000035499",50.3710717590056,2.86021780027483,0.257044986719731,11.1273043554569,9.23872397218349e-29,1.70246133118785e-26,"DEPDC1B"
"ENSG00000007968",324.548714659782,1.80730974428968,0.162870037379045,11.0966373764842,1.30252681945937e-28,2.36757627845216e-26,"E2F2"
"ENSG00000117650",34.1829119251848,2.8360902085748,0.255592831969379,11.0961257666043,1.31000177143555e-28,2.36757627845216e-26,"NEK2"
"ENSG00000097021",268.528741181374,1.59504834904434,0.144163448112112,11.0641661942208,1.87195705376949e-28,3.35098140787156e-26,"ACOT7"
"ENSG00000123131",549.836209863674,1.14196878565615,0.103433258747635,11.0406343132089,2.43309427561103e-28,4.31438113248914e-26,"PRDX4"
"ENSG00000024526",19.3499843322945,3.53682615874676,0.320821301842754,11.0242871605835,2.91821305047993e-28,5.12208395269551e-26,"DEPDC1"
"ENSG00000211637",935.325104584406,3.67005107273634,0.332929052192507,11.0235230256032,2.94309995153817e-28,5.12208395269551e-26,"IGLV4-69"
"ENSG00000158402",14.1521824230164,4.01188558542295,0.36438095337533,11.0101407558768,3.41469821878404e-28,5.88831813947383e-26,"CDC25C"
"ENSG00000073111",477.559281188815,1.76819223433883,0.161354789049092,10.958411862203,6.05526374736125e-28,1.03467943086729e-25,"MCM2"
"ENSG00000259772",50.988364206697,2.2634665276432,0.208067470199752,10.8785218826864,1.45909739715447e-27,2.44867809615315e-25,"LINC03034"
"ENSG00000241351",1946.87671548131,2.8595934610333,0.262982905086622,10.8736857252809,1.53857092313442e-27,2.55920168771987e-25,"IGKV3-11"
"ENSG00000240382",171.10469775286,3.00936482874424,0.27717773060177,10.8571667074794,1.84381313505821e-27,3.0400273409258e-25,"IGKV1-17"
"ENSG00000211966",938.055681878874,3.04596913835722,0.281068652310664,10.8371001650889,2.29634791830082e-27,3.75323091064194e-25,"IGHV5-51"
"ENSG00000118193",36.2757088685758,2.61947335405379,0.241773549297709,10.8344083199453,2.3648924196212e-27,3.76933596007117e-25,"KIF14"
"ENSG00000211949",3371.6755688067,3.21917367654764,0.297096148364403,10.8354608239457,2.33785342609219e-27,3.76933596007117e-25,"IGHV3-23"
"ENSG00000166803",28.5605621830075,3.16800383832599,0.292403644560245,10.8343514086169,2.36636328627579e-27,3.76933596007117e-25,"PCLAF"
"ENSG00000139734",25.2456775565642,3.16911332555802,0.292990404551118,10.8164406626672,2.87735832907642e-27,4.54477539103532e-25,"DIAPH3"
"ENSG00000211599",31.7300819271856,3.39966754332136,0.31827080971882,10.6816818869592,1.24004372508097e-26,1.94232182138515e-24,"IGKV5-2"
"ENSG00000211673",1439.97606464621,3.77399967065496,0.35342041182383,10.6784994425738,1.28329168444855e-26,1.99345045461941e-24,"ENSG00000211673"
"ENSG00000243466",2913.20979063824,3.29292223863545,0.309426665047886,10.6420118580467,1.89982240079692e-26,2.9269722824081e-24,"IGKV1-5"
"ENSG00000134690",116.232823744691,1.86947007663754,0.175915378683019,10.6270986120329,2.22940496113929e-26,3.40682078451822e-24,"CDCA8"
"ENSG00000157445",107.230220877144,-2.27587172942388,0.214848870688123,-10.5928959371984,3.21489195280874e-26,4.8731539633059e-24,"CACNA2D3"
"ENSG00000164087",92.3823185806921,1.64252694430992,0.155071113340489,10.592088422706,3.24275174525792e-26,4.87606094430943e-24,"POC1A"
"ENSG00000211653",2197.88173399393,3.08675239056813,0.291825936767412,10.5773750776248,3.79439646434571e-26,5.66027586855888e-24,"IGLV1-40"
"ENSG00000115884",90.4295443739841,5.1414808275647,0.486670189706344,10.5646101534739,4.34771370172093e-26,6.43461627854698e-24,"SDC1"
"ENSG00000112742",44.2732410744147,2.5157060998744,0.239629249684231,10.4983264905659,8.79250462792678e-26,1.29112435145712e-23,"TTK"
"ENSG00000211649",342.761832713883,3.83177154576405,0.365500927759356,10.483616469195,1.02738290486141e-25,1.49695264184303e-23,"IGLV7-46"
"ENSG00000196465",56.6010875802223,1.42167685270489,0.13599221745566,10.4541045017405,1.40318008881956e-25,2.02878253457326e-23,"MYL6B"
"ENSG00000085840",78.6093876750963,2.57620704742985,0.247703096005663,10.4003829139501,2.46938864415167e-25,3.54310144698281e-23,"ORC1"
"ENSG00000174371",54.5843640565385,2.68237212268502,0.259934998384551,10.3193957695404,5.75843971678351e-25,8.19966916035325e-23,"EXO1"
"ENSG00000170312",126.280142288013,2.73008025780598,0.265306112087332,10.2903029120841,7.79308233902732e-25,1.10134417777712e-22,"CDK1"
"ENSG00000137309",1088.87481959054,1.00193049046747,0.0974733916899857,10.2790153609727,8.76181219951656e-25,1.21990386742306e-22,"HMGA1"
"ENSG00000211952",110.893994615585,3.09917640828639,0.302029503829772,10.2611710743104,1.05420419564414e-24,1.45697221039171e-22,"IGHV4-28"
"ENSG00000276368",15.6794860999926,3.34377035594039,0.327321946136969,10.2155397626201,1.68936279803357e-24,2.3177564344408e-22,"H2AC14"
"ENSG00000101187",116.378776457331,2.74790493940516,0.270062934633404,10.1750539856026,2.56257852798719e-24,3.49030623275704e-22,"SLCO4A1"
"ENSG00000137812",86.1143172933515,2.05071030966831,0.201834978272597,10.1603316096114,2.98060945919682e-24,4.03047017230672e-22,"KNL1"
"ENSG00000108641",33.4052811540587,1.62545722137101,0.16064447464993,10.1183512530583,4.58066610753386e-24,6.14987143980046e-22,"B9D1"
"ENSG00000165948",85.2174891068614,1.41026993619505,0.139659738033155,10.0978990513376,5.64383267880184e-24,7.52350915111769e-22,"IFI27L1"
"ENSG00000165409",26.605778306963,2.40526538044941,0.240411498402626,10.004785113985,1.45206590022326e-23,1.92204441271806e-21,"TSHR"
"ENSG00000140534",19.2590032342922,2.56251010600575,0.256920463389896,9.97394318924668,1.98200113064719e-23,2.60515337424088e-21,"TICRR"
"ENSG00000077152",80.6671567609438,1.56982515992108,0.157560489473475,9.96331735936469,2.20577176775449e-23,2.87914487129954e-21,"UBE2T"
"ENSG00000211658",251.447620660014,4.71252534342711,0.473721798501393,9.94787522620885,2.57624876091829e-23,3.33952908346346e-21,"IGLV3-27"
"ENSG00000211941",613.199631889312,3.10415232877506,0.313245094747018,9.90965981855845,3.7793076599309e-23,4.86547032712748e-21,"IGHV3-11"
"ENSG00000101412",299.194098811444,2.71924325061371,0.274509134706346,9.90583884766751,3.92660908807397e-23,5.02071730744479e-21,"E2F1"
"ENSG00000153093",17.2172630913348,3.96018217172857,0.4023399019634,9.84287701121133,7.35761404712614e-23,9.27063978158802e-21,"ACOXL"
"ENSG00000140451",68.8777192182646,1.6662202193026,0.169291382731021,9.84232151940057,7.3983611791775e-23,9.27063978158802e-21,"PIF1"
"ENSG00000135916",1949.67176218889,1.7722480445132,0.180661700711692,9.80976066056987,1.02210697182981e-22,1.2722862677161e-20,"ITM2C"
"ENSG00000160957",190.839692486285,1.58814752798394,0.162309877079095,9.7846634879159,1.31030423842439e-22,1.62029463588321e-20,"RECQL4"
"ENSG00000158089",21.7162494110665,3.25169173829686,0.332417827043017,9.78194150181984,1.34603342392227e-22,1.65359766248647e-20,"GALNT14"
"ENSG00000211644",129.752434327215,3.54406196824703,0.363361773212833,9.7535355381788,1.78153301616177e-22,2.17439575141407e-20,"IGLV1-51"
"ENSG00000123080",127.450192398132,1.19927396721686,0.122975011774432,9.75217607148224,1.80555771102445e-22,2.17546556002664e-20,"CDKN2C"
"ENSG00000119326",88.4256245964927,2.18089234182658,0.223623168805561,9.75253303794676,1.79921847618159e-22,2.17546556002664e-20,"CTNNAL1"
"ENSG00000256663",10.9443599299759,4.01280651708286,0.413332874902318,9.70841363158253,2.77624188890192e-22,3.32370971616563e-20,"ENSG00000256663"
"ENSG00000180535",45.0611089904707,3.59452857668889,0.371231526439326,9.68271367242397,3.57108991687543e-22,4.22152239481701e-20,"BHLHA15"
"ENSG00000211946",1292.55036717887,4.84872246562014,0.501177510776627,9.67466089630906,3.86370387953113e-22,4.5388861324792e-20,"IGHV3-20"
"ENSG00000166562",1156.52364394484,1.39180307800997,0.144459231988619,9.63457342843705,5.7128780681454e-22,6.63821101690761e-20,"SEC11C"
"ENSG00000184164",1118.82814842899,1.02658000193659,0.106553370568268,9.63442072701837,5.72137787156327e-22,6.63821101690761e-20,"CRELD2"
"ENSG00000180596",134.796270168792,2.04206946567546,0.21257287244896,9.60644433200561,7.50975627583578e-22,8.65971650065087e-20,"H2BC4"
"ENSG00000119333",296.820412997166,1.24566176110051,0.12974111334147,9.60113358841008,7.90699545696542e-22,9.06218820787329e-20,"DYNC2I2"
"ENSG00000239672",213.772085955206,1.20126569385794,0.125577961361879,9.56589580552468,1.11233952461334e-21,1.26712325482621e-19,"NME1"
"ENSG00000240864",279.62197799652,2.96559373362201,0.310816120004276,9.54131250844134,1.41035894062473e-21,1.59693413542063e-19,"IGKV1-16"
"ENSG00000186185",34.0538084766035,2.98821323276556,0.313666078882304,9.52673379095868,1.62309572096538e-21,1.82680881265062e-19,"KIF18B"
"ENSG00000080986",138.496583059874,1.60744205178558,0.169020859436587,9.51031758531942,1.9008133489832e-21,2.12664807782668e-19,"NDC80"
"ENSG00000129195",20.4304791706259,2.58650123507212,0.27226746869103,9.49985412325293,2.10184532622643e-21,2.33764998531076e-19,"PIMREG"
"ENSG00000123473",87.5583380031663,1.79389942061529,0.189066548002532,9.48819047878984,2.35079425503093e-21,2.5991487539742e-19,"STIL"
"ENSG00000124575",446.783064425212,1.43172117063768,0.151132413546277,9.47328992532291,2.71165736990814e-21,2.98060303653762e-19,"H1-3"
"ENSG00000228716",56.2473159459044,1.75611650632741,0.185399742236649,9.47205473503765,2.74392181132242e-21,2.99273661806929e-19,"DHFR"
"ENSG00000243290",139.139844264528,3.35238002940908,0.354587315887026,9.45431457699738,3.25145163038173e-21,3.51231522095719e-19,"IGKV1-12"
"ENSG00000164687",118.301481883197,1.29348380787972,0.13732897094068,9.4188706069781,4.55965925895534e-21,4.89733459607568e-19,"FABP5"
"ENSG00000076003",671.271135215904,1.0969972863309,0.116515875825626,9.41500270720731,4.7307020761329e-21,5.02363142502791e-19,"MCM6"
"ENSG00000159189",117.554422661114,3.56248886466311,0.379469680407113,9.38807248273724,6.11082729765604e-21,6.45275898240129e-19,"C1QC"
"ENSG00000211640",1517.15593620828,4.09368058801976,0.436523818791254,9.3779088604037,6.72940829463317e-21,7.0662546539623e-19,"IGLV6-57"
"ENSG00000123989",427.562399825299,1.53854287896628,0.164237315441647,9.36780338152154,7.40576927650607e-21,7.73326885117822e-19,"CHPF"
"ENSG00000211665",94.2126217874572,3.71477084490558,0.397682767755253,9.34104051295421,9.53919921170685e-21,9.90601040791393e-19,"IGLV3-16"
"ENSG00000211897",8001.42483754468,4.20987770997496,0.450998610973194,9.33456912625653,1.01402845925961e-20,1.04723510550789e-18,"IGHG3"
"ENSG00000270550",1796.94904511513,3.10216449992505,0.33243745666166,9.33157331630743,1.04310838574691e-20,1.07138061303273e-18,"IGHV3-30"
"ENSG00000173369",396.494193751807,2.90647363073117,0.312033791523905,9.31461178142465,1.22399330309985e-20,1.25033576766656e-18,"C1QB"
"ENSG00000105974",44.0637837094398,3.32713587721251,0.357546283912738,9.30546904530134,1.33402212410898e-20,1.35536647809472e-18,"CAV1"
"ENSG00000128228",1025.36292664945,1.22958804960043,0.132352632662051,9.29024247473835,1.53937234943825e-20,1.55559369247534e-18,"SDF2L1"
"ENSG00000211651",1644.86663661831,3.23920959726284,0.348690229344615,9.28964830288228,1.547989740838e-20,1.5559366400423e-18,"IGLV1-44"
"ENSG00000120885",5149.63682837857,3.24184002012534,0.349559415467522,9.27407438243228,1.79167894797151e-20,1.78181997386627e-18,"CLU"
"ENSG00000211934",2560.4562402971,3.69401159668416,0.399097131976001,9.25592117987532,2.12390984191472e-20,2.10110575729627e-18,"IGHV1-2"
"ENSG00000282600",53.7599968634758,3.4587520384404,0.374263049850182,9.24150016899864,2.43065110510426e-20,2.39196430217485e-18,"IGHV3-69-1"
"ENSG00000168496",519.126760459762,1.1852938161748,0.128568554202095,9.2191580089767,2.99442260264697e-20,2.93141496038294e-18,"FEN1"
"ENSG00000274997",21.7537718983509,2.63683096174842,0.286890473779008,9.1910718645178,3.8894612802723e-20,3.76836671257722e-18,"H2AC12"
"ENSG00000106799",982.060473085418,-1.09538655343437,0.119882787565364,-9.13714617152302,6.41220748370429e-20,6.18071035198491e-18,"TGFBR1"
"ENSG00000138778",82.6919333515229,1.7340134690628,0.189800508283262,9.13597905899666,6.48175844565228e-20,6.21587406859593e-18,"CENPE"
"ENSG00000211648",1654.96827889281,3.63917689053188,0.398428031645387,9.13383748503633,6.61132474932715e-20,6.30794213138848e-18,"IGLV1-47"
"ENSG00000029993",125.769198233019,1.86383511734533,0.204586917488214,9.11023608072449,8.22028990409432e-20,7.80346308269479e-18,"HMGB3"
"ENSG00000047597",154.074115455107,3.39200854412993,0.37258567401083,9.10396931695054,8.70893911788461e-20,8.22578993265121e-18,"XK"
"ENSG00000277224",23.8303473264295,2.36890678872945,0.261391577348708,9.06267452362944,1.27290406776318e-19,1.17281886557239e-17,"H2BC7"
"ENSG00000104738",765.514474452366,1.63353642864603,0.180235712614987,9.06333381406787,1.26523102316237e-19,1.17281886557239e-17,"MCM4"
"ENSG00000076382",279.589883543048,1.71637702798047,0.189383961341388,9.06294818116348,1.26971358247637e-19,1.17281886557239e-17,"SPAG5"
"ENSG00000142731",97.7079223633971,1.45135599445041,0.160977529482829,9.015891839769,1.9527503632898e-19,1.79043394284854e-17,"PLK4"
"ENSG00000211965",518.200823596288,3.1149890830976,0.348732789968335,8.93230912808755,4.17207779034966e-19,3.78832725349818e-17,"IGHV3-49"
"ENSG00000211632",57.9012678243703,2.91385924146439,0.326375384126034,8.92793814480558,4.34022200151814e-19,3.92205830483342e-17,"IGKV3D-11"
"ENSG00000165891",19.9134618537481,2.76005484089475,0.31050839984169,8.88882504403082,6.17584840567119e-19,5.52767841109503e-17,"E2F7"
"ENSG00000168268",170.875339702758,2.19349949848996,0.247241155829265,8.8719027830654,7.19065426456938e-19,6.4054757135946e-17,"NT5DC2"
"ENSG00000149554",76.3677414703393,1.70082456621414,0.19224135368748,8.84733972992671,8.96302214952016e-19,7.94664926048966e-17,"CHEK1"
"ENSG00000137198",478.979680436258,2.73518623250574,0.311011861223488,8.79447562464597,1.43717565427662e-18,1.26229689709268e-16,"GMPR"
"ENSG00000104147",12.0318838347108,2.22840851308597,0.253406039124333,8.79382559621083,1.44551896423457e-18,1.263719741942e-16,"OIP5"
"ENSG00000211970",449.198241206964,3.57320004370844,0.40637384255334,8.79288888590172,1.45762611334991e-18,1.26840464937616e-16,"IGHV4-61"
"ENSG00000211890",6212.6025855279,3.42087597865615,0.392037338928621,8.725893273342,2.6408765954095e-18,2.24605956956185e-16,"IGHA2"
"ENSG00000253709",60.4965018073851,6.56334326659304,0.752130687364514,8.7263335705543,2.63062013383712e-18,2.24605956956185e-16,"IGHV1-14"
"ENSG00000109674",19.7414753802037,2.23487921798364,0.256821934964207,8.70205739355992,3.25920670559228e-18,2.7470874097898e-16,"NEIL3"
"ENSG00000243238",502.57343797023,3.85411470989133,0.4437797991932,8.68474571600189,3.79590567274867e-18,3.18517156361536e-16,"IGKV2-30"
"ENSG00000164104",4051.97909443962,1.01708482076758,0.117373510861242,8.66536932655925,4.5005163726358e-18,3.74299582920631e-16,"HMGB2"
"ENSG00000170439",183.389258212572,5.63133691782403,0.650070770114744,8.66265209375595,4.60913428408415e-18,3.81644440544695e-16,"TMT1B"
"ENSG00000151725",104.719387508729,1.94926593000831,0.225694616157552,8.63674093425242,5.78393434734952e-18,4.74737248876775e-16,"CENPU"
"ENSG00000134285",965.572967675542,1.04426241961347,0.120954193439121,8.63353629933527,5.94837677217513e-18,4.86111694825234e-16,"FKBP11"
"ENSG00000101335",693.959977284178,3.75970521211905,0.437185128607731,8.59980124230732,7.98542729261877e-18,6.46957290483028e-16,"MYL9"
"ENSG00000074842",2044.33753329501,1.08404231136465,0.126086633350336,8.59759898856686,8.14011595796912e-18,6.5665931135617e-16,"MYDGF"
"ENSG00000211972",120.954288470694,2.96134726455921,0.344644702465277,8.59246419102458,8.51237009306451e-18,6.83754308842908e-16,"IGHV3-66"
"ENSG00000196747",18.9816494679159,2.49836592768334,0.291058037091991,8.58373798107392,9.18390241555744e-18,7.34555871501351e-16,"H2AC13"
"ENSG00000211669",1187.65685714996,4.49655399241692,0.524385364269695,8.57490368496309,9.91697510515203e-18,7.89828237612023e-16,"IGLV3-10"
"ENSG00000121211",9.16258600781402,3.18692508631716,0.372784670875165,8.54897031799992,1.24191447133098e-17,9.84178134556853e-16,"MND1"
"ENSG00000100479",35.4984493473582,2.06203016447145,0.241697262214218,8.53145850962872,1.44514044053602e-17,1.13178582167979e-15,"POLE2"
"ENSG00000123352",125.075193595407,1.15827496624692,0.135894040240806,8.52336838462115,1.54978871204918e-17,1.20870658222724e-15,"SPATS2"
"ENSG00000203760",99.2454938084895,1.45368476707917,0.170655629855966,8.51823504625124,1.62003160328269e-17,1.25826917418601e-15,"CENPW"
"ENSG00000241163",1186.61833972655,-1.3955741268242,0.164733593414558,-8.47170329923048,2.4183046717015e-17,1.85528386160414e-15,"LINC00877"
"ENSG00000168298",679.533046007835,1.44344644633643,0.170407803414619,8.47054194357746,2.44253943156355e-17,1.86625899006782e-15,"H1-4"
"ENSG00000162722",1267.64444848168,2.92052345126766,0.345247338227884,8.45922076114585,2.6917005839584e-17,2.04004855548718e-15,"TRIM58"
"ENSG00000161911",974.445001847605,2.96045747094636,0.350014665980524,8.45809549909286,2.71779512700344e-17,2.05155330149223e-15,"TREML1"
"ENSG00000211938",1143.82807580381,2.64193549293039,0.312803836401409,8.44598174793514,3.01500801598298e-17,2.25777253659029e-15,"IGHV3-7"
"ENSG00000211937",614.508930130551,2.92576018472638,0.347518163226882,8.41901372164038,3.79666940318611e-17,2.83183325802723e-15,"IGHV2-5"
"ENSG00000211662",1771.46188094531,2.93786342888606,0.349190089205185,8.41336429557072,3.98415149617329e-17,2.95992535660368e-15,"IGLV3-21"
"ENSG00000137807",95.3589560843747,1.79055780343076,0.212962845785206,8.40784126840939,4.17625808995223e-17,3.09043098656465e-15,"KIF23"
"ENSG00000105011",303.615874072301,1.22670099169126,0.146063572978271,8.39840465818092,4.52585211943417e-17,3.33599672301509e-15,"ASF1B"
"ENSG00000106853",22.2049860926105,2.75552222038437,0.328125763946702,8.39776245315485,4.55066604593567e-17,3.34118433591433e-15,"PTGR1"
"ENSG00000152207",193.604262394901,-1.9188508441852,0.228639595612639,-8.39246955035784,4.76035322867651e-17,3.48154082825695e-15,"CYSLTR2"
"ENSG00000259490",8.39516729103996,3.81064427377782,0.45436929791872,8.38666760987774,5.00116473417678e-17,3.62941669280258e-15,"ENSG00000259490"
"ENSG00000129173",25.1769138508528,2.838658828674,0.339005678181563,8.37348460916836,5.59389938649746e-17,4.04395895648485e-15,"E2F8"
"ENSG00000240671",230.240170600777,2.87552486614069,0.343756641358357,8.36500163248637,6.01140936449137e-17,4.31261261125877e-15,"IGKV1-8"
"ENSG00000146410",26.9053087271623,1.84875949403897,0.221440841854221,8.34877377884991,6.8975303530665e-17,4.9295049625946e-15,"MTFR2"
"ENSG00000145050",448.744097847494,1.18273723114783,0.141867733520495,8.33690087095781,7.62629437590849e-17,5.42969049581728e-15,"MANF"
"ENSG00000211650",229.233512591365,3.93415023676437,0.472223867163928,8.33111265720643,8.00860757095882e-17,5.68036935485819e-15,"IGLV5-45"
"ENSG00000087586",95.4357292177198,1.39045828585409,0.167383497633659,8.30702133430917,9.8134308735282e-17,6.93433258266301e-15,"AURKA"
"ENSG00000244575",189.359526433944,3.12613374830335,0.376556802422127,8.30189158234592,1.0246669431527e-16,7.21334826348243e-15,"IGKV1-27"
"ENSG00000196517",21.5292372098117,3.44206964300482,0.415796167759104,8.27826206661678,1.24985929360431e-16,8.76580420992038e-15,"SLC6A9"
"ENSG00000075702",99.9586694327668,1.32757068711449,0.160508012335471,8.27105555540613,1.32778156913415e-16,9.24332680497982e-15,"WDR62"
"ENSG00000156509",7.98197963693348,2.68343984231421,0.324533312692221,8.26861137937825,1.35528256407642e-16,9.3999598060444e-15,"FBXO43"
"ENSG00000163053",25.467628509995,2.59276356373903,0.313724408478551,8.26446235507462,1.4032573578277e-16,9.69692106534173e-15,"SLC16A14"
"ENSG00000166091",201.482877138655,2.83051274189349,0.343370088343913,8.24332939291585,1.67483671240058e-16,1.15312200902129e-14,"CMTM5"
"ENSG00000189057",77.9955848650335,1.78811715544864,0.217021897949481,8.23933977328354,1.73163536237889e-16,1.18787657924356e-14,"FAM111B"
"ENSG00000183087",427.084117134441,1.84740752934781,0.227026781829603,8.13739909652775,4.03859726815044e-16,2.7110526518627e-14,"GAS6"
"ENSG00000185155",14.0432268140847,3.34509912024713,0.411724862817272,8.1245982993544,4.48846436028848e-16,2.99167291191427e-14,"MIXL1"
"ENSG00000164109",187.067014579947,1.44596212831772,0.178219018560458,8.11339968089433,4.9222833835321e-16,3.24628906936384e-14,"MAD2L1"
"ENSG00000138798",113.247128294222,2.82819544120283,0.348706850480393,8.11052446290226,5.04017393025025e-16,3.31241640534908e-14,"EGF"
"ENSG00000211654",117.46000447882,4.71290510457227,0.581218117051228,8.10866861563587,5.11774098259586e-16,3.34331381300636e-14,"IGLV5-37"
"ENSG00000004468",955.375329027614,1.68243995994064,0.207733414061916,8.09903388695657,5.53973530235025e-16,3.60293649629672e-14,"CD38"
"ENSG00000112029",135.946001654567,1.13293095068143,0.139935477175276,8.09609524011107,5.67513981081397e-16,3.67827337531239e-14,"FBXO5"
"ENSG00000146858",21.0718782660828,2.5048192650233,0.309755033832143,8.08645216845989,6.14278250151756e-16,3.95410068145631e-14,"ZC3HAV1L"
"ENSG00000173210",243.639435732131,2.82201170156076,0.349312293856659,8.0787643354997,6.54263247596891e-16,4.19710989823589e-14,"ABLIM3"
"ENSG00000117632",1307.13969294809,1.40087906548201,0.173552306477116,8.0717974535632,6.92707219411188e-16,4.428613910222e-14,"STMN1"
"ENSG00000231475",302.821815468144,2.83405066221476,0.351309143783586,8.06711328857581,7.19797535766136e-16,4.58620829907129e-14,"IGHV4-30-2"
"ENSG00000184678",797.736488824869,1.72724665987648,0.214256874582706,8.06156938133502,7.53211235599312e-16,4.78289134605563e-14,"H2BC21"
"ENSG00000197903",179.340367703218,1.29688613473402,0.16093955384539,8.05821877684525,7.7414177803752e-16,4.8992487744085e-14,"H2BC12"
"ENSG00000241294",170.790009556023,4.16198242710085,0.516749009447053,8.05416624127521,8.00223966581851e-16,5.03043801868644e-14,"IGKV2-24"
"ENSG00000087116",270.971610717941,6.37965008874626,0.79260872881403,8.04892736709075,8.35227943718603e-16,5.23298147671162e-14,"ADAMTS2"
"ENSG00000164611",206.826990998385,1.57099915956137,0.195317479322375,8.04331063974262,8.74432873135776e-16,5.44233121968876e-14,"PTTG1"
"ENSG00000129810",32.4331826001708,1.76696019046658,0.219829188693021,8.03787795866381,9.14076005986526e-16,5.67028798961147e-14,"SGO1"
"ENSG00000113140",3614.23676183928,2.63666360045345,0.329035444608558,8.01331176825098,1.1166010694785e-15,6.9038268756309e-14,"SPARC"
"ENSG00000176055",62.5949843355398,-1.11012234693236,0.138943047673679,-7.98976534284456,1.35195840356834e-15,8.33160988638376e-14,"MBLAC2"
"ENSG00000172889",103.20580574006,2.48155956697718,0.310948347427128,7.98061667640392,1.45603991002142e-15,8.94370135580476e-14,"EGFL7"
"ENSG00000137941",25.1563331696177,2.58837279997754,0.325296612545431,7.95696204680289,1.763147658812e-15,1.07249590275179e-13,"TTLL7"
"ENSG00000135069",139.515330113717,1.52295141676279,0.191500196587967,7.95274074856218,1.82429850034925e-15,1.10255673995384e-13,"PSAT1"
"ENSG00000273983",7.18250690540237,3.43174204890631,0.431846585745646,7.94666940108118,1.91592822751352e-15,1.15422394116488e-13,"H3C8"
"ENSG00000169715",60.6383138142158,2.04651960286871,0.257550385852556,7.94609410540861,1.92484222914837e-15,1.15588928239849e-13,"MT1E"
"ENSG00000223609",817.233762580416,6.4716900769776,0.816180286449373,7.9292408606576,2.20489538297361e-15,1.31984756746408e-13,"HBD"
"ENSG00000105610",61.0250212341351,3.2796452731562,0.414692344448653,7.90862266222106,2.60252136470491e-15,1.53827017518848e-13,"KLF1"
"ENSG00000078900",28.2326675530015,2.21352739941987,0.280201441903657,7.89977162280613,2.79414905395151e-15,1.64635816984554e-13,"TP73"
"ENSG00000155660",4620.96883881623,1.04432540263881,0.132211611659438,7.89889321770673,2.81390813667706e-15,1.65281929178069e-13,"PDIA4"
"ENSG00000267659",7.51386980539965,3.11288117135745,0.394292587332603,7.89485085787729,2.90662602898213e-15,1.70196083616038e-13,"LINC01482"
"ENSG00000124635",69.4746813938616,2.55218339614225,0.323363904783708,7.89260445704154,2.95944440049344e-15,1.72750673762965e-13,"H2BC11"
"ENSG00000133742",620.099001748829,7.12138233512308,0.904743108162104,7.87116505323756,3.51353725034096e-15,2.04459585626652e-13,"CA1"
"ENSG00000251127",11.2815483463092,3.44260973123897,0.437677960841337,7.86562276204478,3.6726574111618e-15,2.12403903692915e-13,"ENSG00000251127"
"ENSG00000211895",43824.740168405,3.30209534020204,0.42034071465383,7.85575897143694,3.97358556833995e-15,2.29102804731649e-13,"IGHA1"
"ENSG00000211943",746.70330459949,2.62749647500026,0.334549998081239,7.85382301620047,4.03543634213896e-15,2.31957374577504e-13,"IGHV3-15"
"ENSG00000005961",5215.28337981321,3.11852326106532,0.397641567689224,7.84254845183238,4.41493290705542e-15,2.52997191832359e-13,"ITGA2B"
"ENSG00000273802",51.6806782975997,2.02064020499068,0.258060357744883,7.83010696663559,4.87455062804149e-15,2.75970040977915e-13,"H2BC8"
"ENSG00000136010",21.1330594489091,2.0898610767846,0.267263974144395,7.8194641963062,5.3048647205866e-15,2.98533644575287e-13,"ALDH1L2"
"ENSG00000211625",519.627890346281,4.91293667377716,0.629450178673645,7.8051239641071,5.94430868490584e-15,3.33520077735792e-13,"IGKV3D-20"
"ENSG00000111452",75.7075321219233,-1.50146690275432,0.192648101819566,-7.79383180302803,6.50070679087021e-15,3.62126672253832e-13,"ADGRD1"
"ENSG00000150967",105.252290830502,1.45060994321535,0.186351915797436,7.78425022897088,7.01278388708976e-15,3.87683193946291e-13,"ABCB9"
"ENSG00000029153",55.1679792850323,2.085705924158,0.268222939470037,7.77601620606721,7.48441232664209e-15,4.11207357259422e-13,"BMAL2"
"ENSG00000131462",309.805882304559,1.00154070444201,0.12894789080025,7.76701889597769,8.03548599938035e-15,4.37782593751748e-13,"TUBG1"
"ENSG00000124721",15.3736557340792,1.79540163677266,0.232058792628771,7.73683951568601,1.01918574243894e-14,5.53659399274058e-13,"DNAH8"
"ENSG00000088826",613.164375991133,2.37560452462682,0.307347455881317,7.72937754703316,1.08073709705648e-14,5.8540445176581e-13,"SMOX"
"ENSG00000111640",20790.6180690717,1.03404722292195,0.133834791873327,7.72629604341343,1.10720969295652e-14,5.95600300942122e-13,"GAPDH"
"ENSG00000232216",326.356146222039,3.60906623974862,0.467127573080507,7.72608265435579,1.10906631905588e-14,5.95600300942122e-13,"IGHV3-43"
"ENSG00000161981",430.899331507916,1.00799194727334,0.130461057774476,7.72638183737421,1.10646409101067e-14,5.95600300942122e-13,"SNRNP25"
"ENSG00000287080",5.28894344906458,3.58319835032664,0.463808514938557,7.72559846341185,1.11329047056391e-14,5.96165461103112e-13,"H3C3"
"ENSG00000239855",159.790305411468,2.958754616455,0.385114604231862,7.68278996418855,1.55660688870933e-14,8.24168537469875e-13,"IGKV1-6"
"ENSG00000125144",5.95260180136572,3.26907508960634,0.425730721156707,7.67873899427388,1.60662196311597e-14,8.45884213409744e-13,"MT1G"
"ENSG00000008256",214.662438834086,-1.01218991615872,0.131836567530947,-7.67761126609366,1.62082451281092e-14,8.50978143653463e-13,"CYTH3"
"ENSG00000118496",160.996965227988,-1.23969852196105,0.161756060215598,-7.66400047274091,1.80229229695366e-14,9.43617994806156e-13,"FBXO30"
"ENSG00000278857",10.8936433984172,4.06642363769781,0.531010390719262,7.6578984305557,1.89000262871387e-14,9.86791372480721e-13,"IGKV1D-12"
"ENSG00000169247",76.6775068375292,2.23033683450482,0.291458486202187,7.65233108689662,1.97368274516544e-14,1.02762717113932e-12,"SH3TC2"
"ENSG00000108950",375.603537974892,3.33926962802072,0.436790052042284,7.64502216203737,2.08909344496782e-14,1.08471271800042e-12,"FAM20A"
"ENSG00000187323",8.64625451266535,3.81837766124079,0.501431317566524,7.61495648052381,2.63780330132519e-14,1.36209205636561e-12,"DCC"
"ENSG00000092621",195.284713803403,1.44232431337671,0.189711714597646,7.60271613398095,2.89979104236441e-14,1.48919323585468e-12,"PHGDH"
"ENSG00000211663",3243.39133944532,3.97103531761469,0.523772168592513,7.58160810316766,3.41297890152208e-14,1.74796597910106e-12,"IGLV3-19"
"ENSG00000179750",87.6797702732875,2.27077955204584,0.299915805410356,7.57139007375377,3.6925145533995e-14,1.87579739312694e-12,"APOBEC3B"
"ENSG00000122966",49.2310018708092,1.7481567769077,0.231518543642787,7.55082832416635,4.32498633634388e-14,2.19117097514608e-12,"CIT"
"ENSG00000174175",659.456018874012,2.54437763192151,0.337331945060412,7.54265247978767,4.60507170256948e-14,2.32679913229828e-12,"SELP"
"ENSG00000132170",43.9053729271293,3.1659026508389,0.420767311060686,7.52411741030494,5.30776329297306e-14,2.66039250279258e-12,"PPARG"
"ENSG00000065485",222.675216808015,1.22940821020992,0.16393741313444,7.49925344498222,6.41823237340886e-14,3.17466041291034e-12,"PDIA5"
"ENSG00000211933",227.253396484528,2.6545238660018,0.35403098072237,7.497998792607,6.47994973505115e-14,3.19677520262523e-12,"IGHV6-1"
"ENSG00000070182",151.819642539486,2.99914634654791,0.400219150133906,7.49376021998059,6.69279448833194e-14,3.29313521473003e-12,"SPTB"
"ENSG00000112077",14.8670733881686,5.99216120654472,0.799924646214715,7.49090709343679,6.8399223865049e-14,3.35674102289154e-12,"RHAG"
"ENSG00000246705",562.183831369706,1.11352352955691,0.148821073405009,7.48229739296735,7.30344395796498e-14,3.5748836623414e-12,"H2AJ"
"ENSG00000140682",68.5892432715744,2.64101126736889,0.353579288979594,7.46936076202504,8.05853275800548e-14,3.92404615853552e-12,"TGFB1I1"
"ENSG00000079931",28.0587193418136,1.76988040899761,0.236979955782753,7.46848147199469,8.11255359850326e-14,3.94014360303533e-12,"MOXD1"
"ENSG00000110492",20.0393689980657,1.61841372853376,0.216714646574869,7.46794807878684,8.14549690937589e-14,3.9459474203255e-12,"MDK"
"ENSG00000211967",301.822476252715,2.57816469391514,0.346220808420434,7.44659082068905,9.5783106411901e-14,4.61625453363613e-12,"IGHV3-53"
"ENSG00000152952",31.4138381598328,2.64060113153222,0.354888889753801,7.4406418678367,1.0019724658056e-13,4.80822265624337e-12,"PLOD2"
"ENSG00000204420",1305.18378315324,2.47706885761923,0.333080754585276,7.43684173738426,1.03120970298038e-13,4.91944608558864e-12,"MPIG6B"
"ENSG00000136982",20.9459604373325,2.19243594781276,0.294806183077551,7.43687233736216,1.03097095874171e-13,4.91944608558864e-12,"DSCC1"
"ENSG00000138772",35.2414129725522,3.96089095393129,0.533473235418172,7.42472291196853,1.13016257433352e-13,5.36427670383155e-12,"ANXA3"
"ENSG00000205639",113.04844504153,2.66740020289816,0.359868332748944,7.41215594748935,1.24262510485046e-13,5.86843755546968e-12,"MFSD2B"
"ENSG00000069535",49.9222219006266,4.5701665215537,0.617238022237081,7.40422066837337,1.31922898617708e-13,6.21459348977054e-12,"MAOB"
"ENSG00000111247",54.891836322389,1.47973955771745,0.200203044306279,7.39119408920519,1.45516024177075e-13,6.83779797608075e-12,"RAD51AP1"
"ENSG00000105711",57.9802701804142,1.75920132418665,0.238274024832315,7.3831015589076,1.54643972022923e-13,7.23056740831559e-12,"SCN1B"
"ENSG00000117411",78.5937940048702,1.3047029475035,0.176809610246997,7.37914045328689,1.59314696795071e-13,7.43046908426836e-12,"B4GALT2"
"ENSG00000167074",128.305939434226,-1.01668836971702,0.137994444613411,-7.36760362031422,1.73722398303682e-13,8.08239158048517e-12,"TEF"
"ENSG00000167100",47.543326487216,3.32036186504846,0.453166633438316,7.32702193860975,2.35323313991296e-13,1.07881390482449e-11,"SAMD14"
"ENSG00000087842",6.45316067161251,2.89305857938445,0.395500743198635,7.31492577229229,2.57523704331843e-13,1.1691824991839e-11,"PIR"
"ENSG00000017427",6.77250438504664,4.15894216428572,0.568608136442068,7.31425017993819,2.58822538047896e-13,1.17224781328874e-11,"IGF1"
"ENSG00000166598",8028.34249832446,1.0585166634393,0.144843487956077,7.30800313066396,2.71141476678881e-13,1.22509019126352e-11,"HSP90B1"
"ENSG00000143776",54.5079726698622,1.88465990434451,0.257925770618413,7.30698564872277,2.73201723487977e-13,1.23143875172182e-11,"CDC42BPA"
"ENSG00000145335",640.556973613183,2.52611088310524,0.346318828604135,7.29417714100885,3.00489872276572e-13,1.35119799983503e-11,"SNCA"
"ENSG00000196787",155.221668016249,1.67621851057674,0.230314119408497,7.27796678241733,3.38888746053949e-13,1.51300543250119e-11,"H2AC11"
"ENSG00000186603",18.8881654903013,1.81378226946248,0.24928740369321,7.27586810481066,3.44199761195346e-13,1.52945123201601e-11,"HPDL"
"ENSG00000205038",65.4087523009905,1.84640578005237,0.254108007273047,7.26622431094173,3.69674538992866e-13,1.63877420634668e-11,"PKHD1L1"
"ENSG00000213557",19.5908949873094,-2.1817351303783,0.300671063721326,-7.25621914984285,3.98059971067628e-13,1.75632282070121e-11,"RPL31P43"
"ENSG00000158406",111.489055393846,2.51275823293034,0.347079311238201,7.23972346253109,4.49600522483495e-13,1.97446061228967e-11,"H4C8"
"ENSG00000169385",1399.5700349599,2.5548913353334,0.352929025659945,7.23910800636471,4.51645258991833e-13,1.97881685035209e-11,"RNASE2"
"ENSG00000259719",59.9006562358896,2.57833032135277,0.356283814017181,7.23673156038585,4.59626600814218e-13,2.00910269509396e-11,"LINC02284"
"ENSG00000185480",61.2410852089108,1.30578856184501,0.180481256899401,7.23503694665005,4.65402421022534e-13,2.02962967645929e-11,"PARPBP"
"ENSG00000143416",273.429236194483,6.1008705462944,0.844704064336236,7.22249460358456,5.10424307769614e-13,2.21058416793495e-11,"SELENBP1"
"ENSG00000153162",190.080072488853,1.86996719157518,0.259193943595073,7.21454817052573,5.41133495185102e-13,2.3381942932182e-11,"BMP6"
"ENSG00000102145",91.4299824472242,2.60754581402125,0.361755982381759,7.20802403004775,5.67696137979066e-13,2.44174293122529e-11,"GATA1"
"ENSG00000105048",221.581854528017,3.0638800351693,0.42686175989881,7.1776868368242,7.09007314861313e-13,3.015045586003e-11,"TNNT1"
"ENSG00000254395",83.1259390404527,2.67687743245612,0.373154014133541,7.17365305227065,7.30225305738861e-13,3.09826520240804e-11,"IGHV4-55"
"ENSG00000105136",93.430539567184,-1.15373870227162,0.160998998741437,-7.1661234621994,7.71512014506908e-13,3.26606752807924e-11,"ZNF419"
"ENSG00000148346",63.0037064747606,2.73458446614618,0.381642852077656,7.16529721769754,7.76179704565723e-13,3.2784435341612e-11,"LCN2"
"ENSG00000100097",4182.20930156012,1.26990194154554,0.177501774664298,7.15430560594256,8.40975262880424e-13,3.52834175024564e-11,"LGALS1"
"ENSG00000249096",21.0193821708898,1.90896920032234,0.267067356007415,7.1478941824299,8.81191954000224e-13,3.68883830008646e-11,"ENSG00000249096"
"ENSG00000275063",1550.43783299418,3.68364244976913,0.515482121147509,7.14601399088103,8.93339588272224e-13,3.73138020025883e-11,"LOC102723407"
"ENSG00000105971",31.6251038528099,2.81966642867371,0.394746372443241,7.14298249587876,9.13272600214185e-13,3.80617999858666e-11,"CAV2"
"ENSG00000144290",61.203238548233,-2.81265153955312,0.394520355071093,-7.12929384605841,1.00885154226007e-12,4.19521539564607e-11,"SLC4A10"
"ENSG00000131845",109.301730566758,-1.63943996410779,0.230160911071465,-7.12301648649079,1.05590184085734e-12,4.3811768213586e-11,"ZNF304"
"ENSG00000142583",109.635325926676,1.83254509715277,0.257368231689737,7.12032361228616,1.07673949697303e-12,4.45779638438439e-11,"SLC2A5"
"ENSG00000146376",449.925449057302,1.07312911826152,0.150789248527861,7.11674823462788,1.10503067947264e-12,4.5648695937072e-11,"ARHGAP18"
"ENSG00000251039",20.5128282428751,3.27321954557879,0.460024425600998,7.11531684714894,1.11656029142479e-12,4.60238316614482e-11,"IGKV2D-40"
"ENSG00000180573",2350.47818507821,1.97458137173544,0.278373566958575,7.09327898230106,1.30971052810623e-12,5.35159110571408e-11,"H2AC6"
"ENSG00000188672",24.6264036061776,2.22272090722604,0.314260630929375,7.07285828534329,1.51774467692615e-12,6.12178732779052e-11,"RHCE"
"ENSG00000100162",216.134950317546,1.20867979037166,0.17104119107374,7.06660064037188,1.58775034781606e-12,6.37678537127149e-11,"CENPM"
"ENSG00000166947",137.034986963986,5.56320493936482,0.789043908688381,7.05056445922315,1.78193441897599e-12,7.11109115479251e-11,"EPB42"
"ENSG00000276180",70.2885979223103,1.20414904991943,0.170954422594152,7.0436846947101,1.87221548419842e-12,7.4240848609691e-11,"H4C9"
"ENSG00000241244",58.6271837182137,3.71413720221884,0.527965943465338,7.03480451379281,1.99540561173191e-12,7.89592502697117e-11,"IGKV1D-16"
"ENSG00000175643",84.1614605455436,1.35249617152117,0.192398833948405,7.02964848468813,2.07054503723175e-12,8.17604296634621e-11,"RMI2"
"ENSG00000003436",51.8106343798086,2.50127385084986,0.35614475890241,7.02319432850408,2.16852266049722e-12,8.52710291353675e-11,"TFPI"
"ENSG00000258572",12.0944146240801,2.07858860763072,0.296515266030191,7.01005595920677,2.38222825563575e-12,9.3478835684613e-11,"SYNE3-AS1"
"ENSG00000196565",13.084380457848,5.53576318236714,0.790237487678488,7.00518928636222,2.466521382932e-12,9.61840994057883e-11,"HBG2"
"ENSG00000169756",2097.70935314601,1.1560860689522,0.165205627253502,6.99786132089938,2.5989914660644e-12,1.0093108181022e-10,"LIMS1"
"ENSG00000211959",1942.15647164333,3.41002336703871,0.487292854359824,6.99789323099882,2.59839976050985e-12,1.0093108181022e-10,"IGHV4-39"
"ENSG00000205309",157.926432394199,2.12173086896374,0.303395434579842,6.99328541941321,2.68522437883173e-12,1.03850776593665e-10,"NT5M"
"ENSG00000213809",70.964988607255,-1.82938618591163,0.261718805329481,-6.98989200874805,2.75097912643046e-12,1.05957794386039e-10,"KLRK1"
"ENSG00000127423",15.3249429201468,1.84090963208618,0.26367588393324,6.9817140825525,2.91600123624184e-12,1.11855427013064e-10,"AUNIP"
"ENSG00000143942",44.7630009394501,1.44210853008754,0.20676415918239,6.97465429110192,3.06623868706514e-12,1.17140289353814e-10,"CHAC2"
"ENSG00000163736",5003.51641219503,2.29466407416979,0.329040555210656,6.97380319183061,3.08485561791325e-12,1.17612466925553e-10,"PPBP"
"ENSG00000188130",16.9886181835753,1.83548525584236,0.263251227851449,6.97237111037564,3.1164314043006e-12,1.18575798937721e-10,"MAPK12"
"ENSG00000128578",28.6079664906807,1.83872403698145,0.263848514175482,6.96886257907271,3.19513604273845e-12,1.21324802140024e-10,"STRIP2"
"ENSG00000278828",643.294010536322,2.36290238997,0.339158494570068,6.96695623963456,3.2387135476069e-12,1.22731572259716e-10,"H3C10"
"ENSG00000211951",126.250768567654,2.39030823017984,0.343258673961182,6.96357706739306,3.3173954658277e-12,1.25208363806622e-10,"IGHV2-26"
"ENSG00000169704",540.427508265,2.16548902190208,0.312570650921367,6.92799856774413,4.26836065470333e-12,1.59182751717865e-10,"GP9"
"ENSG00000139970",1080.29282477118,-1.51413637476252,0.218605212135196,-6.92635074879234,4.31835016913972e-12,1.60728138176535e-10,"RTN1"
"ENSG00000186642",58.3856155070075,2.17301130642657,0.314187613746976,6.91628572021479,4.63638839646131e-12,1.71209344400563e-10,"PDE2A"
"ENSG00000286848",7.34609933633634,2.78105721441978,0.402191710674782,6.91475517920005,4.68672054786335e-12,1.72728626309097e-10,"LOC101927297"
"ENSG00000211964",1321.58807999354,3.01898222182784,0.436676702524692,6.9135408515574,4.72703466839067e-12,1.73873470894464e-10,"IGHV3-48"
"ENSG00000204389",463.950721942853,-1.29530772603892,0.187509302233268,-6.90796515485675,4.91654699560547e-12,1.80139215067057e-10,"HSPA1A"
"ENSG00000076864",40.9488407312358,5.74258476101164,0.831951813630166,6.90254491537707,5.10790639970418e-12,1.86423706191922e-10,"RAP1GAP"
"ENSG00000115290",19.7161720792026,2.85230878329319,0.413401764909551,6.89960475596242,5.21474223596626e-12,1.89954060207794e-10,"GRB14"
"ENSG00000164181",170.589952354821,2.24654425244086,0.325695792142908,6.89767662535576,5.28599019880158e-12,1.918059300708e-10,"ELOVL7"
"ENSG00000140525",404.341840832363,1.08947238834341,0.158243296230135,6.8847933169881,5.78714953397177e-12,2.09586247862299e-10,"FANCI"
"ENSG00000231131",8.70292391009163,3.09366338352241,0.449497567800027,6.88249193129944,5.88144975428094e-12,2.12591787656662e-10,"LOC105378305"
"ENSG00000204103",5944.71484598433,1.56227905298696,0.227090798526675,6.87953480776301,6.0048324870043e-12,2.16219983574201e-10,"MAFB"
"ENSG00000163737",1196.76641870185,2.09213778997312,0.304238756493795,6.87663141305203,6.12844021086897e-12,2.19942468307781e-10,"PF4"
"ENSG00000012048",111.782872048233,1.12335434313735,0.163359985064366,6.87655757739411,6.13161594984449e-12,2.19942468307781e-10,"BRCA1"
"ENSG00000124374",51.5838985114568,-1.00076315407171,0.145593830868255,-6.87366455091962,6.25732536355069e-12,2.23173980139087e-10,"PAIP2B"
"ENSG00000174099",74.5503603664599,1.76615199002592,0.258033576273046,6.84465958087953,7.66579411621594e-12,2.72727278482377e-10,"MSRB3"
"ENSG00000188536",7842.94795468717,6.81542600070993,0.995755929839949,6.84447443040123,7.67571453060105e-12,2.72727278482377e-10,"HBA2"
"ENSG00000125148",991.530072273214,1.40207507104139,0.204885421431897,6.84321539933203,7.74350818610164e-12,2.74616943143333e-10,"MT2A"
"ENSG00000131711",44.8336298716729,1.61040780546503,0.235630275139677,6.83446897691906,8.2309345165691e-12,2.91353380740928e-10,"MAP1B"
"ENSG00000135404",5685.43012289514,1.30231206057505,0.190704438880615,6.82895515290195,8.55353063900936e-12,3.02203311824849e-10,"CD63"
"ENSG00000186026",29.1446365603755,-1.12800439381322,0.165295745654163,-6.82415865785963,8.8442095726422e-12,3.11886985229611e-10,"ZNF284"
"ENSG00000184792",456.985103685467,3.15662329619789,0.463130251902508,6.81584345490429,9.37122993927671e-12,3.29236706427374e-10,"OSBP2"
"ENSG00000159307",31.5641902675327,3.2526219113853,0.477383533817636,6.81343548943569,9.52951021530402e-12,3.34172899266519e-10,"SCUBE1"
"ENSG00000253234",36.4657487882386,2.1132332153014,0.311272902154432,6.78900476294257,1.12909714504298e-11,3.9259308226806e-10,"ENSG00000253234"
"ENSG00000117400",49.5613259594332,2.26291520258014,0.333393877503887,6.78751277474722,1.14083160589832e-11,3.95628613735512e-10,"MPL"
"ENSG00000249992",92.1453995203206,2.11448722993531,0.311986820801454,6.77748894810193,1.22282502772069e-11,4.20186823053712e-10,"TMEM158"
"ENSG00000162063",201.529534299049,1.0408224785177,0.153565521936876,6.77770938027046,1.22096134537013e-11,4.20186823053712e-10,"CCNF"
"ENSG00000100206",7.04877678040417,2.59758439328393,0.383286923185177,6.77712761942823,1.22588597319486e-11,4.20469940733039e-10,"DMC1"
"ENSG00000286522",9.41519756725459,2.87344880712759,0.424435069986894,6.77005509279975,1.2873336524892e-11,4.39940424221581e-10,"H3C2"
"ENSG00000274213",111.319574888451,1.38758105103665,0.2049853688129,6.76917118071564,1.29522224275447e-11,4.41832981394065e-10,"ENSG00000274213"
"ENSG00000165914",172.503547610025,1.92808855558914,0.285049465946653,6.76404900176162,1.34187665444404e-11,4.53631539513134e-10,"TTC7B"
"ENSG00000253276",219.668961158956,1.03724964007603,0.153610072317173,6.75248455019489,1.45334543555775e-11,4.87805014406134e-10,"CCDC71L"
"ENSG00000196550",11.737752598893,1.76734873514252,0.261903555986099,6.7480898779256,1.49804146882315e-11,5.0101757024911e-10,"FAM72A"
"ENSG00000142089",6926.83310997732,2.15977506600494,0.320211049445393,6.74484865449109,1.53186616654661e-11,5.11420185904264e-10,"IFITM3"
"ENSG00000198182",68.5777475827199,-1.33215785249458,0.197549269672369,-6.74342079170394,1.54700329614373e-11,5.14645556713586e-10,"ZNF607"
"ENSG00000137869",18.0889318567183,5.33865982509669,0.792184057795272,6.73916594579638,1.59298385166337e-11,5.27143036546914e-10,"CYP19A1"
"ENSG00000183160",45.8755160381637,2.02846089913915,0.301674967528982,6.72399475420272,1.76808800290901e-11,5.80996190606254e-10,"TMEM119"
"ENSG00000182809",355.879556484298,-1.58698312620242,0.236138112914345,-6.72057173073994,1.81012896629992e-11,5.93772845559745e-10,"CRIP2"
"ENSG00000277075",36.010131471652,2.0802841090811,0.309628860886863,6.71863760736835,1.83431468406732e-11,6.00204688965192e-10,"H2AC8"
"ENSG00000275713",84.6374893795471,2.44504126389562,0.363926985099845,6.71849399468086,1.83612309084372e-11,6.00204688965192e-10,"H2BC9"
"ENSG00000135862",241.397190050195,1.68350586352298,0.250860664054142,6.71092006341668,1.93401041422375e-11,6.28921448888401e-10,"LAMC1"
"ENSG00000154146",2071.95608037947,1.88640733923027,0.281347319205016,6.70490603770655,2.01536006859483e-11,6.54243658882703e-10,"NRGN"
"ENSG00000277856",300.577203597101,3.46391576144911,0.516902550738874,6.70129361230216,2.06582478107047e-11,6.66024744168106e-10,"ENSG00000277856"
"ENSG00000109272",254.060886553574,2.97151866454858,0.443532771039,6.6996597739275,2.0890534599267e-11,6.71211091158671e-10,"PF4V1"
"ENSG00000131142",5.55552882601619,3.00236412492254,0.448530345915555,6.69378148493836,2.17476092546361e-11,6.95183781547859e-10,"CCL25"
"ENSG00000188610",9.54379445036404,2.20277653642514,0.329133668699904,6.69265026919375,2.19164499508905e-11,6.99391499621286e-10,"FAM72B"
"ENSG00000213949",141.880436201325,2.10872738827162,0.315307862251085,6.68783636797615,2.26494179209888e-11,7.21556710581197e-10,"ITGA1"
"ENSG00000224650",849.664095250154,2.66413137717516,0.398865448594435,6.67927339047118,2.40129834170391e-11,7.63702261094192e-10,"IGHV3-74"
"ENSG00000278196",547.433282115635,2.43840608925487,0.365188088236432,6.67712383782952,2.43677036983142e-11,7.73674592421476e-10,"IGLV2-8"
"ENSG00000091651",48.5373302511723,1.29811298649251,0.194480045266818,6.67478755834075,2.47590555893723e-11,7.84774382559597e-10,"ORC6"
"ENSG00000237352",12.794850697611,1.71773285373194,0.25739979207858,6.67340420075995,2.49936759929688e-11,7.89548124308978e-10,"ENSG00000237352"
"ENSG00000274641",22.5502985057067,3.73385396468683,0.559697235903479,6.67120315264652,2.53714718666833e-11,8.00137894641241e-10,"H2BC17"
"ENSG00000223722",12.0606845516763,2.62132695465694,0.393258736511936,6.66565472367421,2.63488055059551e-11,8.25420247149888e-10,"ENSG00000223722"
"ENSG00000165092",426.641229152781,-1.56967991501308,0.235900602805379,-6.65398857122925,2.85254834281514e-11,8.90639512484277e-10,"ALDH1A1"
"ENSG00000166451",83.9444245092975,1.08285354444374,0.162766314050699,6.65281112224761,2.87547115609323e-11,8.96307725537783e-10,"CENPN"
"ENSG00000204323",134.329423474174,2.24343356772073,0.337300134056804,6.65114935098994,2.90812991768357e-11,9.04986919416895e-10,"SMIM5"
"ENSG00000136231",49.3183196221716,1.80094629643867,0.271296280506898,6.6383007281697,3.1731995846452e-11,9.84215501534509e-10,"IGF2BP3"
"ENSG00000103175",8.12303021495189,4.9245542955311,0.743023502458047,6.62772345590664,3.40903353619332e-11,1.05042941551295e-09,"WFDC1"
"ENSG00000105976",16.4089100269082,2.87332202525079,0.433634871263956,6.62613229622344,3.44596359315036e-11,1.0600708952022e-09,"MET"
"ENSG00000138722",254.612326155883,2.26964604155175,0.342680569993788,6.62321193638989,3.51476515356508e-11,1.07770841478645e-09,"MMRN1"
"ENSG00000236279",31.5464587385084,3.18024830373653,0.481495832309003,6.60493422858038,3.97693867043837e-11,1.20760160338545e-09,"CLEC2L"
"ENSG00000222037",36.2181728991427,2.96561172682139,0.449133304615353,6.60296552570556,4.0301328747322e-11,1.22178028247526e-09,"IGLC6"
"ENSG00000211899",34625.5581172844,1.61255482413246,0.244288183073505,6.60103490821434,4.08297389283447e-11,1.23580639757998e-09,"IGHM"
"ENSG00000072422",193.717610729862,2.20097124388436,0.333766997853078,6.59433454488277,4.27167495916796e-11,1.28877050613998e-09,"RHOBTB1"
"ENSG00000281990",594.399332913282,5.61758968870448,0.853765435415546,6.57978111513765,4.71141335160187e-11,1.40788116624338e-09,"IGHV1-69-2"
"ENSG00000101856",754.952922428831,1.10448291018268,0.167947808582568,6.57634606550814,4.82149656081434e-11,1.43620997396302e-09,"PGRMC1"
"ENSG00000187800",291.853483435859,2.19688870467707,0.334559339049712,6.5665143615992,5.15066819319532e-11,1.52941483979935e-09,"PEAR1"
"ENSG00000154736",21.7245838680558,-2.60889309200612,0.397403955387548,-6.56483926905541,5.20890176277875e-11,1.54326114644634e-09,"ADAMTS5"
"ENSG00000211639",138.542031758945,2.90133759094834,0.442020589989411,6.56380643041503,5.24512824036237e-11,1.55011683028068e-09,"IGLV4-60"
"ENSG00000088053",226.26505282035,2.16590510885617,0.331457128406243,6.53449548444038,6.38243203186127e-11,1.86569506175528e-09,"GP6"
"ENSG00000011105",26.8722109224859,2.27083366382734,0.347667278035291,6.53162896623487,6.50581659962649e-11,1.89293078647956e-09,"TSPAN9"
"ENSG00000104341",117.332134096303,1.36191106150849,0.20861011846275,6.52849953561422,6.6431818143022e-11,1.929911056903e-09,"LAPTM4B"
"ENSG00000243264",181.239987988814,3.31754064535045,0.50916738911639,6.51561886378409,7.23905720892671e-11,2.09009707064495e-09,"IGKV2D-29"
"ENSG00000178229",93.8646163487714,-1.17433666486129,0.180320933794465,-6.51248105336362,7.39195405338209e-11,2.12770548832113e-09,"ZNF543"
"ENSG00000261704",14.3116354633831,4.06984359551038,0.624988147851244,6.51187324032113,7.42193409172331e-11,2.13306839737051e-09,"ENSG00000261704"
"ENSG00000274576",207.07013958178,4.02634678314199,0.618828526088562,6.50640139133755,7.69723881340426e-11,2.19540668796277e-09,"IGHV2-70"
"ENSG00000158373",77.1409359432268,2.08041695620595,0.320314719860671,6.49491524183118,8.3080171511254e-11,2.35176943332158e-09,"H2BC5"
"ENSG00000127920",605.186408577166,1.82519523161853,0.281125734262466,6.49245162989768,8.44506379544909e-11,2.38579016901007e-09,"GNG11"
"ENSG00000100095",67.1638040164563,-1.46621618317525,0.225937899636669,-6.48946540413569,8.6141483684818e-11,2.42020228301919e-09,"SEZ6L"
"ENSG00000133069",254.736256036469,2.09397937651247,0.322899465639302,6.4849267321228,8.87749153061669e-11,2.48675604783117e-09,"TMCC2"
"ENSG00000140479",232.27674714841,2.34265659972637,0.361916690364727,6.4729167294427,9.61289360337743e-11,2.67679923213455e-09,"PCSK6"
"ENSG00000211594",18.615248861029,1.8099883331281,0.280017494117522,6.4638401926719,1.02078675420311e-10,2.83827038934934e-09,"IGKJ4"
"ENSG00000253633",9.63716085092694,2.40278029818712,0.371966479499731,6.45966889655942,1.04932314183369e-10,2.91330543189159e-09,"ENSG00000253633"
"ENSG00000254614",98.1903504397175,1.90213611500993,0.2948865459675,6.45039979280564,1.11555473932819e-10,3.08806581449376e-09,"CAPN1-AS1"
"ENSG00000160298",59.4146941041975,1.05340053957152,0.163314425907318,6.45013772493883,1.11748551994835e-10,3.08886144602194e-09,"C21orf58"
"ENSG00000158578",2593.31954513127,6.37132829649724,0.988350472109234,6.44642611734704,1.14518401548564e-10,3.156140579922e-09,"ALAS2"
"ENSG00000149564",602.076171076514,2.06023772863117,0.319671729512993,6.44485432531007,1.15711502930213e-10,3.18435345399163e-09,"ESAM"
"ENSG00000196141",232.655728122912,1.51862944557134,0.235917813227482,6.43711225021831,1.21767884316117e-10,3.32184202264982e-09,"SPATS2L"
"ENSG00000005249",1306.54430387112,1.96930072978218,0.306042899514428,6.43472118747633,1.23700182447635e-10,3.36966468012427e-09,"PRKAR2B"
"ENSG00000250361",29.7206531801378,6.91576946761453,1.07521292530763,6.43199993679004,1.2593579322812e-10,3.4157130873243e-09,"GYPB"
"ENSG00000259207",1622.3063234088,2.54243424639802,0.395312968590938,6.43144659650385,1.26395190828994e-10,3.42323343922446e-09,"ITGB3"
"ENSG00000082781",617.726250259789,2.14489740726575,0.33354555278241,6.43059812782148,1.27102794788631e-10,3.43744479258577e-09,"ITGB5"
"ENSG00000130821",83.4068088131218,2.63058737473083,0.409316286416131,6.42678403481959,1.30331778057457e-10,3.51970704075857e-09,"SLC6A8"
"ENSG00000134508",26.2518787389192,1.63681993292144,0.255282119315424,6.4118079923138,1.43803883655301e-10,3.85583137972189e-09,"CABLES1"
"ENSG00000134201",13.7647647981822,3.28626238493934,0.513473856654928,6.40005784588138,1.55318096937469e-10,4.14093468090307e-09,"GSTM5"
"ENSG00000068137",26.5987949360005,1.18405637450545,0.185100002982383,6.39684686886874,1.58618255821006e-10,4.21100104012942e-09,"PLEKHH3"
"ENSG00000240505",250.688564266256,1.58463834986744,0.247886919664709,6.39258558705241,1.63103876427259e-10,4.29972014211326e-09,"TNFRSF13B"
"ENSG00000183578",8.24976198045928,3.44840490870594,0.539677641436616,6.38974944288283,1.66157784726499e-10,4.37409204722587e-09,"TNFAIP8L3"
"ENSG00000088726",203.339214728822,2.16480900410911,0.338899881849042,6.38775378822172,1.68340085315383e-10,4.4191623513798e-09,"TMEM40"
"ENSG00000088340",23.8232897973435,2.7444040668559,0.429741579308611,6.38617299091987,1.70088583604377e-10,4.4588354496902e-09,"FER1L4"
"ENSG00000118113",8.16701384557178,4.42544538961496,0.693737850483027,6.37913209800167,1.78094371853137e-10,4.65571879464752e-09,"MMP8"
"ENSG00000239951",3248.30023973387,2.52029319516029,0.395125514491563,6.37846229293327,1.78874872152202e-10,4.66962791246221e-09,"IGKV3-20"
"ENSG00000170271",499.644554919403,2.0562388273905,0.322679679571949,6.37238400049922,1.86112179121376e-10,4.85182318830151e-09,"FAXDC2"
"ENSG00000112312",158.387838112159,1.17115108018556,0.183986044639448,6.36543430498018,1.94737913037404e-10,5.06965902140033e-09,"GMNN"
"ENSG00000243063",12.9467242792479,2.97368364489745,0.467284309152415,6.36375668228893,1.96877941105849e-10,5.1182818548071e-09,"IGKV3-7"
"ENSG00000163606",218.770782531768,-1.29154066908088,0.203102505146758,-6.35905829003755,2.02994370899281e-10,5.27000303235205e-09,"CD200R1"
"ENSG00000167994",11.9176572140298,2.96934124129642,0.467102328412953,6.35693949842893,2.05813006164782e-10,5.32845904114773e-09,"RAB3IL1"
"ENSG00000065534",528.313000083849,2.14187526834139,0.337077124757174,6.35425874682054,2.09434053787206e-10,5.40731109201144e-09,"MYLK"
"ENSG00000253274",5.30362760883897,4.47441095954845,0.704402105913525,6.35206925417361,2.12437636420005e-10,5.46983262212386e-09,"IGHV1-67"
"ENSG00000235169",15.8045862284056,2.78276216091238,0.438334583425407,6.34848872558999,2.17440369129668e-10,5.59098382785395e-09,"SMIM1"
"ENSG00000118985",629.143843449714,1.4060947554014,0.221704726268335,6.3421956720019,2.26513359257662e-10,5.80838349332473e-09,"ELL2"
"ENSG00000244242",4.73184913502383,2.94972760665242,0.465606743736797,6.33523385632034,2.36981552942332e-10,6.04383347232574e-09,"IFITM10"
"ENSG00000239819",83.6104931298845,2.44013149760476,0.385434879215321,6.33085283452407,2.43809805110247e-10,6.18441173664266e-09,"IGKV1D-8"
"ENSG00000012223",10.6863318141063,4.47969818050867,0.707790792095247,6.3291275197966,2.46551293533448e-10,6.24552306368557e-09,"LTF"
"ENSG00000234456",38.6188027290286,2.54637568525773,0.402603777436076,6.32476848944131,2.5361252521467e-10,6.39852486434219e-09,"MAGI2-AS3"
"ENSG00000107821",9.75557114254791,1.90421706637065,0.301161558089764,6.32290880167075,2.56684808738006e-10,6.46735611935597e-09,"KAZALD1"
"ENSG00000146054",121.158310597153,1.5622804929646,0.247254487217242,6.31851219586543,2.64093457631576e-10,6.63623078829293e-09,"TRIM7"
"ENSG00000188158",39.342342306437,-1.17726505423773,0.186534030871906,-6.31126153621893,2.76770010161429e-10,6.93622548132563e-09,"NHS"
"ENSG00000164362",8.80310329686282,2.10364769670854,0.333327953353448,6.31104495001028,2.77157672845951e-10,6.93669190254661e-09,"TERT"
"ENSG00000197153",4.65605894349398,3.03156613886205,0.480626950540131,6.30752423569914,2.83534192174181e-10,7.05868698821975e-09,"H3C12"
"ENSG00000101003",33.0643449648953,1.67128847043939,0.265059013315553,6.30534479674428,2.87553024874826e-10,7.14926806289315e-09,"GINS1"
"ENSG00000249816",5.28317637588713,2.58673889928159,0.410378331694794,6.30330282936428,2.91368806747523e-10,7.22502386758107e-09,"LINC00964"
"ENSG00000124191",78.0869053906675,1.27928748430018,0.203262213648567,6.29377916011491,3.09828534758289e-10,7.66254886752210e-09,"TOX2"
"ENSG00000004939",161.42019858684,5.67734711047191,0.902859771889622,6.28818260291919,3.21203969972575e-10,7.92303125932351e-09,"SLC4A1"
"ENSG00000144354",185.765411759489,1.52133222514716,0.242144131574211,6.28275488345217,3.32625294136124e-10,8.19400396930876e-09,"CDCA7"
"ENSG00000167553",234.994674583103,1.22227103454679,0.194597748714455,6.28101323176304,3.3637350865573e-10,8.26565576098858e-09,"TUBA1C"
"ENSG00000042062",78.6168463220963,1.55423844332282,0.247485987531923,6.28010684088665,3.38340438712228e-10,8.29132579665585e-09,"RIPOR3"
"ENSG00000182732",68.4748422041431,1.97927690251638,0.315176808912809,6.27989384543813,3.38804280351319e-10,8.29188184047316e-09,"RGS6"
"ENSG00000245648",91.2240624548364,-1.26441211532965,0.201889920133119,-6.26287887228816,3.77934189232133e-10,9.1897167151451e-09,"KLRK1-AS1"
"ENSG00000130707",4.38896258686451,3.76582888700114,0.601404806899066,6.26172063109759,3.80752619732677e-10,9.24628713242299e-09,"ASS1"
"ENSG00000087589",212.772793831833,-1.08045357143956,0.172614756889801,-6.25933489643262,3.86622808048251e-10,9.37672554848378e-09,"CASS4"
"ENSG00000085733",240.547622912084,1.88250749704938,0.300806701339398,6.25819667137455,3.89454493381381e-10,9.42108964941626e-09,"CTTN"
"ENSG00000136842",57.4455700798346,2.38535577970443,0.38124900481774,6.25668722950443,3.93240940656589e-10,9.50045850974454e-09,"TMOD1"
"ENSG00000211900",19.9357374291123,1.6731581497062,0.267609872682602,6.25222878712939,4.0463603597862e-10,9.76320787195654e-09,"IGHJ6"
"ENSG00000271178",8.75473325010281,4.58272087507239,0.734046790581076,6.24309094988984,4.29007272837349e-10,1.03115354223156e-08,"ENSG00000271178"
"ENSG00000221955",14.757778649634,1.96189954066231,0.314378895734893,6.24055738880364,4.36014387501594e-10,1.04399062770445e-08,"SLC12A8"
"ENSG00000177602",11.739286229146,1.88943292856144,0.30275728001397,6.24075143122654,4.35473793995626e-10,1.04399062770445e-08,"HASPIN"
"ENSG00000183856",10.7848166671629,2.83863680633615,0.45497229075968,6.23914217192524,4.39976977294609e-10,1.0521383289096e-08,"IQGAP3"
"ENSG00000186193",144.711727138901,1.6787602053014,0.269242530801512,6.23512266172762,4.51424228827943e-10,1.07404681076582e-08,"SAPCD2"
"ENSG00000187583",48.5622821855844,1.01424209056799,0.162987044488239,6.22283871551016,4.88239220599679e-10,1.15578644715259e-08,"PLEKHN1"
"ENSG00000211652",170.672952714952,2.35830327194205,0.379180342224952,6.21947661659887,4.98815951010349e-10,1.1763795000239e-08,"IGLV7-43"
"ENSG00000104892",12.7029737927977,4.67871635198951,0.752319269384817,6.21905691158938,5.00151886845733e-10,1.17805198811434e-08,"KLC3"
"ENSG00000163430",111.064726202336,2.22420731518142,0.357818314854661,6.21602423029925,5.09909332808765e-10,1.19953139167378e-08,"FSTL1"
"ENSG00000205085",6.79143140491436,1.85348235410901,0.298737493171959,6.20438477416731,5.49112881483558e-10,1.27894990339095e-08,"GARIN1A"
"ENSG00000163554",19.8871109581973,3.32163312246471,0.536368744218123,6.19281633814574,5.90985791530539e-10,1.37307403431496e-08,"SPTA1"
"ENSG00000211670",149.432795584436,2.93248522897323,0.473703136870775,6.19055480262358,5.99528186047653e-10,1.39120145493231e-08,"IGLV3-9"
"ENSG00000204010",149.632334802629,6.15294621256467,0.995177626566253,6.18276179881044,6.29897258090084e-10,1.4544900323171e-08,"IFIT1B"
"ENSG00000226321",48.8503556550147,-2.3439890884257,0.380404975190502,-6.16182553146646,7.19110572917488e-10,1.6503543746712e-08,"CROCC2"
"ENSG00000163221",3773.30370408377,2.56926176685167,0.417003211156051,6.16125175566142,7.2172143174732e-10,1.65432634525886e-08,"S100A12"
"ENSG00000122786",68.1434705032783,2.19341725752201,0.35610934532515,6.15939257510717,7.30244965747869e-10,1.67182513717381e-08,"CALD1"
"ENSG00000047648",95.3181802192205,2.09275083952615,0.340232208732387,6.15094863394379,7.70208629735012e-10,1.75264423783284e-08,"ARHGAP6"
"ENSG00000211935",301.897249518612,3.19432677883506,0.519688436860119,6.1466189206262,7.91519847634368e-10,1.79462087528777e-08,"IGHV1-3"
"ENSG00000112290",114.150545830777,1.49788936309362,0.243743349406386,6.14535480349141,7.97849679281811e-10,1.80477913279016e-08,"WASF1"
"ENSG00000111644",665.395904172124,1.60984834612475,0.262423797486477,6.13453643131471,8.54078708910133e-10,1.92254651648801e-08,"ACRBP"
"ENSG00000236008",22.9848345483529,1.26530428187351,0.206339648897902,6.13214323389484,8.67029861355937e-10,1.94936522416821e-08,"ENSG00000236008"
"ENSG00000184497",39.0732650666557,1.63996737233592,0.267470210015767,6.13140196898657,8.71080037966791e-10,1.95379718301e-08,"TMEM255B"
"ENSG00000154920",25.9485747939671,1.12906034080474,0.184253149166303,6.12776685724747,8.91210454500431e-10,1.99418948842739e-08,"EME1"
"ENSG00000211655",76.2524500898685,3.00198194786625,0.489933847754068,6.12732098757371,8.93710600038797e-10,1.99740599742321e-08,"IGLV1-36"
"ENSG00000085741",32.2392080129345,2.28372821489074,0.372949467226248,6.1234253312536,9.15847847042884e-10,2.03719244177728e-08,"WNT11"
"ENSG00000211942",281.989496382589,3.43552843867761,0.561085189556006,6.12300681362876,9.18257664353999e-10,2.04013842307302e-08,"IGHV3-13"
"ENSG00000165702",290.675492357069,1.79594296074198,0.293684171677515,6.11521877561056,9.64245865007629e-10,2.1247321545936e-08,"GFI1B"
"ENSG00000159259",91.5729822771597,1.03088520002868,0.168623014137461,6.11354983364433,9.74389240862189e-10,2.14456910670324e-08,"CHAF1B"
"ENSG00000182747",17.173822836649,3.13171776488485,0.512827235748347,6.10676958355159,1.01667846210182e-09,2.22981194558527e-08,"SLC35D3"
"ENSG00000268119",8.01091717979852,2.26318894232066,0.370961882700177,6.10086655223775,1.05494958432615e-09,2.30567818453421e-08,"LOC105372321"
"ENSG00000064601",5572.69832257475,1.17860507453287,0.193266104382178,6.09835376099995,1.07166374258719e-09,2.33677397977596e-08,"CTSA"
"ENSG00000280011",20.2270883470077,1.19633945124488,0.196568159794396,6.08613039108782,1.15672249618770e-09,2.50769965840184e-08,"ENSG00000280011"
"ENSG00000115641",66.1364399952906,2.01485978504387,0.331101329946014,6.0853267649888,1.16253963264067e-09,2.51740725058916e-08,"FHL2"
"ENSG00000183134",100.146014391361,-1.70971686170062,0.281205666086418,-6.07995167912159,1.20218770837918e-09,2.59429623038979e-08,"PTGDR2"
"ENSG00000175305",33.5750837727498,1.34355741222252,0.221149363779921,6.0753392605713,1.23725859911678e-09,2.66691658589437e-08,"CCNE2"
"ENSG00000170180",4.57839110458256,5.48344803774419,0.90397822944954,6.06590718571091,1.31210891422554e-09,2.81213217238122e-08,"GYPA"
"ENSG00000124302",18.0598975899915,2.74243545204461,0.45269708036791,6.05799235509937,1.37830945104854e-09,2.9439436865805e-08,"CHST8"
"ENSG00000238243",64.9519291722632,2.66117296131411,0.439567220853954,6.05407508809281,1.41226727539116e-09,3.0096344340422e-08,"OR2W3"
"ENSG00000185245",314.080665415681,1.97491633846091,0.326271271500305,6.05298875803433,1.42182793729855e-09,3.02657733969009e-08,"GP1BA"
"ENSG00000110079",694.522430273551,1.80266225914202,0.298938892185267,6.03020318287933,1.63753667358118e-09,3.45444885708551e-08,"MS4A4A"
"ENSG00000185052",54.9298002263109,2.36954467440114,0.392995213497197,6.02944919688707,1.64519422207614e-09,3.46671195046447e-08,"SLC24A3"
"ENSG00000115155",148.679488073944,2.95664075288379,0.490393648904201,6.02911713781469,1.64857770115585e-09,3.46995145251125e-08,"OTOF"
"ENSG00000006327",90.564704313582,2.25015908205681,0.373279722051373,6.02807746879733,1.6592152040223e-09,3.48843500836724e-08,"TNFRSF12A"
"ENSG00000235641",14.5730646246881,1.8575320720015,0.308478109536398,6.02160093237449,1.72700274009765e-09,3.6228508373745e-08,"LINC00484"
"ENSG00000145287",2840.64499851288,1.08509481861532,0.180305029080964,6.01810622890651,1.76469377923324e-09,3.6936730817893e-08,"PLAC8"
"ENSG00000171502",32.1563943412232,1.11529869077934,0.185350366794091,6.01724566328128,1.77409743262613e-09,3.70922528850285e-08,"COL24A1"
"ENSG00000211638",383.466747911957,2.9388338519651,0.489235454263166,6.00699280143394,1.88995904211994e-09,3.91229847529585e-08,"IGLV8-61"
"ENSG00000206177",224.145900801747,6.52451948729145,1.08667971555281,6.00408693924346,1.92411586632578e-09,3.96988823528643e-08,"HBM"
"ENSG00000143369",19.6138659994024,2.07312402212364,0.345324458031961,6.0034091820156,1.9321686162705e-09,3.98213172274347e-08,"ECM1"
"ENSG00000187699",323.826047193343,1.7855921867377,0.297809883023736,5.9957452338658,2.0255436556493e-09,4.16088727339718e-08,"AKAP19"
"ENSG00000154016",48.109614080575,-1.05667617616853,0.176295823844518,-5.99376748198219,2.0503447820172e-09,4.20723586493399e-08,"GRAP"
"ENSG00000223648",105.040338544358,3.59298179103645,0.600011506851764,5.98818814307192,2.12191524490895e-09,4.33045808287824e-08,"IGHV3-64"
"ENSG00000107438",820.05614049546,1.05057953029797,0.175559020706636,5.98419566291338,2.17461777699788e-09,4.4140513754268e-08,"PDLIM1"
"ENSG00000049323",397.124833773603,2.02391802051613,0.338619308663258,5.97697168689462,2.27323688457682e-09,4.58452365692124e-08,"LTBP1"
"ENSG00000156381",235.389067927615,1.59083224258525,0.266157143523913,5.97704131297277,2.2722659002524e-09,4.58452365692124e-08,"ANKRD9"
"ENSG00000168758",292.081212257795,-1.08906265880625,0.182365650818833,-5.97186286954968,2.34559656501708e-09,4.71527626054129e-08,"SEMA4C"
"ENSG00000134668",83.4616567464139,2.23107675854888,0.374247710304606,5.9614974176675,2.49936868321816e-09,5.00832982620134e-08,"SPOCD1"
"ENSG00000124657",10.6906328218418,3.75622679595384,0.630172425657147,5.96063338067645,2.51262117395059e-09,5.0295237045341e-08,"OR2B6"
"ENSG00000110777",376.796524479304,1.2565129783561,0.210991385866768,5.95528093810206,2.59625448674881e-09,5.19129937434505e-08,"POU2AF1"
"ENSG00000188403",4.05414742791516,4.95284053357359,0.831876901405787,5.9538142304514,2.61964146310836e-09,5.22150381130273e-08,"IGHV1OR15-9"
"ENSG00000171611",157.98531299956,1.72755081133955,0.290655180847914,5.94364362025081,2.78755295141767e-09,5.52688241295849e-08,"PTCRA"
"ENSG00000079308",290.217174359496,2.40954930544131,0.405625013252259,5.94033707665559,2.8443661617609e-09,5.60993771001656e-08,"TNS1"
"ENSG00000147036",42.8292067110552,1.73345330365563,0.291808499613596,5.94037975573369,2.84362571461383e-09,5.60993771001656e-08,"LANCL3"
"ENSG00000279278",16.4277808350032,-1.57060456726599,0.264508373046514,-5.93782551824852,2.88827183765211e-09,5.69056157866972e-08,"ENSG00000279278"
"ENSG00000237111",32.1994153758333,1.62799548443459,0.274353913002934,5.93392478574629,2.95777370601035e-09,5.82139419666707e-08,"IGHJ3P"
"ENSG00000106976",61.4979752148128,1.61221772161677,0.271724856210932,5.93327288529412,2.96954676883187e-09,5.83719970889062e-08,"DNM1"
"ENSG00000197980",46.7173267778001,-1.30748426943347,0.220483596935387,-5.93007501513428,3.02796313759928e-09,5.94087631882214e-08,"LEKR1"
"ENSG00000166681",388.738188473094,1.35215610646936,0.228324734006937,5.92207459410979,3.17905353977786e-09,6.21138153156598e-08,"BEX3"
"ENSG00000163220",74262.4826554613,1.71570941472225,0.289725020002476,5.92185450434203,3.18331206416102e-09,6.21324336012154e-08,"S100A9"
"ENSG00000177301",17.7754900199863,1.25583969607524,0.21248767341587,5.91017669819077,3.41740951767961e-09,6.64256766228602e-08,"KCNA2"
"ENSG00000163898",24.0644922455255,2.78835237147467,0.47193084107532,5.90839192692146,3.45463333137461e-09,6.70106172306678e-08,"LIPH"
"ENSG00000135424",48.4802621806508,1.8578408085834,0.314898162421584,5.89981470293921,3.63910033576788e-09,7.02605782359171e-08,"ITGA7"
"ENSG00000242472",23.6606434044134,1.74975799058349,0.296719106632185,5.89701826230051,3.70128910357486e-09,7.13532615290186e-08,"IGHJ5"
"ENSG00000054356",24.8007871975762,2.12031437181928,0.359677559231342,5.895042149281,3.74585752987691e-09,7.19909387848328e-08,"PTPRN"
"ENSG00000286281",9.5130590045419,1.65376101927178,0.280531872596961,5.8950913632824,3.74474126147059e-09,7.19909387848328e-08,"ENSG00000286281"
"ENSG00000086506",28.4866150760762,2.87446483984676,0.487586873759946,5.89528757753628,3.74029396219448e-09,7.19909387848328e-08,"HBQ1"
"ENSG00000148926",877.768459185011,2.29690547396461,0.390362911654277,5.88402587794728,4.00405192228824e-09,7.65617089840588e-08,"ADM"
"ENSG00000144395",16.6288885024248,1.53053311710744,0.260288865867253,5.88013287471161,4.0993726899954e-09,7.83046840255625e-08,"CCDC150"
"ENSG00000147889",42.605149203205,1.19926080397653,0.204297419518598,5.87017108097813,4.3534566689683e-09,8.25707079212192e-08,"CDKN2A"
"ENSG00000211968",53.6273666473403,2.51191215519799,0.428411103983297,5.86332177630934,4.53697785517708e-09,8.55336366759361e-08,"IGHV1-58"
"ENSG00000108960",954.311798345003,1.57199135065905,0.268203304308193,5.86119307781782,4.59553250303224e-09,8.6464093020014e-08,"MMD"
"ENSG00000177469",19.6682575006836,1.87203069662261,0.319473389658603,5.85973904938722,4.63595086204243e-09,8.71373324029494e-08,"CAVIN1"
"ENSG00000134548",84.3431536880169,2.02325898217194,0.345636618024001,5.85371710248432,4.80706033369992e-09,8.99039861017151e-08,"SPX"
"ENSG00000189013",92.5153020962636,1.44578077597068,0.247233064140795,5.84784555817877,4.97980573049386e-09,9.27508183500451e-08,"KIR2DL4"
"ENSG00000211647",12.8062500083663,3.42668312741739,0.585983708721903,5.84774470077228,4.98282517532456e-09,9.27508183500451e-08,"IGLV5-48"
"ENSG00000248385",20.6263675540759,3.36773894267441,0.576286518091367,5.84386210149111,5.10042546109639e-09,9.45439812295539e-08,"TARM1"
"ENSG00000243064",10.1573531726123,4.00029447939004,0.684558103068448,5.84361570107666,5.10797914236482e-09,9.45907152314178e-08,"ENSG00000243064"
"ENSG00000105173",123.897529017371,1.13144969992333,0.193706206031032,5.84106066143315,5.18695115539534e-09,9.57700726098338e-08,"CCNE1"
"ENSG00000166341",98.5737935394067,-1.30033511307553,0.222909472892597,-5.83346726454312,5.42872619233467e-09,9.984181752556e-08,"DCHS1"
"ENSG00000239571",26.6814660283578,3.90957738262144,0.670749356178444,5.82867109242718,5.58704968417579e-09,1.02621867504543e-07,"IGKV2D-30"
"ENSG00000166823",11.1922193593149,1.53548388052894,0.263529657147195,5.82660751412616,5.65654309385793e-09,1.0362610525551e-07,"MESP1"
"ENSG00000131355",183.452986308242,-1.64791575610136,0.282844671756315,-5.82622167095697,5.66962979974405e-09,1.03764714426474e-07,"ADGRE3"
"ENSG00000102230",54.3321072272252,2.53024059245463,0.434308352578415,5.82590819963055,5.68028353882745e-09,1.03858569451168e-07,"PCYT1B"
"ENSG00000174944",59.28780543078,-1.05528965207614,0.181385765454914,-5.81792981069644,5.95809085894849e-09,1.08515771109298e-07,"P2RY14"
"ENSG00000120949",395.616421822376,-1.01095748093143,0.173928207663624,-5.81249869996141,6.15471619442885e-09,1.11880121460817e-07,"TNFRSF8"
"ENSG00000255552",23.3767529110173,2.24813326783661,0.386938789520135,5.81004884680767,6.24546173482896e-09,1.13419998809512e-07,"ENSG00000255552"
"ENSG00000211856",7.6275052823566,-1.86075708146249,0.320275359204583,-5.80986650388516,6.25226773267668e-09,1.13434000292848e-07,"TRAJ33"
"ENSG00000168497",2168.94193225208,1.67553445345253,0.28851874445677,5.80736775562803,6.34626412773429e-09,1.14806911015297e-07,"CAVIN2"
"ENSG00000135253",24.0437809683572,1.33455740533224,0.2300135610799,5.8020814036641,6.54967485644198e-09,1.18032299713982e-07,"KCP"
"ENSG00000184500",150.949549656002,2.24635424424833,0.387326702769801,5.79963691680562,6.64586571637811e-09,1.19651045981842e-07,"PROS1"
"ENSG00000204424",17.4556072290703,2.01540351318255,0.347810854277501,5.79453886615787,6.8509157516689e-09,1.23106895285247e-07,"LY6G6F"
"ENSG00000259630",19.3337218939207,1.73641287134162,0.300405047204229,5.78023867275813,7.45947240545405e-09,1.33277797844976e-07,"ENSG00000259630"
"ENSG00000091656",5.79704941770029,2.76620379401067,0.478790751617338,5.77747958720282,7.58279179365229e-09,1.35095881093354e-07,"ZFHX4"
"ENSG00000167476",19.1165051202291,1.79334388147164,0.310647893413423,5.77291499313335,7.79117532629737e-09,1.38023498051918e-07,"JSRP1"
"ENSG00000110013",166.588836340317,1.22963773476678,0.213016441112569,5.7725015418738,7.81032295153182e-09,1.38102380241761e-07,"SIAE"
"ENSG00000116133",574.759713652468,1.3423740817768,0.232704908796283,5.76856796326525,7.99479708237063e-09,1.40966422101537e-07,"DHCR24"
"ENSG00000180914",15.9826589798149,2.09848808691459,0.363877268531045,5.76702165371882,8.06846890322961e-09,1.4199900889991e-07,"OXTR"
"ENSG00000148498",101.913294033832,1.78673100912063,0.310361481278371,5.75693543464584,8.56546523426598e-09,1.49624985635003e-07,"PARD3"
"ENSG00000173372",401.409992143291,1.7123862582714,0.297625716552753,5.75348890581467,8.74201881597851e-09,1.52425775199566e-07,"C1QA"
"ENSG00000275210",17.5109906463494,1.6809542782024,0.292620152782062,5.74449251776017,9.2197072144498e-09,1.6030861868899e-07,"ENSG00000275210"
"ENSG00000170456",217.865861104922,1.09812978013582,0.19143688139668,5.73624983923742,9.67958448748975e-09,1.67684304172219e-07,"DENND5B"
"ENSG00000165507",23.3083252579281,2.61333490163142,0.456160548601659,5.7289805303034,1.01035988972031e-08,1.7454710006602e-07,"DEPP1"
"ENSG00000206337",1486.67877780587,-1.00591131997959,0.175856066578309,-5.72008313134687,1.06471946756887e-08,1.83264350846379e-07,"HCP5"
"ENSG00000142303",240.871938150073,-1.15081673989085,0.201215258562038,-5.71933136738751,1.0694405199685e-08,1.83572639391122e-07,"ADAMTS10"
"ENSG00000198478",587.498869174603,1.79021099294743,0.313317059184528,5.71373610363518,1.10522349495451e-08,1.89369013775432e-07,"SH3BGRL2"
"ENSG00000170858",20.8197912143421,2.27306285077137,0.397896621356685,5.71269703929891,1.11199544880828e-08,1.90355796500914e-07,"LILRP2"
"ENSG00000143995",121.418606990802,1.55535471110432,0.272411206152157,5.7095841726701,1.13252535564651e-08,1.93517696224834e-07,"MEIS1"
"ENSG00000183963",132.822823878819,1.19865866596123,0.210038303233577,5.70685749935922,1.15081049947846e-08,1.96285246353876e-07,"SMTN"
"ENSG00000147454",1150.65999117085,1.49971251609064,0.263050844581721,5.70122676654146,1.18948275073462e-08,2.02054950734777e-07,"SLC25A37"
"ENSG00000100678",24.8141098695572,2.25256076561621,0.395132162319336,5.70077806978351,1.19261818403435e-08,2.0231454320496e-07,"SLC8A3"
"ENSG00000137571",15.1753844040595,1.45290314822155,0.255269504823067,5.6916440106255,1.25821969908519e-08,2.12300150873676e-07,"SLCO5A1"
"ENSG00000088836",19.019523836579,1.77574306577344,0.311991531354313,5.69163867386137,1.25825903422683e-08,2.12300150873676e-07,"SLC4A11"
"ENSG00000013016",805.252302552515,1.56828931117534,0.275566380314672,5.69114893255301,1.26187381071257e-08,2.12719104449807e-07,"EHD3"
"ENSG00000242951",5.17469681263047,2.67385522043652,0.470139163599149,5.68736967149648,1.29010989821965e-08,2.17089576069262e-07,"ENSG00000242951"
"ENSG00000130830",2499.6347103249,1.11852827783006,0.19688685384289,5.68107141740714,1.33853566331753e-08,2.24034873799789e-07,"MPP1"
"ENSG00000211973",277.601941594612,2.89832369678678,0.510200369625681,5.68075577623197,1.34100846215489e-08,2.24249066322627e-07,"IGHV1-69"
"ENSG00000228526",7.07646660400249,1.75467021790979,0.308900578795136,5.68037206260301,1.34402053230331e-08,2.24552977112649e-07,"MIR34AHG"
"ENSG00000151789",17.6714409499851,2.33430197687888,0.410978844672121,5.67985921207499,1.34805656443008e-08,2.24827605900867e-07,"ZNF385D"
"ENSG00000108839",258.502336385769,1.52132509212557,0.267939716372442,5.67786333703099,1.36387608193788e-08,2.27264315922912e-07,"ALOX12"
"ENSG00000090659",24.7782151101731,-1.45956988062462,0.25743808022944,-5.66959588621772,1.43134726464636e-08,2.37036151421084e-07,"CD209"
"ENSG00000196150",175.056123436985,-1.0067167784179,0.177758071129119,-5.66340966698863,1.48394306370155e-08,2.44883176693015e-07,"ZNF250"
"ENSG00000165682",167.008774348281,1.91567636843326,0.338571964151747,5.65810690567002,1.5305179401511e-08,2.52347501781404e-07,"CLEC1B"
"ENSG00000157423",7.30819385581983,1.92741874850329,0.341084567681416,5.65085298817614,1.59653592679344e-08,2.61012550833308e-07,"HYDIN"
"ENSG00000124772",627.920266293509,1.13373549032107,0.200891399915599,5.6435242663319,1.66604031935144e-08,2.71124622013244e-07,"CPNE5"
"ENSG00000211961",80.7729561121191,4.79538779054177,0.851114596129609,5.63424456864974,1.7582735164537e-08,2.84900939786756e-07,"IGHV1-45"
"ENSG00000198753",62.987345501525,3.09686252337795,0.550568544107178,5.62484463837274,1.8567500649887e-08,2.99823661696973e-07,"PLXNB3"
"ENSG00000233999",3.14080499100731,4.57132247779142,0.812781179599796,5.62429666499203,1.862653082709e-08,3.00287511432574e-07,"ENSG00000233999"
"ENSG00000253239",31.7549064017929,2.99637094241758,0.533171356012828,5.61990232338267,1.91065449207804e-08,3.07208398914447e-07,"IGLVI-70"
"ENSG00000146809",7.70415150373672,1.84416488827622,0.32861670357296,5.61190246334138,2.00114229101998e-08,3.20934048651976e-07,"ASB15"
"ENSG00000156535",50.7524009436614,1.49341841940661,0.266139584132695,5.61141035924219,2.00684237471814e-08,3.21573821612977e-07,"CD109"
"ENSG00000185532",13.6925617775961,2.23692277617556,0.398743691479091,5.60992643639821,2.02412637793453e-08,3.24067115840352e-07,"PRKG1"
"ENSG00000180354",302.311145907544,1.40627324342884,0.250807842545301,5.60697476266056,2.05893669329617e-08,3.29079711625806e-07,"MTURN"
"ENSG00000087237",44.0137537604591,1.88615846689198,0.336649582695582,5.60273519957859,2.10995439712772e-08,3.36375766313932e-07,"CETP"
"ENSG00000123500",18.4662628734698,2.51230806648102,0.449313710741152,5.59143423942466,2.25201585693309e-08,3.57809721444754e-07,"COL10A1"
"ENSG00000161640",38.6978011842762,2.38058091302744,0.426163199958826,5.58607808759047,2.32254835574631e-08,3.68393408393314e-07,"SIGLEC11"
"ENSG00000101162",4308.73815459847,1.70230189835909,0.305240269653736,5.5769243694162,2.44808238035487e-08,3.87324548999581e-07,"TUBB1"
"ENSG00000176170",489.297406500057,1.28704784145234,0.23090950214327,5.57381930802388,2.49214225050966e-08,3.92972363595466e-07,"SPHK1"
"ENSG00000253545",2.92863777324528,3.74900931415406,0.67338747229912,5.56738797256499,2.58586218341287e-08,4.06386836115622e-07,"IGHV3-52"
"ENSG00000277301",21.2644535762395,-1.90203854715382,0.341769762389509,-5.56526280691298,2.61757610066879e-08,4.11027237996413e-07,"LOC101929698"
"ENSG00000264548",12.4603932877336,1.42529363847138,0.256235359061157,5.56243932802105,2.66029535610742e-08,4.170384613294e-07,"ENSG00000264548"
"ENSG00000211713",15.1367336073206,-1.5699516665586,0.282293801242807,-5.56141034499108,2.67603146078895e-08,4.19155727808242e-07,"TRBV6-4"
"ENSG00000170819",13.4412112031038,1.66662791382611,0.299909445562588,5.5571037807754,2.74287691998741e-08,4.28911103062257e-07,"BFSP2"
"ENSG00000197993",12.3219317408518,2.35163443504128,0.423294320019457,5.55555395813765,2.76732710114891e-08,4.32374731448004e-07,"KEL"
"ENSG00000115414",179.228815162028,2.85540512743953,0.514289214699932,5.55213884682677,2.82195305148766e-08,4.40177838637029e-07,"FN1"
"ENSG00000277836",55.0659354914785,3.16219897289178,0.569748319893585,5.55016813999977,2.85394978872072e-08,4.44063246927109e-07,"ENSG00000277836"
"ENSG00000109472",11.4365632061465,3.61141380927303,0.650862547705428,5.54865819519779,2.87870341673391e-08,4.4717445802422e-07,"CPE"
"ENSG00000157152",11.5366886173696,2.61647532829809,0.471798627065082,5.54574595643569,2.92703554864416e-08,4.54306855262722e-07,"SYN2"
"ENSG00000196914",378.066271156552,1.28911351279999,0.232524078980853,5.54400008141155,2.95638696045114e-08,4.57728577501151e-07,"ARHGEF12"
"ENSG00000241755",983.529426636969,2.86410141088119,0.516755495805094,5.54246918345588,2.98235902867658e-08,4.61369714428025e-07,"IGKV1-9"
"ENSG00000253394",20.6999476558021,2.11374701247212,0.381599442828162,5.53917740761472,3.0389567425355e-08,4.69738741222839e-07,"ENSG00000253394"
"ENSG00000157680",8.82978061765748,3.02389938081858,0.546195297286158,5.53629699091738,3.08933541767319e-08,4.77133512823215e-07,"DGKI"
"ENSG00000150594",27.7526593426069,1.97463838300662,0.356754660167937,5.53500375321542,3.11221689783054e-08,4.80272814545344e-07,"ADRA2A"
"ENSG00000211593",22.2140949575152,1.71903173404092,0.310600357771003,5.53454524771771,3.12036872641808e-08,4.81135771794538e-07,"IGKJ5"
"ENSG00000169877",174.920702193786,6.13878326389775,1.11000793299888,5.53039584799432,3.19508957341063e-08,4.92253308375625e-07,"AHSP"
"ENSG00000153721",8.42353735707552,2.5303330751989,0.457603381422242,5.52953316764086,3.2108409148631e-08,4.94274904469835e-07,"CNKSR3"
"ENSG00000276775",270.106684964587,3.89714795383496,0.705250744738894,5.52590406023294,3.27793231010387e-08,5.03777724453903e-07,"IGHV4-4"
"ENSG00000196981",40.4916954523855,-1.09049710620085,0.197855685963942,-5.51157830460119,3.55630147211769e-08,5.43449125771741e-07,"WDR5B"
"ENSG00000152760",8.91336451742319,2.81586545477323,0.511314182039442,5.50711393050314,3.64764208069244e-08,5.56502277180967e-07,"DYNLT5"
"ENSG00000082146",678.197892753189,1.13983977774123,0.207282348623223,5.49897174222548,3.82012341507803e-08,5.80930741988726e-07,"STRADB"
"ENSG00000105246",24.3383386413064,1.30317233213907,0.23723643798795,5.49313732406175,3.9485551665625e-08,5.98042247467435e-07,"EBI3"
"ENSG00000050767",17.9749941340055,1.80077958787749,0.327979045140059,5.49053244273118,4.00723872319441e-08,6.05953813685938e-07,"COL23A1"
"ENSG00000138207",3.978508303627,3.88197283143846,0.707722259479042,5.48516424267338,4.13085439152538e-08,6.23386404283429e-07,"RBP4"
"ENSG00000259448",23.2920287214975,1.107875267121,0.202572054090666,5.46904296396748,4.5247206912408e-08,6.77123010450334e-07,"LINC02352"
"ENSG00000239445",7.31768361101982,2.18399603777271,0.399382794816149,5.46842794962683,4.54044560636959e-08,6.7839599059875e-07,"ENSG00000239445"
"ENSG00000259337",2.50387614179149,3.66773081020966,0.670964985927027,5.46635202601848,4.59391578591735e-08,6.84752110325952e-07,"ENSG00000259337"
"ENSG00000183454",4.28159772637598,3.35535491313757,0.614115671388522,5.4637181063155,4.66263760281054e-08,6.93894983233784e-07,"GRIN2A"
"ENSG00000251634",12.1127018261914,2.93318687196351,0.537508581600308,5.45700472954426,4.84233461462264e-08,7.15538690380874e-07,"ENSG00000251634"
"ENSG00000123095",34.3758356597533,1.34464875826393,0.24653979765175,5.45408396969365,4.922593810437e-08,7.24550299616083e-07,"BHLHE41"
"ENSG00000109339",17.1123398966906,1.65094736382844,0.302890630153324,5.45063861167551,5.01892668155371e-08,7.38151376420059e-07,"MAPK10"
"ENSG00000013306",3121.11319041426,1.42393004190516,0.261263456243383,5.45016919847638,5.03219217802209e-08,7.39523723050065e-07,"SLC25A39"
"ENSG00000197794",7.5166483907246,2.86153291716103,0.525319751056936,5.44722126172426,5.11628031037985e-08,7.51293786827342e-07,"ENSG00000197794"
"ENSG00000211893",5244.01340216347,2.21616410555327,0.407547494879602,5.43780573650188,5.39407392985504e-08,7.86555574752175e-07,"IGHG2"
"ENSG00000276550",321.648324073923,-1.27967830918139,0.235783025175741,-5.42735554532641,5.71951232818923e-08,8.32073945206229e-07,"ENSG00000276550"
"ENSG00000024422",16.4479583198391,2.1207064067738,0.390865565521483,5.42566701659791,5.77385110014303e-08,8.38680875411811e-07,"EHD2"
"ENSG00000142675",61.5595716921263,1.36431451110911,0.251470669026681,5.42534251167223,5.78435119172864e-08,8.38909452158422e-07,"CNKSR1"
"ENSG00000127533",51.1471141523878,1.79828901977177,0.331485543905106,5.42493949686855,5.79741741000041e-08,8.39613909262053e-07,"F2RL3"
"ENSG00000253209",6.00526299790434,2.85431297987649,0.526849363025775,5.41770225076053,6.03698416492852e-08,8.68844979816205e-07,"IGHV3-65"
"ENSG00000104067",3.53350217168078,3.02111052993692,0.558545398504781,5.40888983782589,6.34166208859807e-08,9.10787508772362e-07,"TJP1"
"ENSG00000188868",87.5825426756981,-1.07427153124138,0.198618562272778,-5.408716682613,6.34779546973715e-08,9.10787508772362e-07,"ZNF563"
"ENSG00000211664",128.197635643436,3.22601312925,0.596775023998098,5.4057442076535,6.45398485668831e-08,9.24612037852998e-07,"IGLV2-18"
"ENSG00000125319",36.1845165277774,1.26452641173621,0.233966432530757,5.40473433756347,6.49045181110627e-08,9.2912819681305e-07,"HROB"
"ENSG00000163735",102.453040434011,2.1221206913047,0.393690132225038,5.39033244067106,7.03274624856453e-08,1.00142044309105e-06,"CXCL5"
"ENSG00000144045",6.9978470739271,1.9749922103396,0.366571102935218,5.38774659138539,7.13465499286387e-08,1.01516256809893e-06,"DQX1"
"ENSG00000233392",81.7129107355074,-2.20203801883712,0.408866523877501,-5.38571365039625,7.21577641134799e-08,1.02592839204007e-06,"UICLM"
"ENSG00000248516",11.9748371157998,2.73807987329013,0.508566365002069,5.38391852414186,7.2881503564023e-08,1.03543517837443e-06,"ENSG00000248516"
"ENSG00000197415",40.415267365516,1.82694348740608,0.339524958817678,5.38088125764896,7.41220768429852e-08,1.05067764429921e-06,"VEPH1"
"ENSG00000136542",4.45946939718955,2.62760677022273,0.489052491500032,5.37285223138988,7.75008390690365e-08,1.09444460641744e-06,"GALNT5"
"ENSG00000140538",5.82976357147721,2.70065070777097,0.503121412821114,5.36779123080415,7.97067386030133e-08,1.12222311519269e-06,"NTRK3"
"ENSG00000180479",97.2659812933499,-1.10340764498591,0.206036873137718,-5.3553891989439,8.53724503285757e-08,1.19840222283488e-06,"ZNF571"
"ENSG00000225936",55.6751941154342,1.60765429627448,0.300422074341825,5.35131880637129,8.73155378424245e-08,1.22476332036284e-06,"SLC18A2-AS1"
"ENSG00000241743",44.6739895560778,1.95748604872857,0.365909461075092,5.34964590141289,8.81264896327126e-08,1.23429619905847e-06,"ENSG00000241743"
"ENSG00000183484",962.933559530923,-1.14750372405407,0.214655878779671,-5.34578289016675,9.00270689257523e-08,1.25623518005081e-06,"GPR132"
"ENSG00000124491",9387.38471372052,1.50593118152782,0.281798074138208,5.34400806724193,9.09135191016125e-08,1.26766357940201e-06,"F13A1"
"ENSG00000152128",16.3561089650166,1.24416398546599,0.233057438621732,5.33844357349759,9.37478732518928e-08,1.30331732665871e-06,"TMEM163"
"ENSG00000246228",16.3673006857114,-2.60544411336808,0.488120844967615,-5.33770303036524,9.41314694472852e-08,1.30660214673873e-06,"CASC8"
"ENSG00000011590",205.457242075937,1.60056231912047,0.299866379383815,5.33758510176902,9.4192695724142e-08,1.30660214673873e-06,"ZBTB32"
"ENSG00000112379",4.83230156401333,2.994534699399,0.561901248869639,5.32928998720509,9.85974593853311e-08,1.36367759132206e-06,"ARFGEF3"
"ENSG00000234311",5.74468072488601,2.04165561934779,0.38342665156854,5.3247618833894,1.01085369892882e-07,1.39398430851549e-06,"ENSG00000234311"
"ENSG00000115129",240.23515654631,1.1695902791126,0.220023738025018,5.31574588092679,1.06221305611751e-07,1.45945589201643e-06,"TP53I3"
"ENSG00000095303",2342.43031454018,1.46853157702481,0.276324539646729,5.31451741094829,1.06940357459598e-07,1.46826220512096e-06,"PTGS1"
"ENSG00000169760",4.35868035351869,2.4587248294777,0.462861276233166,5.31201237979372,1.08421236077613e-07,1.4875077031495e-06,"NLGN1"
"ENSG00000087245",14.1047735830772,3.47586297318712,0.654477475368093,5.31089778335338,1.09086504600896e-07,1.49445330938662e-06,"MMP2"
"ENSG00000169116",158.986440750074,1.06146361525581,0.199874001379385,5.31066375781923,1.09226688244138e-07,1.49528392733927e-06,"PARM1"
"ENSG00000179941",52.3876833484272,-1.20743687904136,0.227397700180791,-5.3098025093543,1.09744087648924e-07,1.50018172469031e-06,"BBS10"
"ENSG00000077943",4.90168254000071,3.00062186260888,0.565126367636027,5.30964760175806,1.09837400509135e-07,1.50036611916402e-06,"ITGA8"
"ENSG00000197561",40.59041099153,2.87674939353066,0.542046708844462,5.30719834027465,1.11323025158404e-07,1.51735140020114e-06,"ELANE"
"ENSG00000253497",5.36836171918244,3.27289161934714,0.617634831318315,5.29907228897906,1.1639254880201e-07,1.5795771460524e-06,"IGKV1-13"
"ENSG00000211595",12.180972152526,1.68302074560223,0.317710203777055,5.29734558598957,1.17498192170513e-07,1.59343147188814e-06,"IGKJ3"
"ENSG00000136160",11.3505267548575,2.95716013295664,0.55894534033878,5.2906070049073,1.21911070730511e-07,1.64614977403067e-06,"EDNRB"
"ENSG00000137491",11.8524978332531,2.40471296614371,0.454727004885103,5.28825633910024,1.23487843678415e-07,1.66624372561341e-06,"SLCO2B1"
"ENSG00000211976",144.929288115202,2.27799982595698,0.430794003460836,5.28790978438973,1.23721967190878e-07,1.66820523337141e-06,"IGHV3-73"
"ENSG00000204388",152.349132212376,-2.83800295885311,0.537086726586086,-5.28406832336458,1.26346094537788e-07,1.69628656638019e-06,"HSPA1B"
"ENSG00000281344",36.8048474639621,1.82936942328926,0.346223325235199,5.28378445342041,1.26542130171417e-07,1.69748943834382e-06,"ENSG00000281344"
"ENSG00000170989",2215.78859159489,-1.00406503157041,0.190117638148637,-5.28128290119729,1.28282428624126e-07,1.71860051918679e-06,"S1PR1"
"ENSG00000259869",8.0799366922193,1.77523474996929,0.336325605095094,5.27832173071495,1.30372414692931e-07,1.74411381250415e-06,"ENSG00000259869"
"ENSG00000198315",171.063436952428,-1.01771087924628,0.192855711211625,-5.27705854730701,1.31273954967681e-07,1.75492550325216e-06,"ZKSCAN8"
"ENSG00000255491",12.6251652742877,1.47904598784757,0.280286382115027,5.27690991152253,1.31380432805228e-07,1.75510065032486e-06,"LOC105375743"
"ENSG00000102362",50.1585733406437,2.05788937936794,0.390307058770038,5.27248824515985,1.34586459889782e-07,1.79410432630379e-06,"SYTL4"
"ENSG00000086289",64.2241432057115,1.25574961530473,0.238306539697986,5.26947190327291,1.36816810257712e-07,1.81867663762655e-06,"EPDR1"
"ENSG00000106070",187.0499805904,1.63306633532462,0.309965633646109,5.26853998656221,1.3751309019934e-07,1.82664031334756e-06,"GRB10"
"ENSG00000099194",226.950695989255,1.15195063591927,0.218963310078947,5.26092994988034,1.43328635308475e-07,1.89852362879358e-06,"SCD"
"ENSG00000260048",2.33397655712511,4.68172074046776,0.889991639366982,5.26040979867821,1.43734701136961e-07,1.90256157927487e-06,"ENSG00000260048"
"ENSG00000134901",18.9006649662664,1.29490157090513,0.246226983368414,5.25897508547083,1.44860512709495e-07,1.9134210800335e-06,"POGLUT2"
"ENSG00000103316",23.4819870495677,2.07220420416275,0.394028464252152,5.25902159910121,1.44823880319498e-07,1.9134210800335e-06,"CRYM"
"ENSG00000254554",41.3051249464178,1.2382364631662,0.235479172228983,5.25836935574974,1.45338381755519e-07,1.91838498839658e-06,"ENSG00000254554"
"ENSG00000102024",24.1115025241071,1.70046552203584,0.323671408110244,5.25367851292151,1.49091031133265e-07,1.96240547701741e-06,"PLS3"
"ENSG00000236304",165.929206668162,1.80531225520796,0.343682321671971,5.25285166378458,1.49762149265187e-07,1.96985959243419e-06,"LRRC32-AS1"
"ENSG00000238000",43.0945751854802,1.27746967843331,0.243257561306961,5.25151066865011,1.50856793785885e-07,1.98010076536277e-06,"PSME2P1"
"ENSG00000117984",3821.31031803874,1.24072749993992,0.236384982993259,5.24875770122546,1.53128321273575e-07,2.00711291956633e-06,"CTSD"
"ENSG00000130584",35.0990668344603,-1.06226279054675,0.202418703832763,-5.24784899039953,1.53885351388118e-07,2.01563001023768e-06,"ZBTB46"
"ENSG00000095932",10.7708956056198,2.4613132919769,0.469204462891887,5.24571585872583,1.55676670887748e-07,2.03625518859159e-06,"SMIM24"
"ENSG00000150760",34.8284980891009,1.36213354209775,0.259802434308045,5.24295911901535,1.58021560825874e-07,2.06405368817451e-06,"DOCK1"
"ENSG00000164691",5260.78880074366,-1.64124313942288,0.313489346143346,-5.23540324292999,1.6462504851904e-07,2.13989793358497e-06,"TAGAP"
"ENSG00000272506",18.2161411496976,1.46786512471078,0.280489033435944,5.23323534873959,1.66568433730025e-07,2.16216870192648e-06,"ENSG00000272506"
"ENSG00000234810",7.73683744705131,2.05325754570477,0.392783788678828,5.2274498207045,1.71864020666201e-07,2.22629643862296e-06,"ENSG00000234810"
"ENSG00000129354",15.5958579392569,2.04183709439964,0.391269923688439,5.21848721504472,1.80390427947159e-07,2.32393316223085e-06,"AP1M2"
"ENSG00000214274",44.2118003370573,1.42557638381512,0.273273824288722,5.21665910566302,1.82179094362992e-07,2.34536866962109e-06,"ANG"
"ENSG00000287632",3.66559899868393,3.57861178686245,0.686203706278988,5.21508664863944,1.83731330172074e-07,2.36373311561554e-06,"ENSG00000287632"
"ENSG00000263961",6.66969034655252,1.8641270261487,0.357729795997973,5.21099177927931,1.87833776186483e-07,2.41485886265467e-06,"RHEX"
"ENSG00000102384",13.362492805965,1.51317945839412,0.290604588859003,5.20700469436941,1.91913240012559e-07,2.46057384670945e-06,"CENPI"
"ENSG00000073754",3.41787962593132,3.50584839073546,0.673344955026358,5.20661566492055,1.92315837910235e-07,2.46237635515039e-06,"CD5L"
"ENSG00000163485",14.769466301737,-2.52272629269586,0.484694598047558,-5.20477493014753,1.94231869084066e-07,2.48183698932978e-06,"ADORA1"
"ENSG00000143595",73.6864007942678,1.93507332327943,0.371844879278538,5.20398002262102,1.9506498536284e-07,2.49078903864127e-06,"AQP10"
"ENSG00000181458",9.05179322640328,2.22946706239986,0.428672581824151,5.20086228261369,1.98366050615251e-07,2.52950358708565e-06,"TMEM45A"
"ENSG00000241566",13.5746226118503,3.6368804670873,0.699466725463365,5.19950461500228,1.99820366329668e-07,2.54632108849656e-06,"IGKV2D-24"
"ENSG00000189337",8.24890961001155,2.18763075349806,0.420828460384085,5.19839069701092,2.01021271653062e-07,2.55988876828656e-06,"KAZN"
"ENSG00000197476",4.54628108487933,4.58646067225882,0.882446990432608,5.19743477170268,2.02057405468035e-07,2.56960148388172e-06,"ENSG00000197476"
"ENSG00000163092",15.3306487839989,2.60902990430698,0.502085016147313,5.19639069161444,2.0319498821727e-07,2.58232116195524e-06,"XIRP2"
"ENSG00000184113",329.774936604723,1.73067292706209,0.333259286946541,5.19317238814027,2.06740587321722e-07,2.62206213178076e-06,"CLDN5"
"ENSG00000211672",15.3549167245504,2.70845395140095,0.521888219061619,5.18972042762506,2.10610053356459e-07,2.66574179319057e-06,"IGLV4-3"
"ENSG00000111058",8.48732924970682,1.68075545591171,0.324054975230469,5.18663678814482,2.141257629787e-07,2.70477677483041e-06,"ACSS3"
"ENSG00000029534",435.636953845774,1.87548480170747,0.36186014676036,5.18289957735939,2.18462677981857e-07,2.75031781336034e-06,"ANK1"
"ENSG00000078053",40.0063380054941,1.85223375831416,0.35801142252405,5.173672239996,2.29537329383538e-07,2.87625576206199e-06,"AMPH"
"ENSG00000165899",3.20331803182137,3.23465422914157,0.625202218878125,5.17377279137924,2.29413774463438e-07,2.87625576206199e-06,"OTOGL"
"ENSG00000172331",741.667737225393,1.27960811427639,0.247424252669239,5.17171659799654,2.31953195979503e-07,2.90265797045988e-06,"BPGM"
"ENSG00000196793",21.7545929978351,-1.14607538826944,0.221709537836778,-5.16926515409173,2.35016257458978e-07,2.93718454270213e-06,"ZNF239"
"ENSG00000180855",43.9416710793923,-1.00172289863079,0.193905147211545,-5.1660459406884,2.39098046658175e-07,2.98016371683491e-06,"ZNF443"
"ENSG00000132972",12.1357177765372,4.7910509550888,0.927434968976401,5.16591579501971,2.39264496566202e-07,2.98026207916391e-06,"RNF17"
"ENSG00000127252",15.3786698177397,2.02374519744591,0.391795518937822,5.16530970780981,2.40041128033731e-07,2.98795565729934e-06,"PLAAT1"
"ENSG00000211892",1725.27180201247,2.64627724467949,0.512617467540109,5.16228457328647,2.43954048815705e-07,3.0266404630627e-06,"IGHG4"
"ENSG00000254709",208.226922215953,1.56354633335182,0.302936576006967,5.16129928568237,2.45241739677057e-07,3.0386049696572e-06,"IGLL5"
"ENSG00000140022",192.321021843135,1.74216139690757,0.337590905235598,5.16056970104615,2.46199476219456e-07,3.04846202570547e-06,"STON2"
"ENSG00000279164",32.2552060176936,1.45882118154155,0.282758304293688,5.15925141504011,2.47939180230058e-07,3.06798211428846e-06,"ENSG00000279164"
"ENSG00000236138",9.95786983173283,2.31709825721555,0.449222915588005,5.15801437729999,2.49582459437091e-07,3.0862841497234e-06,"DUX4L26"
"ENSG00000173546",4.32086295456954,2.19584372275047,0.426568471466298,5.14769344110786,2.63709000590168e-07,3.25241100727874e-06,"CSPG4"
"ENSG00000136929",110.449649474132,1.69305811607597,0.328951360747751,5.14683420742635,2.64919270252595e-07,3.26519514994608e-06,"HEMGN"
"ENSG00000126262",323.70589631949,1.37414614434092,0.267151518701159,5.14369579863054,2.69385611687621e-07,3.31372510293229e-06,"FFAR2"
"ENSG00000259781",64.0228686045372,2.4935048471873,0.484878849016675,5.14253169063587,2.71060700642489e-07,3.32567801930846e-06,"ENSG00000259781"
"ENSG00000233968",26.7813635833482,1.95567215606852,0.380745404668594,5.13643009761541,2.80006432987922e-07,3.41595632959808e-06,"MALRD1-AS1"
"ENSG00000276566",243.675168916877,4.15984620966961,0.810764771488068,5.13076832634782,2.88561890821328e-07,3.5105561811506e-06,"IGKV1D-13"
"ENSG00000163518",3.73164564810752,3.13606547823239,0.611408513433299,5.1292473188215,2.90902952364384e-07,3.53674766665004e-06,"FCRL4"
"ENSG00000206192",3.29188379392194,3.16040781375937,0.616245006444351,5.12849237025787,2.92071733224259e-07,3.54478433300637e-06,"ENSG00000206192"
"ENSG00000244734",104037.653283621,4.92454404364548,0.961340659647125,5.1225795915603,3.01383812102016e-07,3.64296471528585e-06,"HBB"
"ENSG00000186594",982.018188934804,1.03369549531556,0.202128424311333,5.11405310182097,3.15318652065086e-07,3.79918550270215e-06,"MIR22HG"
"ENSG00000142949",26.7039355738956,2.04746650756907,0.400398337556231,5.11357394754798,3.16119921835106e-07,3.8039629006483e-06,"PTPRF"
"ENSG00000273542",8.44280186609058,1.30134286632215,0.254524567224529,5.11283794925057,3.17354531382247e-07,3.81393591551197e-06,"H4C12"
"ENSG00000268758",40.2382085468115,-1.39812096208176,0.273506084689977,-5.11184591621262,3.19025997823369e-07,3.83157358152591e-06,"ENSG00000268758"
"ENSG00000103876",248.085919878219,1.12242692679887,0.21965257954537,5.11001022215189,3.22141382116201e-07,3.86651942417377e-06,"FAH"
"ENSG00000079215",57.4800858410561,2.01638764224726,0.394680549255662,5.10891060137121,3.24021610022196e-07,3.88412639156709e-06,"SLC1A3"
"ENSG00000169224",13.2096884718168,2.1254325560031,0.416237548096495,5.10629703092133,3.28533135091561e-07,3.93068670094269e-06,"GCSAML"
"ENSG00000143546",43465.2951580255,1.97130154081657,0.386127284852836,5.10531531478768,3.30243383781442e-07,3.9461250105251e-06,"S100A8"
"ENSG00000163710",4.29706250208051,4.67391125493651,0.915662774815954,5.10440238861513,3.31841503661768e-07,3.96018597004863e-06,"PCOLCE2"
"ENSG00000163823",2477.40706887374,1.14369054255394,0.224103518802011,5.10340287679445,3.33599757022239e-07,3.9786427874302e-06,"CCR1"
"ENSG00000267279",32.0546441769095,1.92361950939067,0.377040864370626,5.10188600538476,3.36285295854202e-07,4.00558835289961e-06,"ENSG00000267279"
"ENSG00000128383",3187.74281034066,1.32912666801881,0.260545327845894,5.10132604951166,3.37281931731821e-07,4.0123741701464e-06,"APOBEC3A"
"ENSG00000103089",16.9274814522254,1.56956112117084,0.307690229072855,5.10110810440846,3.37670611051495e-07,4.01445718236806e-06,"FA2H"
"ENSG00000276903",12.9296847673391,1.44139081576004,0.28265973491557,5.09938501212624,3.40758801602559e-07,4.04349901194552e-06,"H2AC16"
"ENSG00000236320",45.0521246098165,1.48199166462407,0.291057662695924,5.09174591349739,3.54781338713224e-07,4.20193449429979e-06,"SLFN14"
"ENSG00000183762",35.2477566892964,1.93361664505104,0.379837160193699,5.09064632871883,3.56845066852505e-07,4.22250169930039e-06,"KREMEN1"
"ENSG00000185339",1092.04938019177,1.49205727083041,0.293101541343487,5.09058145512056,3.56967184517361e-07,4.22250169930039e-06,"TCN2"
"ENSG00000144677",207.812452141764,1.50528974252608,0.295811802607565,5.08867370827343,3.60576403520384e-07,4.25715708578463e-06,"CTDSPL"
"ENSG00000166473",5.23674407548074,2.20232755674968,0.43288269156253,5.08758515800246,3.62651560190102e-07,4.27896969575213e-06,"PKD1L2"
"ENSG00000074416",511.054126993757,1.3312534684312,0.261766694617052,5.08564876971359,3.66371515125562e-07,4.31203443850974e-06,"MGLL"
"ENSG00000162367",90.8513985144424,1.61949062454657,0.318534604414811,5.08419054664966,3.69197158431261e-07,4.34257183346307e-06,"TAL1"
"ENSG00000147138",317.856707828469,-1.06937452089169,0.210798001129773,-5.07298226340087,3.91629014997382e-07,4.5664137505526e-06,"GPR174"
"ENSG00000181754",248.877475871307,-1.10214927807767,0.218028559684709,-5.0550683803603,4.30236588884217e-07,4.98262457020767e-06,"AMIGO1"
"ENSG00000235257",12.908232286535,1.53119865556341,0.302925666346519,5.05470095693991,4.31065659019466e-07,4.98610510788197e-06,"ITGA9-AS1"
"ENSG00000154864",4.43122317938375,2.81494165244945,0.556896071256858,5.0546983499029,4.31071547154086e-07,4.98610510788197e-06,"PIEZO2"
"ENSG00000179348",85.9294054126752,1.33081947581082,0.263351625566635,5.05339381500833,4.34027664259519e-07,5.01705665429725e-06,"GATA2"
"ENSG00000136630",210.199131694018,1.52334497064607,0.301625906756303,5.05044472813421,4.40782640921887e-07,5.08279172930539e-06,"HLX"
"ENSG00000185130",5.46727181812906,2.08144799964608,0.412691056215132,5.04359851830917,4.56857372216554e-07,5.25847591437988e-06,"H2BC13"
"ENSG00000162627",20.7463964480893,2.47560698359919,0.490876454567396,5.04323839647374,4.57718400088162e-07,5.26450279867827e-06,"SNX7"
"ENSG00000162594",23.3902627443245,-1.90100570229621,0.377217566594978,-5.03954712251599,4.6663472836307e-07,5.3513522601051e-06,"IL23R"
"ENSG00000253819",8.25672969966661,2.03025388071296,0.402968611457017,5.0382432353035,4.69824146785157e-07,5.3813617690273e-06,"ENSG00000253819"
"ENSG00000050628",9.23922835577809,2.24690870806265,0.446000400644125,5.03790737590731,4.7064908668592e-07,5.38752754771532e-06,"PTGER3"
"ENSG00000254098",16.0180097534107,2.28126116395284,0.453089468549549,5.03490220431678,4.78092849212426e-07,5.45943693426291e-06,"IGKV2-26"
"ENSG00000118402",21.6165711995016,-1.58617813560251,0.315736734949382,-5.02373642350104,5.06757733796596e-07,5.75829314291096e-06,"ELOVL4"
"ENSG00000108309",11.0265214332655,3.51483084611405,0.699658665235567,5.02363655416266,5.07021448793234e-07,5.75829314291096e-06,"RUNDC3A"
"ENSG00000079102",3.17529320123868,2.97648318344837,0.59274668740536,5.02150960383665,5.12669399580574e-07,5.81190231273611e-06,"RUNX1T1"
"ENSG00000101470",18.081012837396,1.33101175235334,0.265656471276517,5.01027415578338,5.43525497174236e-07,6.13211599332949e-06,"TNNC2"
"ENSG00000150337",312.212646141999,1.57616409784892,0.314603209670953,5.01000641251387,5.44282218469558e-07,6.13696975306168e-06,"FCGR1A"
"ENSG00000157429",23.9698075820341,-1.01148047412314,0.201940783705026,-5.00879740865326,5.47711887235138e-07,6.16454648650997e-06,"ZNF19"
"ENSG00000108387",73.7602059872333,1.40343963459785,0.28047850457417,5.00373330472717,5.62305379785959e-07,6.30990562295933e-06,"SEPTIN4"
"ENSG00000167981",88.2567154245025,-1.01668082893811,0.203505991501116,-4.99582750089465,5.85840100648874e-07,6.54714825238865e-06,"ZNF597"
"ENSG00000183742",11.117670864865,1.30871623977027,0.262190552946414,4.99146984917396,5.99215376479177e-07,6.67230581534515e-06,"MACC1"
"ENSG00000140284",31.51248149455,1.55683806950096,0.312084543037214,4.98851386342232,6.08455458170931e-07,6.77118341727698e-06,"SLC27A2"
"ENSG00000063660",31.162171745815,1.20154561476693,0.241161808161382,4.98232130505038,6.28260001729581e-07,6.9709415540196e-06,"GPC1"
"ENSG00000235272",10.3484647159639,1.84217753639194,0.370271844986729,4.97520284443439,6.51793503841348e-07,7.1938406918391e-06,"RAMACL"
"ENSG00000232680",3.71090633551865,2.59971508458561,0.522596757476203,4.97461005525659,6.53791122897475e-07,7.21165372416722e-06,"ENSG00000232680"
"ENSG00000198876",1439.45893621054,1.62496920729737,0.326731216112232,4.97341278446806,6.57843770694291e-07,7.2478496564888e-06,"DCAF12"
"ENSG00000255867",3.94401598869569,1.95452974710209,0.393136332630451,4.97163346370063,6.6391135725936e-07,7.30613458492209e-06,"DENND5B-AS1"
"ENSG00000104970",40.340509506559,1.49930879302375,0.301636832844162,4.97057597007179,6.67542984648008e-07,7.3418010178139e-06,"ENSG00000104970"
"ENSG00000187715",5.22915058545945,2.35828921113123,0.474666763924245,4.96830490433832,6.75407055366916e-07,7.41527512422696e-06,"KBTBD12"
"ENSG00000151693",70.2812830010686,1.28339969904761,0.258364112500478,4.9674069925065,6.785408362967e-07,7.4409880741148e-06,"ASAP2"
"ENSG00000232453",8.031754321557,1.44455896473905,0.291248205744962,4.95988966196075,7.05332307496985e-07,7.69684363621884e-06,"LINC02777"
"ENSG00000103184",65.1264814737614,2.06888208535672,0.417137301261651,4.95971489267273,7.05967143479532e-07,7.69684363621884e-06,"SEC14L5"
"ENSG00000141854",48.1486317992131,1.00651721656828,0.20308260573232,4.95619609044681,7.1886667117677e-07,7.83293794286294e-06,"MISP3"
"ENSG00000286215",7.39839240869344,2.46531014450608,0.497687878088719,4.95352660380972,7.28803887133307e-07,7.93661521585032e-06,"VIM2P"
"ENSG00000147570",6.09170102499345,2.31840549966237,0.468128278513735,4.95250042792351,7.32658952467452e-07,7.97397664770019e-06,"DNAJC5B"
"ENSG00000126266",6.64145146154257,2.38392231495424,0.481578782359745,4.95022289660057,7.4128533493237e-07,8.05387234415539e-06,"FFAR1"
"ENSG00000224041",14.2634763554743,2.86927461125221,0.579639200745432,4.95010449183259,7.41736470510525e-07,8.05411825517956e-06,"IGKV3D-15"
"ENSG00000166211",4.21658802950082,3.1491982558931,0.636256992941651,4.94956957774749,7.43777852483879e-07,8.0669639441933e-06,"SPIC"
"ENSG00000130203",9.10716136677472,2.30935328295869,0.466982134056954,4.94527116679165,7.60379443219083e-07,8.23751701138092e-06,"APOE"
"ENSG00000110799",134.595732082121,1.73163461175854,0.350307414707174,4.94318572504677,7.68562016572497e-07,8.3070107323155e-06,"VWF"
"ENSG00000227145",5.86581852950724,2.47843673120186,0.50149117697026,4.94213426879261,7.72719676813847e-07,8.33756546807869e-06,"IL21-AS1"
"ENSG00000171552",726.944028391474,1.3041769593498,0.263982500437182,4.94039171986761,7.79657798719298e-07,8.39315463042837e-06,"BCL2L1"
"ENSG00000138735",209.860118028282,1.21796025737432,0.246617620992439,4.93865869143088,7.86617509537849e-07,8.45355214938446e-06,"PDE5A"
"ENSG00000228407",7.06601308225954,1.51129444803845,0.30643569484511,4.93184858507541,8.14550483123292e-07,8.73376547677433e-06,"ENSG00000228407"
"ENSG00000047617",7.26120298739877,2.9111757260565,0.590885511681813,4.92680167054789,8.35865202738933e-07,8.94190230545304e-06,"ANO2"
"ENSG00000152931",14.6764067594544,-1.06789433455451,0.217067049546798,-4.91965195447264,8.66982387241259e-07,9.24322232024203e-06,"PART1"
"ENSG00000164105",466.647813154878,1.38595597788305,0.281795047022093,4.91831205881481,8.7293672919365e-07,9.29089397617431e-06,"SAP30"
"ENSG00000275294",9.87131461345302,1.5019256041351,0.305514857183496,4.91604767761924,8.8308899332591e-07,9.38300775497671e-06,"ENSG00000275294"
"ENSG00000171174",186.367013715971,-1.14939695307751,0.233841275287207,-4.91528688280461,8.8652543237687e-07,9.40888313210369e-06,"RBKS"
"ENSG00000171817",65.003266536855,-1.12231119089011,0.228378141564924,-4.91426711505601,8.91151830572954e-07,9.44198974489811e-06,"ZNF540"
"ENSG00000124107",7.77451913628755,2.20683957346045,0.449092483064904,4.91399802196535,8.92376501194405e-07,9.44431797097412e-06,"SLPI"
"ENSG00000206172",1569.63515059262,4.6981397227777,0.956306776695688,4.9127955978845,8.97868685685881e-07,9.49709612614059e-06,"HBA1"
"ENSG00000091513",7.56646528209147,1.63685912405542,0.333624189981382,4.90629628549046,9.28122902613764e-07,9.78956121073418e-06,"TF"
"ENSG00000157613",5.02675564830359,3.04507415118165,0.620745875063409,4.90550847538149,9.31856165135436e-07,9.82342595618937e-06,"CREB3L1"
"ENSG00000099785",1546.81529314531,1.07568064327982,0.219508555634661,4.90040417864229,9.56396952565065e-07,1.00427023019067e-05,"MARCHF2"
"ENSG00000128266",204.147911527875,1.40559392269795,0.286920436319789,4.89889789910723,9.63757055771889e-07,1.01030550029495e-05,"GNAZ"
"ENSG00000197238",8.98403692272822,1.32236612952594,0.270082241657744,4.89616096715339,9.7727025155604e-07,1.02176294834052e-05,"H4C11"
"ENSG00000169083",11.8562657912025,1.65004739173214,0.337019957430908,4.89599311658097,9.78104897959346e-07,1.02176294834052e-05,"AR"
"ENSG00000205126",5.92649976783703,3.06086349150205,0.625160763214134,4.89612220025656,9.77462961217391e-07,1.02176294834052e-05,"ACCSL"
"ENSG00000108576",43.9790357349247,1.50476413185614,0.307751687512903,4.88953982354052,1.0107197475407e-06,1.05365992095258e-05,"SLC6A4"
"ENSG00000253998",204.06893009279,2.92003339849936,0.597224701515084,4.88933795117919,1.0117567074536e-06,1.05415626792117e-05,"IGKV2-29"
"ENSG00000169397",63.5866886525633,2.774965912233,0.567580473074728,4.88911448485939,1.01290578349457e-06,1.05476881476808e-05,"RNASE3"
"ENSG00000268555",91.4376557435498,2.00863189992753,0.411050056779957,4.88658708786601,1.0259895538735e-06,1.06780175274675e-05,"ENSG00000268555"
"ENSG00000188596",14.0178990865069,1.35286139141015,0.27709198511569,4.88235482829036,1.0482640872296e-06,1.08814220052307e-05,"CFAP54"
"ENSG00000156206",21.4800969305164,1.75063384493895,0.358843752464936,4.87854068215946,1.06873622261474e-06,1.10799592058835e-05,"CFAP161"
"ENSG00000187951",19.894095010643,1.04291845087629,0.213846400429138,4.87695116112971,1.07738096827627e-06,1.11634248510037e-05,"LOC100288637"
"ENSG00000254639",13.663382531509,1.25021301574471,0.256360823854374,4.87677093928708,1.07836535707109e-06,1.11674684581313e-05,"ENSG00000254639"
"ENSG00000149243",22.9376188892565,1.04340841483479,0.214268682699074,4.86962631072027,1.11809493686817e-06,1.15028530012994e-05,"KLHL35"
"ENSG00000169902",254.544461852754,2.06619312320434,0.424372480967354,4.86881976534969,1.12266742816055e-06,1.15435760282854e-05,"TPST1"
"ENSG00000104918",750.790767295117,2.58774812214349,0.531541388372393,4.868385000211,1.12513967032693e-06,1.15626709915063e-05,"RETN"
"ENSG00000084731",105.790332316142,1.09854032399614,0.22569376845754,4.86739324485517,1.13079879405359e-06,1.16144776683231e-05,"KIF3C"
"ENSG00000081479",5.04123135408988,2.62656884449618,0.540548025824501,4.85908507479951,1.17929454390893e-06,1.20141031150744e-05,"LRP2"
"ENSG00000256223",117.156144197725,-1.0697433688757,0.220341768286175,-4.85492776606175,1.20430634397811e-06,1.22357524548176e-05,"ZNF10"
"ENSG00000275832",14.4102546977049,1.15037691366653,0.236948507836167,4.85496584963485,1.20407492079636e-06,1.22357524548176e-05,"ARHGAP23"
"ENSG00000271736",4.50931829609797,3.48241050036309,0.717339735629068,4.85461815008645,1.20618938214648e-06,1.22482634396678e-05,"LINC02772"
"ENSG00000007062",18.9286167577955,2.12933702253521,0.438753310626009,4.85315317506572,1.21513761800129e-06,1.2319162172574e-05,"PROM1"
"ENSG00000230615",5.23528019169806,2.57772153027459,0.531677530494828,4.84827998632088,1.24536548722564e-06,1.25713693329179e-05,"LOC107984948"
"ENSG00000170927",4.59803392190757,2.53649943587727,0.523324108558818,4.84689964477756,1.25405822940562e-06,1.26523233923286e-05,"PKHD1"
"ENSG00000198626",24.4797712025837,1.84271222672477,0.380204731446406,4.84663149696895,1.25575365550848e-06,1.26626318180995e-05,"RYR2"
"ENSG00000232807",28.3498178025015,1.22467159251374,0.252713430172543,4.84608828140865,1.25919502099542e-06,1.26769306987841e-05,"ENSG00000232807"
"ENSG00000198795",24.6855816124457,1.83956541770952,0.379829596128766,4.84313343788485,1.27807393967237e-06,1.28257756380576e-05,"ZNF521"
"ENSG00000237419",4.36057798574492,4.14366515237294,0.855677067963703,4.84255720704755,1.28178715129247e-06,1.28493180243697e-05,"ENSG00000237419"
"ENSG00000281106",20.6497137989397,-1.39212447191349,0.287807340578925,-4.83700127006223,1.31812586222566e-06,1.31784540991455e-05,"TMEM272"
"ENSG00000215182",5.24999329417219,2.80576221055407,0.580288824398191,4.83511329632081,1.33069823370427e-06,1.32900127527659e-05,"MUC5AC"
"ENSG00000264964",11.8540698518168,1.65209374800826,0.341781916397116,4.83376582770604,1.33974172848526e-06,1.33682752255529e-05,"TWSG1-DT"
"ENSG00000125245",377.304582157466,-1.44185873246869,0.298331472033704,-4.83307618415063,1.34439308982024e-06,1.340541778051e-05,"GPR18"
"ENSG00000144893",58.7510743634047,1.26024215288526,0.260877761376711,4.83077647644121,1.36001618267876e-06,1.35468278588394e-05,"MED12L"
"ENSG00000119714",213.093703183204,-1.05176763995283,0.217818838836558,-4.8286348672625,1.37472213795646e-06,1.36571233113265e-05,"GPR68"
"ENSG00000127831",76.4931808339919,1.63795055686185,0.339472113198788,4.82499296165367,1.40008211715685e-06,1.38504965653053e-05,"VIL1"
"ENSG00000236345",8.10319712659507,-1.39946634588807,0.290249887188697,-4.82159135165571,1.42417472761482e-06,1.40592374896261e-05,"SCAT8"
"ENSG00000253132",4.29211656930371,2.84765829549662,0.590996071014963,4.8184047833112,1.44710556258453e-06,1.42631337988143e-05,"IGHV3-62"
"ENSG00000165966",2.3971668207083,4.1595706552415,0.863967520537275,4.81449887451185,1.47569735474536e-06,1.45069076777164e-05,"PDZRN4"
"ENSG00000269970",29.5532144040557,1.50667570320554,0.312988366369337,4.81383931512527,1.48057871688325e-06,1.4547285709638e-05,"ENSG00000269970"
"ENSG00000236567",8.65127944453734,1.48587531790386,0.308819081576491,4.81147508864611,1.49820410895448e-06,1.46902861614429e-05,"ENSG00000236567"
"ENSG00000229425",9.65572427692412,1.97630239985442,0.410748341742801,4.81146775046976,1.49825912808502e-06,1.46902861614429e-05,"LOC101927745"
"ENSG00000261055",11.0844134448255,1.73083606812348,0.359804719918336,4.81048739026081,1.50562702483962e-06,1.47548308440487e-05,"ENSG00000261055"
"ENSG00000198075",7.76055437916627,2.53010105196385,0.526181460455393,4.80841922817678,1.52128472647909e-06,1.49005042829083e-05,"SULT1C4"
"ENSG00000146700",17.0335766139308,1.44019968551345,0.299590999737376,4.8072194651239,1.53043955253508e-06,1.49589921109981e-05,"SSC4D"
"ENSG00000132967",125.208470657977,1.38721845766374,0.289010881041805,4.79988314856244,1.58758233060968e-06,1.54853126549764e-05,"ENSG00000132967"
"ENSG00000242580",47.9225605053543,3.46454314111916,0.722949074048491,4.79223677778275,1.64932086910539e-06,1.60708320662027e-05,"IGKV1D-43"
"ENSG00000256235",539.842847306985,1.01971402152677,0.2128529677174,4.79069675401765,1.66203154597972e-06,1.61611717217976e-05,"SMIM3"
"ENSG00000135636",2122.34542638655,1.49470401262056,0.312264078005415,4.78666653611896,1.69574235548404e-06,1.64634159678089e-05,"DYSF"
"ENSG00000278920",4.36118856590509,2.37409850754624,0.496610369760607,4.78060598833384,1.74767590152607e-06,1.68891086092977e-05,"ENSG00000278920"
"ENSG00000144668",29.5706321734111,1.76621781669766,0.369675238508308,4.77775526384887,1.77262945010148e-06,1.71126569820788e-05,"ITGA9"
"ENSG00000211974",114.035937599026,3.44629606486158,0.721722928252324,4.77509571880569,1.7962179775549e-06,1.73149016137309e-05,"IGHV2-70D"
"ENSG00000196329",107.232964965245,-1.0554462223234,0.221148214877066,-4.7725740083867,1.81886238105201e-06,1.75140047716463e-05,"GIMAP5"
"ENSG00000198959",138.577748733552,1.21595444796351,0.254806042738065,4.77207853823735,1.82334372158625e-06,1.75481662011957e-05,"TGM2"
"ENSG00000171115",1161.6214375628,-1.16578629032769,0.244398919518072,-4.77001409264203,1.84213031147397e-06,1.77152030822098e-05,"GIMAP8"
"ENSG00000172159",191.444909366442,1.26980627162394,0.266208751716962,4.76996441114009,1.84258470024048e-06,1.77152030822098e-05,"FRMD3"
"ENSG00000196091",3.93681452780271,2.33312717923707,0.489567595043131,4.76568956536334,1.88208849289785e-06,1.80765126788493e-05,"MYBPC1"
"ENSG00000211930",10.4530018250599,1.61472856120964,0.339684798056373,4.75360855254306,1.99817739977647e-06,1.90551711852859e-05,"IGHD3-3"
"ENSG00000141837",34.2346330861648,1.09094742799767,0.229510680434059,4.75336235304795,2.00061324587257e-06,1.90687254408828e-05,"CACNA1A"
"ENSG00000198363",510.286934367765,1.05175520865134,0.221273491852159,4.75319117463042,2.00230852998685e-06,1.90752109121302e-05,"ASPH"
"ENSG00000184979",334.859672484155,2.18312015247676,0.459462526917671,4.75146508056345,2.01948038418839e-06,1.92193181271924e-05,"USP18"
"ENSG00000198121",119.490887912365,-1.30251578508585,0.274312328241944,-4.74829473918878,2.05138937862195e-06,1.94933846110102e-05,"LPAR1"
"ENSG00000282122",642.312171679177,5.17317889932184,1.08955441943644,4.74797661047312,2.05461789882572e-06,1.95141980931421e-05,"IGHV7-4-1"
"ENSG00000102804",1338.57630639697,1.1061270551598,0.233619440703136,4.73473890627694,2.19337271724086e-06,2.06857168054487e-05,"TSC22D1"
"ENSG00000133216",169.967803195118,1.44929111893648,0.306160192035855,4.73376734349173,2.20390341235917e-06,2.07537918530576e-05,"EPHB2"
"ENSG00000185070",7.05780460369998,2.73506589170353,0.577890083601763,4.73284793996972,2.213913458259e-06,2.08376151033731e-05,"FLRT2"
"ENSG00000196584",20.9038436732579,1.34090504253797,0.283478155171728,4.73018826345073,2.24311724085045e-06,2.10913615102677e-05,"XRCC2"
"ENSG00000174307",24.8956495553373,1.43932556816451,0.304449862809504,4.72762758006268,2.27158334771998e-06,2.13376714661393e-05,"PHLDA3"
"ENSG00000186472",4.20809823034134,2.51940079934913,0.532982445292771,4.72698645443229,2.27876460088428e-06,2.13944352838266e-05,"PCLO"
"ENSG00000254810",10.9278424223486,2.0367781619257,0.430944109832452,4.72631627966232,2.2862945349231e-06,2.14544144175809e-05,"ENSG00000254810"
"ENSG00000255833",15.1177364271692,-1.32345229701919,0.28008735869445,-4.72514112449807,2.29955603018891e-06,2.15465878082905e-05,"TIFAB"
"ENSG00000136158",117.984133650341,1.6893107333367,0.35772386551813,4.72238756251248,2.33091958341217e-06,2.18187074152465e-05,"SPRY2"
"ENSG00000225698",167.534851995777,2.41900950265804,0.512594252658672,4.71915065397509,2.36831382522692e-06,2.21466799298334e-05,"IGHV3-72"
"ENSG00000180667",238.67419916326,1.0755314738578,0.228000534511912,4.71723224754811,2.39074725031493e-06,2.23342372350494e-05,"YOD1"
"ENSG00000078295",4.50814896111223,2.09431910172289,0.444099221525991,4.71588104686718,2.40667019464786e-06,2.24606618563064e-05,"ADCY2"
"ENSG00000162105",4.44528874463988,2.13565558406439,0.452931285381324,4.715186724773,2.41489184041682e-06,2.25215799453245e-05,"SHANK2"
"ENSG00000237296",32.5953575181809,-1.98977339451806,0.422080379432199,-4.71420490380241,2.42656387120595e-06,2.25790566946471e-05,"SMG1P1"
"ENSG00000256050",6.57149816977708,3.11250101459672,0.660421790909193,4.71289872236316,2.44217592531203e-06,2.27130819852375e-05,"ENSG00000256050"
"ENSG00000182782",497.909511282343,-1.52148131557083,0.323115222692588,-4.70878871905819,2.49193205536708e-06,2.3152918889115e-05,"HCAR2"
"ENSG00000099256",19.4632124260493,1.48972227288222,0.316798168266811,4.70243335380513,2.57079145788392e-06,2.3850244937012e-05,"PRTFDC1"
"ENSG00000224746",13.2163496160542,1.16303004009298,0.247429726738196,4.70044588184657,2.5959404770686e-06,2.40716809111896e-05,"ENSG00000224746"
"ENSG00000269506",15.9916479540121,1.10726068568319,0.235735650813052,4.69704383645092,2.63953818515677e-06,2.44397831173431e-05,"ENSG00000269506"
"ENSG00000110944",142.895351516845,-1.38635858563721,0.295381120175808,-4.69345699824031,2.68626477317349e-06,2.48235165568185e-05,"IL23A"
"ENSG00000248905",132.382226028965,1.44768479307505,0.309000538917147,4.68505588420097,2.79883556267346e-06,2.57825556646521e-05,"FMN1"
"ENSG00000124469",2.82002286296749,4.04072533832282,0.862688978634852,4.68387267995123,2.81504905647357e-06,2.58990024794309e-05,"CEACAM8"
"ENSG00000126709",2811.78098698455,2.05549152063702,0.439998077337231,4.67159205121166,2.98874103567391e-06,2.73630669783375e-05,"IFI6"
"ENSG00000167641",56.4318470506525,1.23951521595245,0.265447988627896,4.66952197437819,3.01901406639678e-06,2.76133276846686e-05,"PPP1R14A"
"ENSG00000278677",3.72763622450393,1.9702746326628,0.422386811879342,4.6646215678382,3.09185504644359e-06,2.8183563265254e-05,"H2AC17"
"ENSG00000225523",29.4199804765191,3.13674520499681,0.672856889485754,4.66183114717624,3.13408282502176e-06,2.85412335232188e-05,"IGKV6D-21"
"ENSG00000287494",9.67041067062159,1.24089722733484,0.26618253882956,4.66182805525575,3.13412992083016e-06,2.85412335232188e-05,"ENSG00000287494"
"ENSG00000170837",212.316813092464,1.32060385509411,0.28337185650855,4.66032114609189,3.15716397164802e-06,2.87231626384783e-05,"GPR27"
"ENSG00000116044",2013.71714013621,-1.06779267461221,0.229204978297746,-4.65868011481456,3.18243284506309e-06,2.89250521062891e-05,"NFE2L2"
"ENSG00000156265",697.156426296242,1.29994799381174,0.27921820623455,4.65567060021777,3.22927879980095e-06,2.92800406758604e-05,"MAP3K7CL"
"ENSG00000168811",34.3846095926413,1.01695464336034,0.218619809545983,4.65170400373273,3.29203380968374e-06,2.98059091940345e-05,"IL12A"
"ENSG00000224177",2.65369288543755,4.12021275415045,0.885998767978506,4.65035946218201,3.31356980571985e-06,2.99864506828648e-05,"LINC00570"
"ENSG00000258944",7.10342393553818,1.31893047059986,0.28384181650326,4.64670951887285,3.37271562014784e-06,3.04923341973539e-05,"ENSG00000258944"
"ENSG00000112053",22.2999119076695,1.78675046275691,0.38476836249277,4.64370420473562,3.42217420529215e-06,3.09246088282073e-05,"SLC26A8"
"ENSG00000198829",30.5218405153044,1.77700289908897,0.382812525293438,4.64196645009678,3.45108906661154e-06,3.11111127558899e-05,"SUCNR1"
"ENSG00000176641",7.70272766819275,1.90998876058928,0.411580807175608,4.64061668399019,3.47370960750461e-06,3.12850243328494e-05,"RNF152"
"ENSG00000277435",19.7316174703041,1.66201032405863,0.358323686983781,4.63829320927327,3.51298179257187e-06,3.15933041976942e-05,"ENSG00000277435"
"ENSG00000186818",1116.77263849597,1.07107063113215,0.231055989390814,4.63554584304894,3.55996813735655e-06,3.19547092214679e-05,"LILRB4"
"ENSG00000224805",10.8307543853215,1.81272601340339,0.391240215800897,4.63328139642448,3.59914785454661e-06,3.22601731397511e-05,"LINC00853"
"ENSG00000166086",197.520070187485,1.42490635382052,0.307650180723921,4.63157977176422,3.62886126851614e-06,3.25109992388128e-05,"JAM3"
"ENSG00000206120",5.99775009564494,2.23288940769171,0.482448693459697,4.628242210958,3.68782550148098e-06,3.30077943456365e-05,"ENSG00000206120"
"ENSG00000287037",6.76600696921248,2.35651069553067,0.5092931772633,4.62702192123099,3.7096126333468e-06,3.31869962191273e-05,"ENSG00000287037"
"ENSG00000162747",85.9411542249445,2.16794830605304,0.469087351068595,4.6216302808302,3.8073611116365e-06,3.39653879631374e-05,"FCGR3B"
"ENSG00000165626",7.45781639402913,1.99452516824864,0.431589065332645,4.6213524124189,3.81246509108415e-06,3.39938775389078e-05,"BEND7"
"ENSG00000166963",333.377245679961,1.42506107041364,0.308477248027018,4.61966345825551,3.84362973775535e-06,3.42230528426573e-05,"MAP1A"
"ENSG00000253957",4.32036010326465,2.33873857033452,0.506460498343283,4.61781042743694,3.87810283464842e-06,3.44973122953392e-05,"IGHV3-22"
"ENSG00000124557",10.4853274795842,1.86878822357178,0.404929757681216,4.6150923416278,3.92920575528762e-06,3.49188422583386e-05,"BTN1A1"
"ENSG00000185340",859.80749940492,1.24550411861773,0.269907988931934,4.61455077171437,3.93946467295027e-06,3.49934678604789e-05,"GAS2L1"
"ENSG00000101188",38.3245081745372,2.09465525949254,0.454005402504408,4.61372320227445,3.95519086266102e-06,3.50999846338888e-05,"NTSR1"
"ENSG00000254056",4.40546383966587,2.37341978845674,0.514558421065637,4.61253706341342,3.97783586001526e-06,3.52676428419089e-05,"IGHV3-71"
"ENSG00000229989",245.627865437761,1.11866567876564,0.242634306271694,4.61050086426358,4.01699970649796e-06,3.55813037150498e-05,"ENSG00000229989"
"ENSG00000132874",8.67246218161268,1.22438438962009,0.265714186824402,4.60789995541047,4.06756278547018e-06,3.59952495836617e-05,"SLC14A2"
"ENSG00000286507",5.86887502882377,1.70852482116498,0.371387651040006,4.60038134380761,4.21718188263495e-06,3.72316348830468e-05,"ENSG00000286507"
"ENSG00000092200",48.3495482591227,-1.01775576214717,0.221248950858095,-4.60004785649782,4.22393890050381e-06,3.72562907432518e-05,"RPGRIP1"
"ENSG00000235609",21.1217352945448,1.0653174116382,0.231586318389627,4.60008785944719,4.223127825735e-06,3.72562907432518e-05,"ENSG00000235609"
"ENSG00000100298",66.4326227693245,1.12958365603665,0.245583441203972,4.59959209993501,4.23319007946146e-06,3.73203755785917e-05,"APOBEC3H"
"ENSG00000148357",5.86201426988187,2.29022657261209,0.498549408239954,4.59378054563812,4.35287145570739e-06,3.8267807241102e-05,"HMCN2"
"ENSG00000136315",53.2118571968473,2.12829731654098,0.463340589600578,4.59337550887928,4.36133241317474e-06,3.83242655624275e-05,"ENSG00000136315"
"ENSG00000115607",578.207498176301,-1.13830040063564,0.248126164761201,-4.58758713226055,4.4839830209104e-06,3.93836190939401e-05,"IL18RAP"
"ENSG00000178033",15.6680291302166,1.96320730068409,0.42796766854166,4.58727947224121,4.49059370534676e-06,3.94232598251741e-05,"CALHM5"
"ENSG00000237973",214.277342392975,2.69477682501152,0.587531729506688,4.58660645829995,4.50508730959432e-06,3.9532035980922e-05,"MTCO1P12"
"ENSG00000021645",3.25687504838998,2.75500909062961,0.602364989247047,4.57365407985175,4.7929091391728e-06,4.18427868926576e-05,"NRXN3"
"ENSG00000197093",59.3120691684732,-1.18295098995597,0.258711265212041,-4.572475763614,4.8199499022319e-06,4.20398043444783e-05,"GAL3ST4"
"ENSG00000183691",46.5714069523854,-1.84056377463014,0.402804250170639,-4.56937525820649,4.89180217852951e-06,4.26269419321468e-05,"NOG"
"ENSG00000109089",7.82713054805461,2.18409492870548,0.478452895065104,4.56491109413872,4.99706068358289e-06,4.34434563407142e-05,"CDR2L"
"ENSG00000166123",130.551093834134,1.10244585542018,0.241608044897191,4.56295176714539,5.04394055342678e-06,4.37744684239657e-05,"GPT2"
"ENSG00000169894",6.37634859392649,2.51171020770323,0.550695823168791,4.56097559129913,5.09165001385987e-06,4.40822909537127e-05,"MUC3A"
"ENSG00000007174",6.69654619009348,2.44085750875156,0.535419220469427,4.5587782721202,5.14520572453837e-06,4.44844925475728e-05,"DNAH9"
"ENSG00000061918",243.76964505746,1.28173802105349,0.281286007478572,4.55670736181618,5.19617388926866e-06,4.48294064541122e-05,"GUCY1B1"
"ENSG00000112394",77.6830267298143,-1.02188893916352,0.224262076496819,-4.55667295659778,5.19702472140405e-06,4.48294064541122e-05,"SLC16A10"
"ENSG00000254046",4.98061253545022,2.35141343430909,0.516265911148989,4.55465562131701,5.24714679344393e-06,4.52202526958148e-05,"IGHV1-17"
"ENSG00000271133",6.24643440352325,1.66456964997192,0.365798587754399,4.55050868345487,5.3516378422186e-06,4.59942317706176e-05,"ITGB8-AS1"
"ENSG00000189190",668.499449010531,-1.09609688459937,0.240989104389996,-4.54832548290458,5.40744583847787e-06,4.64102063835753e-05,"ZNF600"
"ENSG00000151012",13.6441706303312,1.47269039316058,0.324143017327233,4.5433352391912,5.53710867582607e-06,4.74796964739174e-05,"SLC7A11"
"ENSG00000138162",4.04559908404939,2.50790481933688,0.552685764106371,4.53766856722259,5.68795606761982e-06,4.86621858202012e-05,"TACC2"
"ENSG00000151364",5.49347952008251,2.59350854763276,0.57162963657828,4.53704353601617,5.7048333056902e-06,4.8784370706894e-05,"KCTD14"
"ENSG00000186806",32.8686718761774,1.10616894190107,0.243888133804147,4.53555867867428,5.74512018486744e-06,4.90800029447963e-05,"VSIG10L"
"ENSG00000167992",6.61681736708912,2.14716165198735,0.473519100033235,4.53447738821231,5.77462876510972e-06,4.92915178333344e-05,"VWCE"
"ENSG00000255398",340.14039257765,-1.23128157717463,0.271603918321987,-4.53337192181057,5.80494705452259e-06,4.95053470221445e-05,"HCAR3"
"ENSG00000226476",3.87083576204576,2.43467376105368,0.53713433455537,4.53270923942901,5.8231946194802e-06,4.9638442661111e-05,"LINC01748"
"ENSG00000160588",410.596481360123,-1.1176831293162,0.247236635400362,-4.52070190773418,6.1634927384337e-06,5.23256592193314e-05,"MPZL3"
"ENSG00000121904",5.94936347991336,2.42761579308985,0.537237422752801,4.51870195611238,6.22199074381227e-06,5.27032618389794e-05,"CSMD2"
"ENSG00000185630",49.6496027469723,1.32938136443216,0.294472217255757,4.51445428985091,6.34800115550665e-06,5.37222105893305e-05,"PBX1"
"ENSG00000166033",60.761059765426,1.85290503189698,0.410830627635155,4.51014337115704,6.47838266806314e-06,5.46778988005904e-05,"HTRA1"
"ENSG00000162873",8.28602565110432,3.22741304747228,0.715811026568633,4.50875011376041,6.52106607566673e-06,5.5013446121289e-05,"KLHDC8A"
"ENSG00000237594",3.70671469178777,2.32779658997825,0.516406666745874,4.50768113558024,6.55399723449837e-06,5.52664567158508e-05,"TIAM1-AS1"
"ENSG00000270882",9.03241236744319,2.05113390540437,0.456518107687552,4.49299572320185,7.02281955986131e-06,5.87977356112041e-05,"H4C14"
"ENSG00000155659",493.782523441811,1.92801456657405,0.4292886750007,4.49118432153121,7.08282206970653e-06,5.91969887710213e-05,"VSIG4"
"ENSG00000118137",5.28824512692656,1.39890495600689,0.311703466535249,4.48793518903228,7.19167985090926e-06,5.99976983922284e-05,"APOA1"
"ENSG00000185222",20.358859806091,1.25216127232844,0.27914501050055,4.48570178662021,7.26743294413639e-06,6.05490556817321e-05,"TCEAL9"
"ENSG00000164171",16.482697030845,1.42396364497275,0.317641128806568,4.48293220189346,7.36243259828599e-06,6.12590894720599e-05,"ITGA2"
"ENSG00000232125",9.58432383673326,1.85416402311762,0.413720846591811,4.48167898328554,7.40580849320829e-06,6.14830309513024e-05,"DYTN"
"ENSG00000130176",12.8599757315968,2.90931970983174,0.649550448023395,4.47897421776077,7.50025910034083e-06,6.22130935789966e-05,"CNN1"
"ENSG00000196415",4.30354833072515,3.99580968191355,0.893061936477433,4.4742805831301,7.66690105027798e-06,6.3539273430787e-05,"PRTN3"
"ENSG00000166147",13.6588766713361,1.50839877787261,0.337387966452849,4.47081380444969,7.79225174290131e-06,6.45212175152304e-05,"FBN1"
"ENSG00000162614",112.698718010887,1.27988907165315,0.286627338964108,4.46534191846025,7.99409800329196e-06,6.60180430886975e-05,"NEXN"
"ENSG00000273079",5.34430320354752,2.23102689759313,0.499957304797164,4.46243484430789,8.10335722706348e-06,6.68322520578697e-05,"GRIN2B"
"ENSG00000261241",3.84359390010569,3.79389589799507,0.850307466627864,4.46179299476323,8.12767209123413e-06,6.69740134269341e-05,"LINC02128"
"ENSG00000260917",14.8662940091542,-1.00766855606728,0.226283232614915,-4.45312957757729,8.46276468505188e-06,6.93400719355863e-05,"LOC103344931"
"ENSG00000261253",64.8269968955954,1.84555066357543,0.414532814569538,4.45212200026167,8.50258314193381e-06,6.96359706909751e-05,"LOC100287036"
"ENSG00000117525",22.3193725104349,1.97021336393602,0.442783810597315,4.4496056919475,8.60280863242052e-06,7.03648350979009e-05,"F3"
"ENSG00000131849",29.1888475738027,-1.03189764487241,0.232082689305268,-4.44624994635041,8.73822727782872e-06,7.13792785371875e-05,"ZNF132"
"ENSG00000198216",5.95480592377083,2.06185722348608,0.463920242355895,4.44442176744754,8.81285684071111e-06,7.18951637057318e-05,"CACNA1E"
"ENSG00000180066",13.1979298495373,1.25700176418806,0.282839066318341,4.44422964815363,8.82073476897135e-06,7.19282128926618e-05,"LINC02870"
"ENSG00000261150",167.485579363552,-1.3115085694627,0.295178978908546,-4.44309609821181,8.86735360161838e-06,7.22770070667905e-05,"EPPK1"
"ENSG00000163251",44.1068098249601,1.20396553724777,0.271140291716739,4.44037855688949,8.98007702872453e-06,7.30529041615895e-05,"FZD5"
"ENSG00000108688",8.38993094198836,3.26734107260534,0.735895456533602,4.43995277263429,8.99786213315534e-06,7.31504397295795e-05,"CCL7"
"ENSG00000187391",12.1833523242697,1.45527275567786,0.32797208462647,4.43718482118768,9.11430330577343e-06,7.4033035840673e-05,"MAGI2"
"ENSG00000253314",4.8070345032267,2.63187314565169,0.593404825462857,4.43520684820657,9.1983925008757e-06,7.46248475471174e-05,"LINC00293"
"ENSG00000144935",29.094143626778,-1.07314551829527,0.242418991159465,-4.42682115440925,9.56319583448185e-06,7.73450210434255e-05,"TRPC1"
"ENSG00000226891",24.1626678515134,1.0675123130139,0.241285296641781,4.42427420100431,9.67670527464414e-06,7.80615246103911e-05,"LINC01359"
"ENSG00000276471",6.86968594841606,-1.34226060260399,0.303397015331497,-4.42410615390338,9.68423967228825e-06,7.80879732381456e-05,"ENSG00000276471"
"ENSG00000173114",291.458481268226,-1.53363362909964,0.346826283934419,-4.42190716257719,9.78334941645705e-06,7.87528203990264e-05,"LRRN3"
"ENSG00000183971",8.8299022175322,1.06432790093307,0.240749505523417,4.42089340378537,9.82936567435109e-06,7.90555229846398e-05,"NPW"
"ENSG00000242766",39.1791132066963,4.04394037833109,0.915836876932937,4.41556840545002,1.00744914191356e-05,8.08540310478538e-05,"IGKV1D-17"
"ENSG00000169169",9.27147880141224,1.70277024187077,0.385848182335476,4.41305756985605,1.01920880150173e-05,8.16931711429701e-05,"CPT1C"
"ENSG00000260188",6.30960069062945,2.07197211156455,0.469642457067889,4.41180749394009,1.02511238283784e-05,8.20963457512575e-05,"ENSG00000260188"
"ENSG00000172382",10.8091747328141,1.26949559749458,0.287833287730877,4.41052390952623,1.03120818548112e-05,8.25142147905628e-05,"PRSS27"
"ENSG00000183092",23.9691306462149,-1.32227771196147,0.29982084878003,-4.41022603111764,1.03262776482431e-05,8.25926445431395e-05,"BEGAIN"
"ENSG00000249138",22.8080681035634,1.66055589137963,0.376688823156486,4.40829615666561,1.04187015220807e-05,8.31902777438522e-05,"ENSG00000249138"
"ENSG00000143341",7.99500949272494,2.05207980500915,0.466053127233685,4.4031027475119,1.06713594259109e-05,8.49910473599242e-05,"HMCN1"
"ENSG00000164047",12.5633564322236,1.29627622458959,0.294479966642362,4.40191650172212,1.07298852624767e-05,8.53125733475091e-05,"CAMP"
"ENSG00000188687",6.45728640142691,-1.21592887410023,0.276536031624257,-4.39699979405349,1.09757449087495e-05,8.70832002131093e-05,"SLC4A5"
"ENSG00000250348",6.03588807252739,1.8204575930458,0.414313889602773,4.39390915615013,1.11330353414433e-05,8.81451273284621e-05,"ENSG00000250348"
"ENSG00000174640",4.31316371966828,2.47258187496784,0.563060874531136,4.39132247827869,1.12663299558332e-05,8.90504364381162e-05,"SLCO2A1"
"ENSG00000139053",8.58145520469984,1.26668633537401,0.28855755235441,4.38971818633341,1.13497650717379e-05,8.95968854634126e-05,"PDE6H"
"ENSG00000142609",2.87971206808697,2.78463736369063,0.634820358130911,4.38649663329857,1.15190947090517e-05,9.07050289699774e-05,"CFAP74"
"ENSG00000188760",5.70399460783232,1.35899303342845,0.309840420978902,4.38610633543192,1.15397723691356e-05,9.07594107537993e-05,"TMEM198"
"ENSG00000253448",3.516987638893,2.57919780568068,0.588525088823898,4.38247723786069,1.17337428494318e-05,9.19330681942145e-05,"IGLV3-6"
"ENSG00000235532",182.585905911376,-1.17007418796491,0.266995074759058,-4.38238116946844,1.17389196200441e-05,9.19353054909785e-05,"LINC00402"
"ENSG00000242609",5.58254186735837,-1.65993543103202,0.379252793229878,-4.37685749627656,1.20402636716108e-05,9.39040647185051e-05,"CCDC137P1"
"ENSG00000165895",32.0866245072957,1.14885068353095,0.262529741760477,4.37607821432714,1.20833670707118e-05,9.4045121101904e-05,"ARHGAP42"
"ENSG00000259905",6.75029941107332,2.77147854164254,0.633621662216622,4.37402744714722,1.21975032973684e-05,9.48156625216449e-05,"PWRN1"
"ENSG00000112541",4.29153231043789,2.72203140791508,0.622334780523261,4.37390210720087,1.22045123995705e-05,9.48309280952159e-05,"PDE10A"
"ENSG00000173320",3.3442288472477,2.41370078619348,0.552148640947491,4.37146921533947,1.23413253057684e-05,9.57431239217981e-05,"STOX2"
"ENSG00000279390",9.54521081248843,1.29277048804789,0.295730209785101,4.37145224015941,1.2342285021415e-05,9.57431239217981e-05,"ENSG00000279390"
"ENSG00000267767",21.760774601455,-1.23657403369514,0.282882329609519,-4.37133714008247,1.23487942447918e-05,9.5754099267783e-05,"LINC01801"
"ENSG00000137959",1443.132163186,2.47638182894083,0.566889986124255,4.36836403809405,1.25180709411858e-05,9.69067798231175e-05,"IFI44L"
"ENSG00000249669",3.77413634594286,2.5762802108506,0.590014981086522,4.36646575669374,1.26273073505454e-05,9.76719625353299e-05,"ENSG00000249669"
"ENSG00000154783",5.31638454517932,1.99878106621721,0.457852941905537,4.36555252413252,1.26801826984498e-05,9.80002935855523e-05,"FGD5"
"ENSG00000113389",15.2956957369582,1.93654727829557,0.444047392660264,4.36112746140411,1.29393957796443e-05,9.96349377608332e-05,"NPR3"
"ENSG00000066926",778.144769038649,1.11360047624024,0.255666657705642,4.35567346260054,1.3265841367118e-05,0.000101814926229624,"FECH"
"ENSG00000144908",3.32944643894975,2.39365134417289,0.549682391899935,4.35460800536,1.33305243848297e-05,0.000102196375228474,"ALDH1L1"
"ENSG00000186152",14.7780748844276,1.67617094733822,0.384920835665913,4.35458616948716,1.33318531634507e-05,0.000102196375228474,"ENSG00000186152"
"ENSG00000158486",8.17759867576561,1.55168464641237,0.356362649714041,4.35422917541301,1.33535952556716e-05,0.0001023213112212,"DNAH3"
"ENSG00000105419",7.30607202828103,2.09136244223304,0.480391839196738,4.35345122791845,1.34010919997275e-05,0.000102559822975113,"MEIS3"
"ENSG00000174059",35.1690021041339,1.83107567444257,0.421232386727084,4.34694893398339,1.38044342416282e-05,0.000105260911158476,"CD34"
"ENSG00000211642",170.973155434955,2.5444103942379,0.585393517021958,4.34649568239488,1.38329773072611e-05,0.000105350340951086,"IGLV10-54"
"ENSG00000187513",5.96625536468529,3.00431456335029,0.691741201296416,4.34311930201613,1.40473799738688e-05,0.000106733614737294,"GJA4"
"ENSG00000119280",342.238443860665,1.07287683872805,0.24704596441744,4.34282276684017,1.40663608345242e-05,0.000106824775048775,"C1orf198"
"ENSG00000240041",9.05935459684097,1.48661133833614,0.342463940872484,4.34092808296472,1.41882159519726e-05,0.000107706666814732,"IGHJ4"
"ENSG00000170835",5.68598992485647,2.39283672897149,0.551537459545478,4.33848451734072,1.4346858976625e-05,0.000108867000938491,"CEL"
"ENSG00000197461",25.0192245119744,1.80583611768623,0.416294006343585,4.33788642202021,1.43859458912775e-05,0.000109075530041328,"PDGFA"
"ENSG00000278869",17.1826811611908,1.15692361242452,0.267185853889669,4.33003317945964,1.49086876835124e-05,0.000112584850823342,"ENSG00000278869"
"ENSG00000109265",5.09599066668111,2.00986308393785,0.464622253488503,4.32580030088374,1.51979063586534e-05,0.000114584776541215,"CRACD"
"ENSG00000286010",18.4541870565372,-1.53123408556862,0.354103552189842,-4.32425508329184,1.53048127318735e-05,0.000115298300644607,"LOC105375754"
"ENSG00000198336",19.8778657103108,3.18500934951816,0.737428604548257,4.3190748634836,1.56684629215266e-05,0.000117754669761301,"MYL4"
"ENSG00000022267",377.082511932317,1.00509619184389,0.232854691679644,4.31640945086338,1.58587691750182e-05,0.00011899458100345,"FHL1"
"ENSG00000229754",849.831364693787,1.25291512216774,0.290662256922915,4.31055320161509,1.62846642984272e-05,0.000121946832730373,"ENSG00000229754"
"ENSG00000177324",57.768106759814,1.49643941885222,0.347434779420232,4.3071088661571,1.65402215431891e-05,0.000123601731357564,"BEND2"
"ENSG00000277632",800.479590950373,-1.08492204078178,0.25189484596698,-4.30704342765314,1.65451136462881e-05,0.000123601731357564,"CCL3"
"ENSG00000169439",30.9403633675515,1.66486426689293,0.386651587475982,4.30585136805198,1.66344723114858e-05,0.000124072040304241,"SDC2"
"ENSG00000273381",8.91255836842905,1.46952702362699,0.34140967461711,4.30429227078892,1.67520390632301e-05,0.0001248993757368,"ENSG00000273381"
"ENSG00000170955",50.6942342649963,1.95540425817258,0.454357636124616,4.30366764571395,1.67993619508448e-05,0.000125202540534528,"CAVIN3"
"ENSG00000168306",23.8627105293386,1.3463567176769,0.312882636288481,4.30307265896196,1.68445578334768e-05,0.0001253902214012,"ACOX2"
"ENSG00000141198",4.63547665382853,2.06492598881104,0.480169620018704,4.30040948598665,1.70482794650452e-05,0.00012675611583267,"TOM1L1"
"ENSG00000179097",5.54848175635113,2.21390140692822,0.515145518655452,4.29762334477175,1.72639196807984e-05,0.000128207283413784,"HTR1F"
"ENSG00000135960",140.542379198328,-1.20934744425667,0.281578414688212,-4.29488689889727,1.74782418976003e-05,0.00012969642112408,"EDAR"
"ENSG00000186871",21.4142979707625,1.11180928569304,0.258893421356792,4.29446712035531,1.75113429817986e-05,0.000129890766647943,"ERCC6L"
"ENSG00000279516",14.3951043814079,2.4098012776841,0.561525808547375,4.29152363257903,1.77451312906953e-05,0.000131313971551145,"FAM230C"
"ENSG00000196611",4.17433493484904,3.02352417310325,0.704790546186744,4.28996130759978,1.78704249913788e-05,0.000132085138866676,"MMP1"
"ENSG00000019102",86.122237853951,1.18822791998772,0.277118799405477,4.28779253712457,1.80457515689598e-05,0.000133119288261448,"VSIG2"
"ENSG00000168386",38.4849502155412,-1.62900626600216,0.380174262443661,-4.28489360518866,1.82826660408461e-05,0.000134602816648548,"FILIP1L"
"ENSG00000105855",12.6323358221157,1.24139905514486,0.289967909469123,4.28116013740152,1.85921502876122e-05,0.000136602465646673,"ITGB8"
"ENSG00000153347",6.17246815708182,1.50174381095435,0.350856054375707,4.28022772366423,1.86702175607243e-05,0.00013708023799663,"FAM81B"
"ENSG00000259483",8.68232875989379,1.80363118776014,0.421505607031919,4.27902062907447,1.87717466161396e-05,0.000137771866222944,"ENSG00000259483"
"ENSG00000165186",2.44343088047229,3.14429950956476,0.735276193133837,4.27635157907585,1.89981113897957e-05,0.00013927328211512,"PTCHD1"
"ENSG00000266265",5.18422396843351,2.14769958190612,0.502452738272358,4.27443104259081,1.91625999453645e-05,0.000140147948861117,"KLF14"
"ENSG00000091986",13.2164356028248,1.20520535944262,0.282136783569025,4.27170588746634,1.93983313039082e-05,0.000141651528822167,"CCDC80"
"ENSG00000250305",6.74871222851703,2.02785046611379,0.475039813476697,4.26880107431936,1.9652643323407e-05,0.000143302993062146,"TRMT9B"
"ENSG00000285043",6.3887397350254,1.59081254451018,0.372738552758026,4.26790449428743,1.97317766665934e-05,0.000143807085779484,"LOC112694756"
"ENSG00000120738",1566.95548310689,1.01578129339411,0.238024633520461,4.26754692726706,1.97634205686177e-05,0.000143981881010751,"EGR1"
"ENSG00000041353",179.734742687881,1.14662612957491,0.268704343340932,4.26724077221211,1.9790553021867e-05,0.000144123686400237,"RAB27B"
"ENSG00000224607",3.75111975328942,4.65829352196694,1.09229347266059,4.26469043216048,2.00179550069167e-05,0.000145554151764026,"ENSG00000224607"
"ENSG00000181773",12.379295710631,1.17550078543532,0.275763137814195,4.26271906663374,2.0195435260535e-05,0.000146731117571324,"GPR3"
"ENSG00000173626",12.3719984527575,1.59536076652946,0.374348389122933,4.26170063204294,2.02877099866536e-05,0.000147287677446559,"TRAPPC3L"
"ENSG00000134531",295.851375451666,1.73647205645744,0.407691865447214,4.25927570213508,2.05090381089617e-05,0.000148837019419322,"EMP1"
"ENSG00000118785",7.30370944261383,3.1886552806652,0.748973663250224,4.25736636296103,2.06849230434211e-05,0.000149939766110352,"SPP1"
"ENSG00000177076",35.7303529722,1.7101643873035,0.4019113785484,4.25507830477498,2.08975867690543e-05,0.000151189777102057,"ACER2"
"ENSG00000117479",84.4637271916734,-1.22350791085177,0.287738388531914,-4.25215389956931,2.11724274081495e-05,0.000152566059822841,"SLC19A2"
"ENSG00000184106",24.9215518044606,1.41485487639811,0.333051436024604,4.24815726149154,2.15536078485455e-05,0.000154922222990922,"ENSG00000184106"
"ENSG00000159388",9601.15942018071,-1.0864554353007,0.25587366567882,-4.24606194786943,2.17560502821145e-05,0.000156257822354843,"BTG2"
"ENSG00000158023",7.35975327802127,1.59261358374761,0.375100758732028,4.24582874513824,2.17786931787492e-05,0.00015630099923168,"CFAP251"
"ENSG00000279416",11.0059396731445,1.04526097643032,0.246192120780534,4.24571254805556,2.1789983744438e-05,0.000156322341397121,"ENSG00000279416"
"ENSG00000143344",226.930702689951,1.0006421784702,0.235876274848094,4.24223326027435,2.21306496991875e-05,0.000158403538364786,"RGL1"
"ENSG00000135114",1249.66922967687,1.39237134235351,0.328731116924155,4.23559337911647,2.27948949105121e-05,0.000162600700090317,"OASL"
"ENSG00000196754",3.86399286088913,1.70059746261794,0.401698529083426,4.23351677811286,2.30065009654934e-05,0.000163594043232718,"S100A2"
"ENSG00000215458",231.030885079078,-1.00926033018544,0.238415269069433,-4.23320341069059,2.30385950434669e-05,0.000163594043232718,"AATBC"
"ENSG00000271952",2.87868561124064,3.02529107043246,0.715455914094619,4.22848006541514,2.3527535786555e-05,0.000166939812247673,"LINC01954"
"ENSG00000205517",8.32582614620559,1.75571321366006,0.415232306317926,4.22826737454234,2.35497833303305e-05,0.000167034614142223,"RGL3"
"ENSG00000186998",13.1895030735947,1.6016664215461,0.379173648922127,4.22409739205017,2.39900296951085e-05,0.000169900752882162,"EMID1"
"ENSG00000101197",7.21240494450192,-2.96357153371765,0.70177610886428,-4.22295871330494,2.41116001662407e-05,0.000170504754222972,"BIRC7"
"ENSG00000181143",14.4208597614544,1.90685621436167,0.451760036342755,4.22094931149446,2.43275640665531e-05,0.000171748976085912,"MUC16"
"ENSG00000237525",5.02031913794984,1.50845352994239,0.357994627099706,4.21362058465271,2.51309316825189e-05,0.000176649585603824,"ENSG00000237525"
"ENSG00000125968",412.745069082047,1.17300942434614,0.278577652459414,4.21070898541311,2.54570504159679e-05,0.000178607958050964,"ID1"
"ENSG00000149131",610.133680180973,1.78104710375109,0.423224848763987,4.20827630738737,2.57326094476638e-05,0.000180330596463569,"SERPING1"
"ENSG00000150510",8.44259325437604,1.85118608273969,0.440426666619904,4.20316530092693,2.63208229443757e-05,0.000183975813846053,"FAM124A"
"ENSG00000205592",9.03148240047871,2.26777473494521,0.539689126737172,4.20200189812165,2.64564915044837e-05,0.000184723705170236,"MUC19"
"ENSG00000153071",591.018768670286,1.00128403813764,0.2382963646601,4.20184353028569,2.64750106872024e-05,0.000184743585848918,"DAB2"
"ENSG00000223573",5.6177841715332,1.42298268974651,0.338810607213197,4.19993547855807,2.6699105245947e-05,0.000185796513218371,"TINCR"
"ENSG00000166886",172.110148352524,1.33667943025863,0.318416405765486,4.19789748912341,2.69404523142411e-05,0.000187060488252115,"NAB2"
"ENSG00000139767",2.47709401070677,2.84893531185476,0.678953184617881,4.19607032767385,2.71585947435665e-05,0.000188435934588437,"SRRM4"
"ENSG00000156510",56.8757752321408,-1.13940669246035,0.271735743425525,-4.19306889147848,2.75205820822813e-05,0.000190564785292858,"HKDC1"
"ENSG00000164236",49.6855405552354,1.07563039599006,0.256576408882234,4.19224199401655,2.76211129947737e-05,0.000191067850801787,"ANKRD33B"
"ENSG00000287535",12.3333943762939,-4.33256855943376,1.0334897119635,-4.1921738642201,2.76294114960234e-05,0.000191067850801787,"ENSG00000287535"
"ENSG00000196935",58.7597549257401,1.48856952094816,0.355295198760768,4.18966967789077,2.79360822626922e-05,0.000192833860524995,"SRGAP1"
"ENSG00000287789",33.32888203956,-1.30003954958438,0.310312108900562,-4.18945800790833,2.79621518588087e-05,0.000192942953868638,"ENSG00000287789"
"ENSG00000149054",18.0179323015551,1.82420910365865,0.435565383166349,4.18814068831076,2.81249155621958e-05,0.000193923665776608,"ZNF215"
"ENSG00000143847",73.4479767283737,-1.50054064216966,0.358294119181083,-4.18801359508577,2.81406663398238e-05,0.000193961116436864,"PPFIA4"
"ENSG00000277157",3.69115260394409,1.8664179074405,0.445745855148482,4.18717950124018,2.8244244645301e-05,0.00019446110708904,"H4C4"
"ENSG00000102678",20.2507865685804,-1.00010803825724,0.238938957257386,-4.18562150658386,2.84386889565885e-05,0.000195513386111206,"FGF9"
"ENSG00000251661",99.1368384760313,1.37841234086433,0.329440912537517,4.18409580718773,2.86303354976009e-05,0.000196758971119892,"ENSG00000251661"
"ENSG00000189060",400.171804331825,1.01203340141069,0.242019143261451,4.18162541926446,2.89432522340729e-05,0.000198640194497888,"H1-0"
"ENSG00000121316",6301.62086774599,1.29643054154419,0.31006795259595,4.18111749598827,2.90079910445998e-05,0.000198845441164952,"PLBD1"
"ENSG00000183914",12.114905964993,1.96953334267072,0.471415246411586,4.17791608918636,2.9419214299802e-05,0.000201297252267593,"DNAH2"
"ENSG00000146070",209.999740725968,-1.20313473753538,0.288221600245247,-4.17433924630088,2.9885215102289e-05,0.00020396605049478,"PLA2G7"
"ENSG00000115457",65.1443776186247,2.01535479133405,0.483097666119132,4.17173365279116,3.02290864946407e-05,0.000206163247370561,"IGFBP2"
"ENSG00000130226",2.75735289501262,2.49903409578167,0.599403539766507,4.16920143106787,3.05668753104014e-05,0.000208302272518223,"DPP6"
"ENSG00000138080",72.7314399022502,1.11493673301106,0.267484121918143,4.16823520220858,3.06967096182164e-05,0.000208973326325243,"EMILIN1"
"ENSG00000110436",14.3926794673916,1.21857192004681,0.292527906568382,4.16566041285349,3.10452536040547e-05,0.000210870402310257,"SLC1A2"
"ENSG00000259172",6.18015186156491,1.60159717276379,0.384565019583975,4.16469801256602,3.11764947032665e-05,0.000211626361301047,"SNRPA1-DT"
"ENSG00000232613",12.0719520400832,1.11550729396023,0.267906684367193,4.16379045037679,3.13007404669562e-05,0.000212315594767025,"LINC02576"
"ENSG00000171798",47.7574201391164,-1.50667148836443,0.362209591987329,-4.15966755628364,3.18711142935894e-05,0.00021540793393107,"KNDC1"
"ENSG00000160932",5639.15577713102,1.16361644680049,0.279783376850314,4.15899064447646,3.1965699014391e-05,0.000215969546611967,"LY6E"
"ENSG00000204882",20.1735931650568,-1.41735032758193,0.34092109936062,-4.15741451684891,3.21869654376849e-05,0.000216996485784335,"GPR20"
"ENSG00000170421",5.33770033870949,1.26597531693055,0.304799963678588,4.15346282083396,3.27481441316869e-05,0.000220069401894596,"KRT8"
"ENSG00000133958",9.8657022834608,1.09816414591404,0.264577826094025,4.15062804818639,3.31564210790845e-05,0.000222336100821432,"UNC79"
"ENSG00000144406",4.63546334608122,2.20709273435518,0.53179192569454,4.15029380424051,3.32048778536818e-05,0.000222503609766311,"UNC80"
"ENSG00000008441",51.9739240116077,1.05130300938578,0.253412150501043,4.1485895893593,3.3452992890015e-05,0.000224005149398191,"NFIX"
"ENSG00000186231",35.5187477569738,-1.00820156810856,0.243094558883425,-4.14736377786241,3.36325454551732e-05,0.000225047107289226,"KLHL32"
"ENSG00000119782",25.3059188202139,1.0239629601034,0.247049883031817,4.14476197089121,3.40166870746076e-05,0.000227293867847254,"FKBP1B"
"ENSG00000008394",432.83317640571,1.16140088100091,0.280320516146262,4.14311766033897,3.4261605110867e-05,0.000228686480704495,"MGST1"
"ENSG00000226726",13.2964557901588,-1.28907980166441,0.31121512826211,-4.14208592256714,3.44161353281845e-05,0.000229473458541524,"TMEM256P2"
"ENSG00000119862",164.067048903159,1.18208200475289,0.285544959566367,4.13974039866794,3.47699066755101e-05,0.000231503778205061,"LGALSL"
"ENSG00000265531",27.0524987700415,1.56303530894295,0.377950172025399,4.13555919439535,3.54091322072597e-05,0.000235176695748287,"FCGR1CP"
"ENSG00000165997",861.103346930131,-1.98137378558369,0.479430476629003,-4.13276560871815,3.58424195063081e-05,0.000237886340762912,"ARL5B"
"ENSG00000259094",4.42074150684236,2.61574855930082,0.633130915159645,4.13144974707364,3.60482504413534e-05,0.000238999264654561,"ENSG00000259094"
"ENSG00000279673",24.7271248405287,1.06656410069475,0.258280313574757,4.12948275434877,3.63580272020146e-05,0.000240628689890517,"ENSG00000279673"
"ENSG00000273129",9.84384582299828,-1.07733745624145,0.261162568946754,-4.12516028076403,3.70476660563211e-05,0.000245106628368396,"ENSG00000273129"
"ENSG00000287095",18.1864996039271,-1.24781129995317,0.302571599361498,-4.12401990995308,3.72316690132705e-05,0.000246150703754285,"ENSG00000287095"
"ENSG00000117586",139.342990572475,1.25049599748267,0.303482713850106,4.12048508996893,3.78075534840872e-05,0.000249344131679615,"TNFSF4"
"ENSG00000011332",5.83571036346469,1.41058103215641,0.342486862307809,4.118642749247,3.81110453820396e-05,0.000251169428120903,"DPF1"
"ENSG00000135480",9.62045377779223,1.68280976203103,0.408684343264334,4.11762718529836,3.8279328226114e-05,0.000252190064261493,"KRT7"
"ENSG00000125730",94.2690019248258,-1.18191170533162,0.287761839740162,-4.10725656466069,4.00386405602738e-05,0.000262900525369548,"C3"
"ENSG00000253967",3.61895668973542,3.71441108403097,0.905136300765539,4.10370358684037,4.06588332955549e-05,0.000266558573639082,"LINC03020"
"ENSG00000134363",8.41574508631435,2.75074993398242,0.670477991614702,4.10266998825394,4.0840958700857e-05,0.000267472703742616,"FST"
"ENSG00000277693",4.46344293866889,2.38590872947539,0.582172455650302,4.0982851495615,4.16222332054562e-05,0.000272209984457117,"ENSG00000277693"
"ENSG00000229939",3.69716987414594,-2.44505054485059,0.597224326221975,-4.09402369846171,4.23950950819854e-05,0.000276686877486458,"ENSG00000229939"
"ENSG00000237054",33.1100609841139,-1.03046235110342,0.251765748074736,-4.0929409936952,4.25936138093063e-05,0.000277789578473185,"PRMT5-AS1"
"ENSG00000232485",8.78812053890893,1.04374008286077,0.255194782427997,4.08997422647253,4.31421126537693e-05,0.000281171688432818,"RPL37A-DT"
"ENSG00000111732",6.10388232047072,1.61080731236224,0.393984848005947,4.08850066319791,4.34170305933531e-05,0.000282865340392605,"AICDA"
"ENSG00000184613",1259.18462731251,-1.04650536479887,0.256000013093909,-4.08791137215675,4.35274372161805e-05,0.000283268045303546,"NELL2"
"ENSG00000233912",6.8958598373482,1.0406466547671,0.254651271002484,4.08655590317846,4.37824027837962e-05,0.000284653767804993,"ENSG00000233912"
"ENSG00000259161",15.7206174222253,-1.5779466113341,0.386264540284024,-4.08514488586972,4.40493216456015e-05,0.00028629012781837,"ENSG00000259161"
"ENSG00000103740",10.309120375023,1.38848701551331,0.339921812570094,4.08472467540456,4.41291096884316e-05,0.000286709556067667,"ACSBG1"
"ENSG00000253686",4.55475157338701,2.35101860405144,0.575651576204701,4.0841000029077,4.4247973644232e-05,0.000287283216793432,"LINC01484"
"ENSG00000178947",11.5517848636345,-1.10261611317995,0.270173695891024,-4.08113791219961,4.48157522114137e-05,0.000290467889160597,"SMIM10L2A"
"ENSG00000178297",5.61859726052153,1.93481607560093,0.47455387729564,4.07712626146254,4.5595736060492e-05,0.000295116203509989,"TMPRSS9"
"ENSG00000227953",5.32862911602956,1.54967576446426,0.380249087281859,4.07542270657855,4.59308368782394e-05,0.000296978331600752,"ENSG00000227953"
"ENSG00000161944",956.460354555775,1.12738928941723,0.276627159071866,4.07548301909265,4.59189332229153e-05,0.000296978331600752,"ASGR2"
"ENSG00000211623",7.45145624802346,2.84733080649861,0.698797516176911,4.07461495008772,4.60905430603637e-05,0.00029780606647047,"IGKV2D-26"
"ENSG00000111886",35.5251386441924,1.01796348657911,0.250492198340031,4.06385305939659,4.82692195304013e-05,0.00030996523754473,"GABRR2"
"ENSG00000220412",40.743988202933,-1.70295535181577,0.419109651124937,-4.06326923573543,4.83901600116179e-05,0.000310529685072847,"ENSG00000220412"
"ENSG00000227201",5.51254196693255,1.4790959717001,0.364035879416953,4.06304997757102,4.8435654029004e-05,0.000310715547143058,"ENSG00000227201"
"ENSG00000207697",3.78469751811555,1.6720151999247,0.411547407596266,4.06275235626068,4.84974725458689e-05,0.000310899895624881,"MIR573"
"ENSG00000167676",13.9940841159766,1.12395197268468,0.276644657601109,4.06280020887044,4.84875281016682e-05,0.000310899895624881,"PLIN4"
"ENSG00000127325",4.98580122040097,2.36497768435166,0.582649654536445,4.05900469679886,4.92823225080752e-05,0.000315095667474958,"BEST3"
"ENSG00000142494",21.947148160931,-1.32600572621405,0.326836844591654,-4.05708765139604,4.9688437904308e-05,0.000317128651561757,"SLC47A1"
"ENSG00000165716",67.0683850101019,1.44197297215351,0.35553724002897,4.05575790608044,4.99719982317907e-05,0.000318721981257122,"DIPK1B"
"ENSG00000139567",25.9932399374754,1.37682527232782,0.339789702089051,4.05199234662792,5.07833267069262e-05,0.000323238540055329,"ACVRL1"
"ENSG00000213204",12.9885897774471,-1.01390523015755,0.25039601126455,-4.04920679461756,5.13915194284538e-05,0.000326888324594659,"ENSG00000213204"
"ENSG00000182175",15.955850453677,1.49920681002815,0.370528925250271,4.04612624781052,5.2072157208609e-05,0.000330881767036178,"RGMA"
"ENSG00000177706",119.845650301059,1.10984671524211,0.274377472594546,4.04496296560817,5.23313960965212e-05,0.00033230436521291,"FAM20C"
"ENSG00000137965",702.876947201181,1.29113524266301,0.319294086957122,4.04371798728735,5.26101957313637e-05,0.000333961917921888,"IFI44"
"ENSG00000177426",818.248020758916,-1.05714875361826,0.26147890623025,-4.04295998044052,5.27806320352952e-05,0.00033493070889109,"TGIF1"
"ENSG00000021826",5.11233516983503,1.71020579677325,0.423136009773304,4.04174014329222,5.30560088816402e-05,0.000336450992894504,"CPS1"
"ENSG00000183625",17.1353721833657,1.10837962364914,0.274293980434096,4.04084559892646,5.32588159049065e-05,0.000337623171584696,"CCR3"
"ENSG00000112276",3.05947443856109,2.69852264032157,0.66837196875176,4.0374563364189,5.40338977372442e-05,0.000342075157247977,"POPDC1"
"ENSG00000254211",5.53613515141577,1.64908168802819,0.40885639943001,4.03340070089935,5.49754175729857e-05,0.000347450554371835,"LINC01485"
"ENSG00000099769",5.39382441070332,1.48549037003102,0.368423248337492,4.03202126015199,5.52991831255637e-05,0.000349379309589276,"IGFALS"
"ENSG00000198794",32.7418346937835,1.80456930856893,0.448090940292507,4.02723899615317,5.64356600229118e-05,0.000355841887215918,"SCAMP5"
"ENSG00000258628",3.90048814189847,2.38259575770682,0.592030269124294,4.02444922492064,5.7108813486417e-05,0.000359514480579171,"ENSG00000258628"
"ENSG00000256029",10.7045034105534,-1.05043617934576,0.261064622752922,-4.02366344496977,5.72997854092385e-05,0.000360238671635597,"ENSG00000256029"
"ENSG00000257557",8.28296352948691,1.10451469690686,0.274506335613041,4.02364008990976,5.73054707485867e-05,0.000360238671635597,"PPP1R12A-AS1"
"ENSG00000254101",6.471986595679,1.92096522165076,0.477529250406575,4.02271739378317,5.75305113478934e-05,0.000361170170773215,"LINC02055"
"ENSG00000110328",6.57662425740569,1.45752895812401,0.362404716004844,4.02182668645108,5.77485438508848e-05,0.000362296939326178,"GALNT18"
"ENSG00000148053",5.90760547974044,1.57802695700828,0.393083504161309,4.01448277605846,5.95762938302831e-05,0.000372520299013307,"NTRK2"
"ENSG00000286207",4.61279650253945,1.42652371911461,0.355389815829939,4.01396904349458,5.97061804730698e-05,0.000373208303349458,"ENSG00000286207"
"ENSG00000158560",6.80136087580124,1.81240420882234,0.452141639266999,4.00848772026519,6.11088157222827e-05,0.000380835974905844,"DYNC1I1"
"ENSG00000186889",10.4009892038102,1.14635023747597,0.286109351959955,4.00668565925247,6.15767260743514e-05,0.000383271967947521,"TMEM17"
"ENSG00000152078",15.3128884541111,1.96126350807982,0.490248358222345,4.00055089463516,6.31951933094367e-05,0.000392666728411297,"TLCD4"
"ENSG00000256433",7.67066716652943,1.51432584853782,0.379724273812093,3.98796166843731,6.66434280785268e-05,0.000412049300711839,"ENSG00000256433"
"ENSG00000131095",5.48332695057309,1.48208197165221,0.371801835962393,3.98621477437277,6.71357457823937e-05,0.000414547791631364,"GFAP"
"ENSG00000163814",59.4109213522993,1.06500970506908,0.267184497039606,3.98604603511562,6.71834824974084e-05,0.000414706317576778,"CDCP1"
"ENSG00000285888",5.67485482302229,-1.64445946459315,0.413164784794759,-3.98015398483208,6.88706424548428e-05,0.000424284692094797,"ENSG00000285888"
"ENSG00000259479",8.99659985984403,1.06272956397738,0.267322225361085,3.97546280539114,7.02425220064833e-05,0.000431604590923132,"ENSG00000259479"
"ENSG00000133101",6.53441413954375,2.26367623818934,0.569513842036676,3.9747519219095,7.04526535008804e-05,0.000432612896178552,"CCNA1"
"ENSG00000171522",4935.02260844979,-1.13164274656433,0.284997348300504,-3.97071324807946,7.1657784477253e-05,0.000439295406730088,"PTGER4"
"ENSG00000157064",3.50128365054091,2.05129480319413,0.51680642113867,3.96917437417776,7.21220908620052e-05,0.00044166035365547,"NMNAT2"
"ENSG00000162396",50.7380140034327,-1.01474291945725,0.255831446792363,-3.96645108402499,7.29507389796313e-05,0.000445478261813239,"PARS2"
"ENSG00000260027",8.41931929998596,1.32143020185319,0.333351473978688,3.96407487293028,7.36811260792846e-05,0.000449063049865834,"HOXB7"
"ENSG00000125740",7609.29766469329,-1.19337380274988,0.301151881469889,-3.96269748316084,7.41076615824451e-05,0.000451516242172978,"FOSB"
"ENSG00000117560",173.012511002261,-1.0993174175366,0.277810155445755,-3.95708146728009,7.58710609154615e-05,0.000460679766129829,"FASLG"
"ENSG00000167306",13.6463680688165,1.23958972446279,0.313261128857987,3.95704928020209,7.58812809075308e-05,0.000460679766129829,"MYO5B"
"ENSG00000121716",138.773918227375,-1.01584367008553,0.257017664214783,-3.95242744575181,7.73623895503172e-05,0.000468763208893541,"PILRB"
"ENSG00000258872",7.17425544101165,-1.44178234945902,0.364811360472415,-3.95213117155116,7.7458259587227e-05,0.000469041703351005,"FDPSP3"
"ENSG00000121797",317.743183258935,-1.613545151426,0.408622175693736,-3.94874592571148,7.85616802711151e-05,0.000475264030375243,"CCRL2"
"ENSG00000234925",7.14709458315076,1.15153520383966,0.29165684335962,3.94825367570678,7.87233613041748e-05,0.000476088899315724,"ENSG00000234925"
"ENSG00000113657",4.11861031792086,1.77350381851687,0.4498744571963,3.94221941287726,8.07310698131437e-05,0.000487446575074799,"DPYSL3"
"ENSG00000224184",8.57414318625234,1.77028024012131,0.449255249597443,3.9404775830835,8.13195499757236e-05,0.000490527041509532,"MIR3681HG"
"ENSG00000169213",3.80267773272207,2.56975868205563,0.652199278538813,3.94014339882883,8.14329172896664e-05,0.000490728524970211,"RAB3B"
"ENSG00000197444",2.70703780232032,2.54666934966253,0.647166756577171,3.9351053245252,8.31602188276866e-05,0.000499546012491274,"OGDHL"
"ENSG00000231971",6.67245654930795,1.42751400868429,0.362850437326812,3.93416642736069,8.34859233761444e-05,0.000500702430050418,"CT69"
"ENSG00000100167",6.33101510114091,1.40021126426867,0.356020876251998,3.93294707605175,8.39107175461879e-05,0.000502929160394817,"SEPTIN3"
"ENSG00000211857",14.4007195154188,-1.07588110832163,0.273687802410832,-3.93105245774393,8.45748141869888e-05,0.000506002723765232,"TRAJ32"
"ENSG00000151575",14.0315591373512,1.10946715197314,0.282324568192777,3.92975772202572,8.50314950081454e-05,0.000508188228989857,"TEX9"
"ENSG00000223254",8.17537876236479,1.09673626693073,0.279237601175755,3.92760954224226,8.57943479769538e-05,0.000511933512563436,"ENSG00000223254"
"ENSG00000115590",160.041305849545,1.91735592376859,0.488212963518167,3.9272941667745,8.59068857405251e-05,0.000512373104716723,"IL1R2"
"ENSG00000286369",8.42704637222938,1.37769605997636,0.350851559865788,3.92672063508387,8.61119008649005e-05,0.000513339450890158,"LOC105369363"
"ENSG00000249738",8.77076388381253,1.31530459879449,0.335044486144605,3.92576106513451,8.6455943671541e-05,0.000514737382721028,"IL12B-AS1"
"ENSG00000287126",9.76759552660309,1.29022158219394,0.328948518699908,3.92225989432401,8.77222947361184e-05,0.000521781092360785,"LOC124907726"
"ENSG00000150630",7.39937758260485,2.10865767616031,0.537724404623295,3.92144685647575,8.80188622916192e-05,0.000523379479795405,"VEGFC"
"ENSG00000187498",5.13127922429803,1.62615496288544,0.415216230098626,3.91640510415304,8.98791709484066e-05,0.000533092110175529,"COL4A1"
"ENSG00000247903",14.5414392169343,-1.01856383603581,0.260160592358993,-3.91513498182039,9.03536444989437e-05,0.000535230728648644,"ENSG00000247903"
"ENSG00000186235",33.0183965516777,-1.05713130422164,0.270016856296742,-3.9150567069038,9.03829625497944e-05,0.0005352357164732,"LINC02610"
"ENSG00000092445",8.64838594825485,1.31229418704033,0.335202921911974,3.91492466579677,9.04324392170882e-05,0.000535360040165162,"TYRO3"
"ENSG00000286341",16.2094384629355,1.12962302829701,0.288623059470698,3.91383498729661,9.08417267401489e-05,0.000537106352880729,"ENSG00000286341"
"ENSG00000211821",109.766190757685,-2.41745594507942,0.617817492001587,-3.91289656957983,9.11956017497591e-05,0.000538859644919356,"TRDV2"
"ENSG00000152380",38.8042560081038,1.04197597498913,0.266445909900187,3.91064728814738,9.20491082945099e-05,0.000543219792622797,"FAM151B"
"ENSG00000106078",5.09462056343817,1.37802433393106,0.352555027743152,3.90867871819148,9.28022824484944e-05,0.00054714921609219,"COBL"
"ENSG00000077327",8.83203735419293,1.46349047237357,0.374468402326507,3.90818147347322,9.2993446785669e-05,0.000547760835406905,"SPAG6"
"ENSG00000273350",5.75318560602646,-1.19429016619458,0.305713171382763,-3.90657085788197,9.36151998169897e-05,0.000551077762530579,"ENSG00000273350"
"ENSG00000280163",7.68702647561097,-1.30611265355256,0.334391494378045,-3.90593862437164,9.38603350223185e-05,0.000552002145519243,"ENSG00000280163"
"ENSG00000128322",6.4161488680335,1.97778859518811,0.506782945783594,3.90263447427187,9.51513425726565e-05,0.000558720598249188,"IGLL1"
"ENSG00000196739",5.84342526029401,1.43964936355523,0.36947690134185,3.89645295369419,9.76117580907574e-05,0.00057138293524568,"COL27A1"
"ENSG00000261693",6.85417197940998,1.49439306879829,0.383755434990945,3.89412874070057,9.85523021438355e-05,0.000576529433892167,"ENSG00000261693"
"ENSG00000010327",1769.5686880096,1.06201953357928,0.273453164468052,3.88373466310117,0.000102864159684727,0.000598586608493537,"STAB1"
"ENSG00000151023",70.3745306205485,1.16711714476976,0.300520620758651,3.88365078517217,0.00010289966888617,0.000598607915934524,"ENKUR"
"ENSG00000183019",982.276118771806,1.32314912826516,0.341057874815226,3.87954428257082,0.000104652348492398,0.000608051172260623,"MCEMP1"
"ENSG00000101638",4.13156939043353,1.99807042696307,0.515249167361795,3.87787220927245,0.000105374038984252,0.000611299517514816,"ST8SIA5"
"ENSG00000042781",4.46495696746736,2.46061558420606,0.63461825041254,3.87731613864952,0.000105615085788718,0.000612508840630899,"USH2A"
"ENSG00000225079",28.5155709209579,-1.00221807743338,0.258525580040543,-3.8766689055536,0.000105896305193485,0.000613950324619598,"FTH1P22"
"ENSG00000143195",8.30998563736329,1.25943560035648,0.325629857073261,3.86769079370116,0.000109870857562144,0.000633865143872946,"ILDR2"
"ENSG00000278705",8.19476084202635,1.52322726670011,0.393992207043035,3.86613552113668,0.000110573510259927,0.000637527514983309,"H4C2"
"ENSG00000166183",3.15085305579686,2.11124703223607,0.546355299113082,3.86423822677904,0.000111436424541284,0.000642305745378096,"ASPG"
"ENSG00000224271",7.33719664560268,2.10586721296326,0.545044827045507,3.86365874597583,0.000111701243840674,0.000643634757581026,"EPIC1"
"ENSG00000179915",4.10246100847362,1.96640105538786,0.508975386354205,3.86345019446463,0.000111796695835228,0.000643987341378774,"NRXN1"
"ENSG00000146250",4.41853403461115,-2.59055164929641,0.671124008051419,-3.86001933803257,0.000113378052245349,0.00065249659216276,"PRSS35"
"ENSG00000260844",12.1157592445781,1.72685487241271,0.447582866035171,3.85817912939727,0.000114234914067872,0.000657025533910561,"ENSG00000260844"
"ENSG00000177875",27.2175626480111,-1.57270746269396,0.407658656507533,-3.85790277622843,0.00011436411949792,0.000657567448786452,"CCDC184"
"ENSG00000128268",12.4109122553516,1.12927858937482,0.292804879596418,3.85676150934144,0.000114899165794278,0.000660239902252901,"MGAT3"
"ENSG00000115274",7.16336091516394,-1.11677206429941,0.289601319740383,-3.85623955478021,0.00011514465339594,0.000661448320669343,"INO80B"
"ENSG00000250722",4.49910836251619,1.60416590596122,0.416224233558993,3.85409059978209,0.000116160578249839,0.000666673046956939,"SELENOP"
"ENSG00000105708",292.673004666416,-1.22405751377939,0.318012081838954,-3.84909122540592,0.00011855685177956,0.000677941766367088,"ZNF14"
"ENSG00000121966",9513.62309152738,-1.14182904613501,0.296759030637351,-3.84766402452082,0.00011924943631832,0.000681487505332667,"CXCR4"
"ENSG00000267060",6.23629267583421,1.37914878082088,0.358513330468823,3.84685495241526,0.000119643751112106,0.000683117845049557,"PTGES3L"
"ENSG00000237505",6.98241843707931,1.23111777218022,0.320245180945377,3.84429757395853,0.000120898232159815,0.000688815753766562,"PKN2-AS1"
"ENSG00000267422",5.3618385740272,-1.6967933098371,0.441579803691523,-3.84255189130534,0.00012176165954523,0.000693104831257464,"ENSG00000267422"
"ENSG00000286196",8.22274537609194,-1.19956068811988,0.312308157794647,-3.84095214351918,0.000122558008419446,0.000697426680669666,"ENSG00000286196"
"ENSG00000241684",3.16303295420079,2.82854176663488,0.737013406024396,3.83784303448783,0.000124119776770523,0.000704182108113116,"ADAMTS9-AS2"
"ENSG00000138135",16.0794182703651,1.73288882129194,0.451986076433448,3.83394292798995,0.000126105412235185,0.000714800159340331,"CH25H"
"ENSG00000286302",4.41790685034402,-1.65422218515391,0.431638492756607,-3.83242508004655,0.000126886247516653,0.000718792618542197,"ENSG00000286302"
"ENSG00000253227",4.30630995202395,1.98360558957484,0.517652008480624,3.83192870321702,0.000127142588770003,0.000720027748876462,"ENSG00000253227"
"ENSG00000225964",37.2128145708751,1.61450537522438,0.421380209917437,3.83146938851427,0.000127380224952607,0.000720722067492234,"ENSG00000225964"
"ENSG00000285366",12.8481623700349,1.01887207076663,0.265929918757456,3.83135555234725,0.000127439185200822,0.000720838677410365,"ENSG00000285366"
"ENSG00000287927",2.89223588254261,4.81253128227692,1.25781222451652,3.82611266489065,0.000130182726473436,0.000734368105280524,"LOC107986954"
"ENSG00000165323",4.22687568841747,1.96350279643431,0.513424791739464,3.82432408412153,0.000131131334481155,0.000738832303029915,"FAT3"
"ENSG00000185614",72.4887613862837,1.16960020350065,0.306021517977098,3.82195412672968,0.000132398322924614,0.000745523929805588,"INKA1"
"ENSG00000272656",5.49997111497505,1.29777980525975,0.33974194163122,3.81989871203025,0.000133506486930249,0.000750896330267592,"ENSG00000272656"
"ENSG00000127903",24.1080874944931,-1.56885331601172,0.410787388508197,-3.81913700347305,0.000133919372272876,0.000752735801806511,"ZNF835"
"ENSG00000134160",2.81953619722942,2.46506461455574,0.646974605291062,3.81014122408522,0.000138887431892581,0.000778100795783294,"TRPM1"
"ENSG00000118520",13.5377334149874,1.30900727826747,0.343918837499423,3.80615172982394,0.000141145811474017,0.000788872040578536,"ARG1"
"ENSG00000160188",4.0049966547208,1.74219245418239,0.457835936058416,3.80527677486657,0.000141645710574449,0.000791307894441499,"RSPH1"
"ENSG00000227232",5.02654105643225,2.42015931966079,0.63620927515186,3.80403023687939,0.000142360791719964,0.000794009923195381,"ENSG00000227232"
"ENSG00000168646",128.708476987057,-1.00541008730071,0.26432046259522,-3.80375426642768,0.000142519562200221,0.00079442413116632,"AXIN2"
"ENSG00000120279",15.1367590168936,1.4549294969021,0.38262233246855,3.80252111139303,0.000143231056831622,0.000797680279765084,"MYCT1"
"ENSG00000235885",3.25885744212582,2.63477355947465,0.694353160656031,3.79457271712465,0.000147897932731092,0.000821480361587945,"LOC101927661"
"ENSG00000172799",4.24925547311443,1.64301925071605,0.433157363002166,3.79312321814978,0.000148764289796409,0.000824829967850532,"ENSG00000172799"
"ENSG00000179776",11.3994573963444,1.518417617806,0.40030604185046,3.79314189410418,0.000148753096965593,0.000824829967850532,"CDH5"
"ENSG00000278023",5.69721538544921,1.2779513759735,0.336961509647646,3.79257374917932,0.000149093951368228,0.000826191423881048,"RDM1"
"ENSG00000287115",12.0993867585494,1.00548093189666,0.265234707022843,3.7909101081936,0.000150096274670406,0.000830989566628853,"ENSG00000287115"
"ENSG00000162267",4.43116237391699,1.68318877755162,0.444050050619896,3.79053842061696,0.000150321077213932,0.000831686682789487,"ITIH3"
"ENSG00000067177",12.4004928782476,1.57322085979025,0.41528668885247,3.78827663399811,0.000151695889373084,0.000838117559275864,"PHKA1"
"ENSG00000204613",14.0031392044104,2.01980323276643,0.533231114006167,3.78785704680968,0.000151952230779246,0.000839287137739261,"TRIM10"
"ENSG00000275302",2229.0969679051,-1.46357044340624,0.386399166157993,-3.78771636067095,0.000152038272415673,0.000839515678121326,"CCL4"
"ENSG00000122420",7.06719883522884,1.69232681225324,0.446911645365847,3.78671451013071,0.000152652317416293,0.000842164061683782,"PTGFR"
"ENSG00000283632",14.2323896702628,1.61909938372364,0.428387289341353,3.77952246485421,0.000157129417185414,0.000862730160438737,"EXOC3L2"
"ENSG00000136237",14.8070058027256,1.09802317402462,0.290548994411634,3.77913259086695,0.000157375613515247,0.0008634068977328,"RAPGEF5"
"ENSG00000184937",3.45422545460451,2.23708803122713,0.592141291221514,3.7779632401792,0.000158116210364282,0.000866963911904039,"WT1"
"ENSG00000180190",46.5245236736174,1.20666642968451,0.319959907232142,3.77130509920117,0.000162395971301296,0.000886808447582558,"TDRP"
"ENSG00000143545",7.296608362422,1.44188529921086,0.382608129854044,3.76856942313511,0.000164185823714335,0.000894244202415137,"RAB13"
"ENSG00000132970",10.7294325009117,1.61776939275955,0.429345177439085,3.76799246333463,0.000164565669776105,0.000895793897802392,"WASF3"
"ENSG00000088882",33.6289865009895,1.32829355406156,0.35316241772901,3.76114073123373,0.00016914022895976,0.000917771288547243,"CPXM1"
"ENSG00000178342",17.9309632222591,1.57015160876872,0.41753956098603,3.76048584488802,0.000169583671205726,0.000919381218339434,"KCNG2"
"ENSG00000105507",30.1910607820173,1.25167298023086,0.333010708451116,3.75865684936255,0.000170827935370617,0.00092479316625176,"CABP5"
"ENSG00000152433",17.0003062191237,-1.27496578756274,0.339336588913082,-3.75723051748278,0.000171804221768126,0.000928473879342636,"ZNF547"
"ENSG00000108846",845.90017935149,1.02268921922087,0.272420862231129,3.75407819667349,0.000173980548507933,0.000939694939584799,"ABCC3"
"ENSG00000134765",53.0369417752128,-1.5292871048374,0.407434377190263,-3.75345623848342,0.0001744129925119,0.000941219238373146,"DSC1"
"ENSG00000143452",14.8676491604098,1.10050231894178,0.293236432923161,3.75295220983047,0.000174764182097753,0.000942171689153087,"HORMAD1"
"ENSG00000176584",2.56206791274248,2.35903300213466,0.628897643001503,3.7510603329277,0.000176088317543844,0.000947811001304149,"ENSG00000176584"
"ENSG00000182048",13.1059945712528,1.02349685738055,0.273457246438746,3.74280393264258,0.000181978220081273,0.000976344447427856,"ENSG00000182048"
"ENSG00000197099",4.96504804747429,1.31929333248251,0.352783514880263,3.73966831451941,0.00018426323306775,0.000987289546391513,"ENSG00000197099"
"ENSG00000180113",21.2278624485054,-1.18354642723873,0.316562639518335,-3.73874323590286,0.000184942499336662,0.00098985084566509,"TDRD6"
"ENSG00000159247",9.24164811578644,1.76868223175583,0.473509031683869,3.73526609506504,0.000187516802498316,0.00100215121403422,"ENSG00000159247"
"ENSG00000254791",13.0056801615011,1.05489953115975,0.282842397640337,3.72963721125418,0.000191755663032874,0.00102305973385351,"ENSG00000254791"
"ENSG00000237187",4.96761648667657,2.24097490762357,0.601866029016033,3.72337829281918,0.000196574643305786,0.00104580158380287,"NR2F1-AS1"
"ENSG00000240498",11.9732025486303,1.08848250722808,0.292529096485408,3.72093757614425,0.000198484501485356,0.00105446995192729,"CDKN2B-AS1"
"ENSG00000205622",5.42177722351314,1.46580123100112,0.394100525640006,3.71935873117832,0.00019972921782311,0.00106053400255834,"ENSG00000205622"
"ENSG00000159625",9.94634035626808,1.19856750499979,0.322433453463906,3.71725542782104,0.000201398797088616,0.00106787769422464,"DRC7"
"ENSG00000279217",3.88510366878259,2.19304660265342,0.590012705601343,3.71694809591984,0.000201643848859446,0.00106823500089125,"ENSG00000279217"
"ENSG00000282988",8.73629985501845,1.14610465302087,0.308682403681578,3.71289273166066,0.000204903748372575,0.00108336732894822,"ENSG00000282988"
"ENSG00000084734",2.35077722055017,3.180781854704,0.857092444376811,3.71113043356336,0.00020633574437895,0.00109032517608849,"GCKR"
"ENSG00000286138",21.164028290472,-1.02586663836635,0.276549940707939,-3.70951675397305,0.000207655216511947,0.00109575728510909,"ENSG00000286138"
"ENSG00000074181",22.7358873994727,1.78430159707386,0.481250383297607,3.70763672923756,0.000209202467831226,0.00110237442819056,"NOTCH3"
"ENSG00000157150",2.23526730573725,4.05863507795336,1.0951267175126,3.70608717059873,0.000210485880380442,0.00110820521222151,"TIMP4"
"ENSG00000100234",17.9370484390703,1.52969734073731,0.412957415790237,3.70424959631751,0.000212017423372398,0.00111485781232483,"TIMP3"
"ENSG00000211645",2.68563531210277,2.6739362807945,0.722426589694561,3.70132594638443,0.000214475754278605,0.00112522865578157,"IGLV1-50"
"ENSG00000171956",4.56408255502554,1.48694901250904,0.402206220161889,3.69698164267708,0.00021817811258633,0.0011423052379311,"FOXB1"
"ENSG00000175287",21.8825348492033,1.23894981740712,0.335136551049134,3.69685077180817,0.000218290570642405,0.00114257576323994,"PHYHD1"
"ENSG00000125538",3193.27234450857,-1.70196868651132,0.460596927689535,-3.69513686304597,0.000219768374217415,0.00114807291878559,"IL1B"
"ENSG00000124785",6.78701661312124,1.80244179004259,0.487895590000012,3.6943186759334,0.000220477156702489,0.00115145558137815,"NRN1"
"ENSG00000283633",73.9420585706971,1.26642723440784,0.34326119025825,3.68939824934783,0.000224785107956378,0.00117167523270884,"ENSG00000283633"
"ENSG00000198019",75.38171644241,1.10030366947645,0.298389729019089,3.68747166027977,0.000226493308981883,0.00117927097939708,"ENSG00000198019"
"ENSG00000079156",11.8995523843913,1.07980087046096,0.292962240266459,3.68580220262805,0.000227983371787663,0.00118604358043756,"OSBPL6"
"ENSG00000101680",4.15009620997709,1.99011136495115,0.540345663705417,3.68303384041981,0.000230474549929599,0.00119635449888891,"LAMA1"
"ENSG00000163806",17.992628788604,-1.17194611134875,0.31830454192243,-3.68183911002549,0.0002315575294143,0.00120156481618524,"SPDYA"
"ENSG00000006747",15.6083271836538,1.1926315839005,0.323972106162985,3.68127860767279,0.000232067248476283,0.00120329269030627,"SCIN"
"ENSG00000223855",63.7528949344912,1.00014304063272,0.271780749945857,3.67996276716422,0.000233268010218581,0.00120851861082372,"PDGFA-DT"
"ENSG00000053747",5.57323414814929,1.72025564710312,0.467925600914266,3.67634436701468,0.000236600087474818,0.00122308450059864,"LAMA3"
"ENSG00000143297",548.803184285445,1.12125879761542,0.305052630464177,3.67562409119136,0.000237268675723023,0.00122620347233707,"FCRL5"
"ENSG00000102057",17.9240841066285,1.02898975909988,0.280007015093818,3.67487135547341,0.000237969288607839,0.00122914832335063,"KCND1"
"ENSG00000136367",4.55154563421262,1.4150835244396,0.385172212658837,3.67389826662548,0.000238877873150696,0.00123350233619244,"ZFHX2"
"ENSG00000211685",69.2018796480261,2.13966111032854,0.58295563550028,3.67036697139454,0.000242202495710814,0.00124861165918279,"IGLC7"
"ENSG00000247317",19.3312319689991,1.15173368768989,0.313926043843527,3.66880579128999,0.000243686100952594,0.00125450074681624,"ENSG00000247317"
"ENSG00000122733",5.27201088331724,1.40077707049214,0.382128456095383,3.66572300007537,0.00024664078051851,0.00126766751726167,"PHF24"
"ENSG00000223336",4.38608878368148,-1.89880184998716,0.518032983144929,-3.6654072458084,0.00024694530284847,0.00126888570594309,"RNU2-6P"
"ENSG00000186487",7.6818498902481,1.81189730186895,0.49439092601149,3.66490808495713,0.000247427427209105,0.00127101555666093,"MYT1L"
"ENSG00000157601",4301.91949469881,1.62191129914522,0.442903397921107,3.66199786851517,0.000250255942410797,0.0012844922702221,"MX1"
"ENSG00000225746",5.10332326080457,1.87765923731234,0.512995916261314,3.66018359560563,0.000252034597907469,0.0012922101206407,"ENSG00000225746"
"ENSG00000133106",1021.49172405629,1.14981924355318,0.314229266528783,3.65917298619242,0.00025303050170549,0.00129685529928682,"EPSTI1"
"ENSG00000130558",150.385102205623,-1.89485078232631,0.518039554483536,-3.65773378871696,0.000254455128741837,0.00130319852856446,"OLFM1"
"ENSG00000211848",5.11839046511419,-1.35428088349215,0.37036064363885,-3.65665441712741,0.000255528505130882,0.00130829674659725,"TRAJ41"
"ENSG00000184304",5.9519522103376,1.66827767863536,0.456377685906829,3.65547600190065,0.000256705222582578,0.00131329106251011,"PRKD1"
"ENSG00000163666",12.0861009089256,1.67858974912022,0.459496250785606,3.65310869512061,0.000259084491959545,0.00132438186316878,"HESX1"
"ENSG00000260549",9.18882210492626,1.91968227274732,0.525520451381275,3.6529163949788,0.000259278669133141,0.00132491192214831,"ENSG00000260549"
"ENSG00000163827",7.13153947754981,1.24724687501024,0.341612699868713,3.65105534861433,0.000261164944527535,0.00133356595961411,"LRRC2"
"ENSG00000211851",5.52196555472938,-1.1383416637273,0.311814464172231,-3.65070192221274,0.000261524612695135,0.00133503982080873,"TRAJ38"
"ENSG00000184785",5.69151874891435,1.27134639831336,0.348259120616804,3.65057603103593,0.000261652839335147,0.00133533173177937,"SMIM10"
"ENSG00000180537",4.51718457738598,3.41056218311936,0.934329338428252,3.65027837920265,0.0002619562475191,0.0013357920858299,"RNF182"
"ENSG00000225632",17.6941799315818,-1.08706345603837,0.298021709625423,-3.64759821492426,0.000264703140244597,0.00134833610407519,"ENSG00000225632"
"ENSG00000166394",24.662075962988,1.13040485057462,0.309938611056273,3.64718950866492,0.000265124387398845,0.00135011595381975,"CYB5R2"
"ENSG00000225234",25.3429090139091,-1.42014811718109,0.389636125688047,-3.64480607303363,0.000267593502628967,0.00136121447237187,"ENSG00000225234"
"ENSG00000211611",41.719462894705,2.41228988191055,0.662623855583151,3.64051167428553,0.00027209676936985,0.00138150482903179,"IGKV6-21"
"ENSG00000088827",1489.43557900977,2.15668328824914,0.592857282392173,3.6377781842317,0.000275000101334378,0.00139361065103289,"SIGLEC1"
"ENSG00000101670",3.51946036165876,1.99611745419834,0.548845872294249,3.63693626018229,0.000275900169332699,0.00139751133427085,"LIPG"
"ENSG00000172572",21.297492285707,1.58321354844921,0.435621876153378,3.63437567100459,0.000278654590984106,0.00141060912796586,"PDE3A"
"ENSG00000114270",13.4782700369136,1.07322592613207,0.295520473193682,3.6316466149832,0.00028161858740237,0.00142369633373183,"COL7A1"
"ENSG00000054793",115.351599720559,1.09232867673447,0.300779764159086,3.63165613813277,0.000281608193246661,0.00142369633373183,"ATP9A"
"ENSG00000242689",5.62924268645709,1.08448931076298,0.298823618143956,3.62919543474818,0.000284305944458914,0.00143535174108239,"CNTF"
"ENSG00000178965",6.32672978571066,1.97120456261631,0.543639156167976,3.62594294441741,0.00028790892392202,0.00145120303943102,"ERICH3"
"ENSG00000212864",4.66637657296559,1.78014863963353,0.491480533706337,3.6220125061905,0.000292319985527143,0.00147185814303996,"RNF208"
"ENSG00000278969",6.69307022406349,1.6357934572089,0.451673604154203,3.6216273037962,0.000292755680844112,0.00147337473462701,"ENSG00000278969"
"ENSG00000232884",9.05692827305446,1.1630554331592,0.321201351657491,3.62095435513425,0.000293518300607947,0.00147630986840433,"LOC105372738"
"ENSG00000243746",16.6762485004193,-1.1257345802781,0.311181239403578,-3.61761712382059,0.000297327794806937,0.00149347226915852,"EEF1A1P10"
"ENSG00000169291",8.78023898695717,1.56052010910307,0.431491744723295,3.6165700229185,0.000298532586663552,0.00149872288967098,"SHE"
"ENSG00000165646",36.5934075525526,1.01100326979224,0.279749136656302,3.61396386017929,0.000301551112979835,0.00151185775395278,"SLC18A2"
"ENSG00000259883",7.6307900785207,1.15304731942062,0.319137946415241,3.61300601314376,0.000302667681888809,0.00151664669389018,"EHD4-AS1"
"ENSG00000279762",13.9642448925684,1.11252076477834,0.307945851221562,3.61271554841601,0.000303007042946615,0.00151753807067002,"ENSG00000279762"
"ENSG00000285517",4.99141050172001,1.78841559881481,0.495231827699704,3.61126950810451,0.000304701816211885,0.00152521313915275,"LOC645485"
"ENSG00000166831",55.4267367050095,1.87241704680947,0.518509679124429,3.61115157960269,0.000304840420310983,0.00152550067629532,"RBPMS2"
"ENSG00000274618",5.77285092949497,1.21802374668368,0.337307530271426,3.61101854353372,0.000304996851552333,0.00152587724827726,"H4C6"
"ENSG00000248373",4.27087133114208,1.5351719795347,0.42527524571075,3.60983150328681,0.000306395971219349,0.00153246904604547,"ENSG00000248373"
"ENSG00000187608",2411.49271188723,1.23905232013819,0.343746163358665,3.60455607135128,0.000312686938911398,0.00156102621614306,"ISG15"
"ENSG00000134323",4.28294859125173,2.12709817307628,0.590213768897539,3.60394535872908,0.000313422974898226,0.00156304012634307,"MYCN"
"ENSG00000112212",2.77788485952033,3.32302495007782,0.922126157467029,3.60365544689218,0.000313772946552258,0.00156398255210747,"TSPO2"
"ENSG00000164692",10.0288271797366,2.48253352577453,0.689122885690948,3.60245404313546,0.000315227143132427,0.00157035205243966,"COL1A2"
"ENSG00000103569",1327.34957547413,1.13667135313239,0.315631503833161,3.60126077190706,0.00031667773943029,0.0015759266058596,"AQP9"
"ENSG00000261061",5.97212894417069,1.1078967349825,0.307676428993103,3.60085021334973,0.000317178276793329,0.00157758213564631,"ENSG00000261061"
"ENSG00000007372",3.18849068814251,1.9734073454251,0.548330394814777,3.59893845770069,0.000319518785125864,0.00158754297785507,"PAX6"
"ENSG00000233483",9.83383681302346,-1.47062426441041,0.408960120185835,-3.5960089794138,0.0003231366497418,0.00160339927891945,"ENSG00000233483"
"ENSG00000151726",3219.25884274628,1.09214087617473,0.304106379221131,3.59131195791385,0.000329017525451304,0.00162742458115335,"ACSL1"
"ENSG00000204099",20.0976490263183,1.68712474552543,0.469913963621565,3.59028434167605,0.000330317429640569,0.00163299484679751,"NEU4"
"ENSG00000068615",5.71624978814385,1.8378929594611,0.51200483324943,3.58960080083023,0.000331184748549472,0.00163685209932576,"REEP1"
"ENSG00000130768",9.24283982557838,1.16691744998097,0.325584077661379,3.58407406886343,0.000338276088482087,0.00166795313722699,"SMPDL3B"
"ENSG00000181016",24.2021085960724,1.22462540597935,0.341792809551087,3.58294666171528,0.000339739999628613,0.00167429287703708,"LSMEM1"
"ENSG00000230006",83.0196066504563,1.01803822394233,0.284436804785629,3.57913676013056,0.000344731040940876,0.00169400382889535,"ENSG00000230006"
"ENSG00000158786",2.6974499438492,2.80966218937792,0.785217788725322,3.57819477566723,0.000345975590327411,0.00169878714623668,"PLA2G2F"
"ENSG00000133800",7.51680690955022,1.83089315673692,0.512022590811616,3.57580542263719,0.000349151278982162,0.00171303770288403,"LYVE1"
"ENSG00000134326",1219.63970488587,1.52570833835874,0.426693801504321,3.57565151633281,0.000349356767652108,0.00171359859206394,"CMPK2"
"ENSG00000242779",34.8508825089252,-1.27494806608684,0.356710087416095,-3.57418562318266,0.000351319638866025,0.00172187846991546,"ENSG00000242779"
"ENSG00000204710",13.4061134695345,2.7212602584827,0.761700478606948,3.57261198451593,0.000353438261538914,0.00173045729718297,"SPDYC"
"ENSG00000204020",225.214966516785,-1.01545407332341,0.28452000327435,-3.56900766778162,0.000358335938972738,0.00175169890999521,"LIPN"
"ENSG00000213492",7.05824639765333,1.22510534514347,0.343306243413527,3.56854956368441,0.000358962953725623,0.0017538517489542,"ENSG00000213492"
"ENSG00000236700",6.1058279282719,1.71425948567341,0.48054759231297,3.5673042859758,0.000360672575186253,0.00176037437631805,"LINC01010"
"ENSG00000004809",115.170195264384,1.45629920575718,0.408547498585499,3.56457746234962,0.000364442812027137,0.00177600909900494,"SLC22A16"
"ENSG00000287408",5.8078269511014,1.38247898870375,0.387965970847802,3.56340270174389,0.000366078422861872,0.00178305520500434,"ENSG00000287408"
"ENSG00000282572",19.1806042909127,1.21260634123363,0.340446444739603,3.56181232017599,0.000368303636631478,0.00179250003990815,"FAM157D"
"ENSG00000282651",329.722504707405,4.7240560934178,1.32660848758289,3.56100246428027,0.000369441615748854,0.00179664284854216,"ENSG00000282651"
"ENSG00000144681",9.86539052968973,1.29730313480894,0.364457417337887,3.55954652887806,0.000371495712664474,0.00180523097601899,"STAC"
"ENSG00000236324",3.92163011150783,1.69554335840515,0.476370663738157,3.5592942376005,0.000371852739699865,0.00180649886156595,"SNX9-AS1"
"ENSG00000196167",3.68456873576695,2.00749700893495,0.564612056118326,3.55553337407701,0.000377213055513028,0.00182828689825242,"COLCA1"
"ENSG00000259820",18.3753613506109,-2.00702102107343,0.564790605963806,-3.55356657826926,0.000380044986368549,0.00184109072999839,"ENSG00000259820"
"ENSG00000282828",3.11927905316951,2.08045434125385,0.585611566475525,3.55261825475027,0.000381417538575607,0.00184580948894622,"ENSG00000282828"
"ENSG00000157554",14.1378912681002,1.46171486491308,0.411838126178354,3.54924610423284,0.000386335826227685,0.00186367304957165,"ERG"
"ENSG00000198948",225.728174380263,1.08353802358809,0.305331745765374,3.5487237688698,0.000387102933658457,0.00186659485403909,"MFAP3L"
"ENSG00000036565",7.49124710084294,-1.5701236206165,0.442633748191302,-3.5472297967165,0.000389304862727897,0.00187624979482912,"SLC18A1"
"ENSG00000232044",3.17928975341416,2.44595658886522,0.69008421814341,3.54443200490192,0.000393459976378579,0.00189190936710457,"ENSG00000232044"
"ENSG00000198400",14.0826696926381,1.03030008727381,0.290920256082286,3.54152062544036,0.000397827754462199,0.00191095590924393,"NTRK1"
"ENSG00000235513",11.7824097271751,1.09503587470403,0.30939919062805,3.53923315856521,0.00040129124604974,0.00192660798486613,"ENSG00000235513"
"ENSG00000156395",18.8594357578551,-1.22758582435823,0.347090953803704,-3.53678426621424,0.000405030364220928,0.00194208393288558,"SORCS3"
"ENSG00000114654",9.89277722197703,1.10626004457287,0.312954245685493,3.53489386970841,0.000407938968335126,0.00195403181672452,"EFCC1"
"ENSG00000001617",4.89290712692169,2.15078890448887,0.608464067443573,3.53478376056829,0.000408108984456562,0.00195434814569313,"SEMA3F"
"ENSG00000277450",9.29635132388784,-1.03723417443728,0.293515779955933,-3.53382763472888,0.00040958809398751,0.00196043234392392,"ENSG00000277450"
"ENSG00000083067",4.38486267577824,2.14897922993712,0.608598805125065,3.5310276849714,0.000413948418843833,0.00197875709189714,"TRPM3"
"ENSG00000073150",6.57483567047498,1.01517478268316,0.287607415332203,3.52972395204267,0.000415993463572636,0.0019870427296852,"PANX2"
"ENSG00000262454",3.46384329489934,1.92949853158319,0.546800519644257,3.52870647021057,0.000417596044164691,0.00199317807164031,"MIR193BHG"
"ENSG00000261804",18.5561697465238,-1.06258732043193,0.301163567747838,-3.52827311875131,0.000418280341814854,0.00199593737109723,"ENSG00000261804"
"ENSG00000261026",12.8283354775292,1.83952015422639,0.521527179005958,3.52717984464886,0.000420011367975563,0.0020031803279545,"ENSG00000261026"
"ENSG00000235411",5.0099392058285,1.2894058708363,0.365730524030691,3.52556263728235,0.00042258423003686,0.00201340765216041,"ENSG00000235411"
"ENSG00000183785",7.32938511237706,1.29000528727054,0.365979488807066,3.52480214526612,0.000423799199678823,0.0020186846825046,"TUBA8"
"ENSG00000196433",4.07010737032506,1.56228195275167,0.443620163867349,3.52166578527937,0.000428844426965993,0.00204064806310198,"ASMT"
"ENSG00000168477",14.1611176610089,1.05247857522377,0.299131098306389,3.51845254867401,0.000434071436243387,0.00206030472616937,"TNXB"
"ENSG00000108679",1801.39441134826,1.07813354154913,0.306422451333093,3.51845478964971,0.000434067770184663,0.00206030472616937,"LGALS3BP"
"ENSG00000164112",8.87273683637322,1.50147763515692,0.427668032556898,3.51084841712399,0.000446679026000192,0.0021126771446149,"SMIM43"
"ENSG00000100558",20.261279071262,1.22739064278104,0.349995668801264,3.50687380499552,0.000453404116546583,0.00214017673897779,"PLEK2"
"ENSG00000253755",317.656286171859,2.55105776009703,0.72818944325046,3.50328857928746,0.000459551301955407,0.00216460851776047,"ENSG00000253755"
"ENSG00000254681",19.1786349797922,-2.91500903968424,0.83218741776553,-3.50282758120905,0.000460347342359945,0.00216696434936076,"PKD1P5"
"ENSG00000257495",14.3101987602319,-1.22139273223581,0.349056456951253,-3.4991265966078,0.000466784898295679,0.00219397072977384,"KRT73-AS1"
"ENSG00000167767",16.3828585143682,1.57428724369679,0.450276168676527,3.49627040739022,0.000471810316294493,0.00221371610211465,"KRT80"
"ENSG00000286907",12.8790061035867,1.14147457429665,0.326572056412045,3.49532224783012,0.000473489715117673,0.00222086533568208,"ENSG00000286907"
"ENSG00000163531",6.92172634921483,1.37623721327449,0.39409345768642,3.49215950285976,0.000479132040356757,0.00224470733562951,"NFASC"
"ENSG00000133116",12.9465295702546,-1.40774482715995,0.403297007582916,-3.49059080700103,0.00048195379653218,0.002255116644167,"KL"
"ENSG00000229961",8.45247181298613,-1.20477294246613,0.345449407198416,-3.48755249643298,0.000487463216537759,0.00227862686347767,"ENSG00000229961"
"ENSG00000287403",6.38142211657299,-1.96051219177534,0.562244526317106,-3.4869386895011,0.000488583350564895,0.00228216020308593,"LOC124904076"
"ENSG00000279141",15.6815067688349,-1.03737682352159,0.297622918948539,-3.48554078827833,0.000491143339819898,0.00229297819554267,"LINC01451"
"ENSG00000279841",59.0850344537675,1.18858655264234,0.341056493321316,3.48501370276668,0.000492111839461563,0.00229635902048648,"ENSG00000279841"
"ENSG00000112038",4.57932507925031,1.64060072928476,0.470791412751318,3.48477199211651,0.00049255656895825,0.00229729361541917,"OPRM1"
"ENSG00000157542",4.26003084716542,2.14861348858009,0.617707459802232,3.47836739622346,0.000504477967798849,0.00234532967666267,"KCNJ6"
"ENSG00000229848",3.80623444595602,1.49805590076184,0.43069432255901,3.4782346139624,0.000504727948981399,0.00234591160461285,"ENSG00000229848"
"ENSG00000275481",8.80609360662375,-1.14016976284036,0.328092184724188,-3.47515063121314,0.000510566568506631,0.0023695331411483,"ENSG00000275481"
"ENSG00000145780",503.874326014529,-1.10621127004684,0.318331894511972,-3.47502493189617,0.000510805873550107,0.00237005855325792,"FEM1C"
"ENSG00000145632",549.429279960435,-1.35609039557664,0.390257664421401,-3.47485909748164,0.000511121747336605,0.00237093888522676,"PLK2"
"ENSG00000263155",28.4941696964305,1.54596781904002,0.446611480277084,3.46154966298869,0.000537075018457184,0.00247784214850648,"MYZAP"
"ENSG00000154764",85.4728672045871,-1.04356804235519,0.301836121477464,-3.45739945652299,0.000545415723637035,0.0025120396818137,"WNT7A"
"ENSG00000134962",6.72958196165745,1.12430426963348,0.325663502328465,3.45234962344507,0.000555727140262912,0.00255575052313319,"KLB"
"ENSG00000179528",5.71164788937408,1.03024684236363,0.298674177228385,3.44940045344409,0.00056183283799262,0.00258006597188108,"LBX2"
"ENSG00000050820",3.52981898251254,1.89079514136008,0.548447436067712,3.44754121728932,0.000565714081825841,0.00259471983455308,"BCAR1"
"ENSG00000248538",8.17240753359192,1.42281787719848,0.413009094243649,3.44500374696135,0.000571051475643657,0.0026155697559093,"LOC157273"
"ENSG00000226674",8.56090647608731,1.17670733297103,0.341760455520959,3.44307632425562,0.000575136972902927,0.00263023711500813,"TEX41"
"ENSG00000135472",4.19445578767531,1.46240477534878,0.424763676796189,3.44286683451624,0.000575582657740219,0.00263163503645953,"FAIM2"
"ENSG00000260135",11.9877262041808,-2.03901374861835,0.593161056284441,-3.43753813069038,0.00058702806124514,0.00267485562161543,"LOC105371279"
"ENSG00000143921",4.61566374222947,1.86804756756008,0.543609522155106,3.4363775677702,0.000589548744677043,0.00268438910003627,"ABCG8"
"ENSG00000164070",4.76623233953612,1.5637638947245,0.45551366043254,3.43296816442256,0.000597012193467593,0.00271377054133419,"HSPA4L"
"ENSG00000171914",15.2885050956876,1.05629631031968,0.30779972910016,3.43176491222953,0.000599667134917797,0.00272320451024762,"TLN2"
"ENSG00000116016",16.8746301764258,1.04512321937575,0.305609050717419,3.41980454087441,0.000626661448014067,0.00282938471700034,"EPAS1"
"ENSG00000039139",4.06015983885054,2.02356179058494,0.591882389858964,3.4188579103817,0.000628845550234731,0.00283788258396447,"DNAH5"
"ENSG00000185972",12.5847962444388,1.12935618935251,0.330616550406693,3.41590942124126,0.000635693882229,0.00286603555058198,"CCIN"
"ENSG00000164946",7.72283512546095,1.93829801751277,0.568803714720742,3.40767468170349,0.000655189568476377,0.00293912723844439,"FREM1"
"ENSG00000233237",3.2929696131843,2.07816486052067,0.610452879207388,3.40430020285752,0.000663338074690929,0.00297001011240846,"LINC00472"
"ENSG00000278493",9.5647814259981,1.03203044838891,0.303207231923128,3.4037131695149,0.000664765196449251,0.00297569102940227,"ENSG00000278493"
"ENSG00000114805",12.4419001813286,1.3954791038686,0.410021429224649,3.40342968538853,0.000665455389167813,0.00297807130828529,"PLCH1"
"ENSG00000284633",7.62079646643433,1.31257620976104,0.385692603227479,3.40316666375602,0.000666096358111513,0.0029802302182966,"ENSG00000284633"
"ENSG00000005513",26.6565319687539,-1.0948017555232,0.321826964287601,-3.40183352239195,0.000669353986208826,0.00299409269985271,"SOX8"
"ENSG00000255559",11.4683858422878,-1.04412413636806,0.306966013107626,-3.40143237942756,0.000670337103580266,0.00299635105800111,"ZNF252P-AS1"
"ENSG00000255248",3.92541918346707,1.74103365625158,0.512173778644405,3.39930259776214,0.000675579275305535,0.00301645157570357,"MIR100HG"
"ENSG00000230530",8.44351674899171,-1.04550313261546,0.3077118296854,-3.39766961083155,0.000679624438961868,0.00303136924788397,"ENSG00000230530"
"ENSG00000010030",120.911767372602,1.48723246368674,0.437940645421956,3.39596810488735,0.000683863279311914,0.00304594649240444,"ETV7"
"ENSG00000135931",20.1016718708279,1.16633511347377,0.343489701389042,3.39554609281504,0.000684918404592562,0.00304992331976351,"ARMC9"
"ENSG00000185585",7.923130108683,1.85000992679194,0.544996385262615,3.39453614155713,0.000687449657372703,0.00305974514799368,"OLFML2A"
"ENSG00000105737",3.81600345683175,1.84222263722906,0.543364281294585,3.3904006955332,0.000697905339945426,0.00310114155310029,"GRIK5"
"ENSG00000183722",29.1553680078302,1.31836148099284,0.389370716415234,3.38587732824496,0.000709510926367126,0.0031417614478397,"LHFPL6"
"ENSG00000175161",8.64984308030288,1.44196708407453,0.426209415891839,3.38323610485523,0.000716370169441222,0.00316746499760461,"CADM2"
"ENSG00000259345",8.20113026379532,1.14332440018618,0.337936788976773,3.3832492864953,0.000716335784341761,0.00316746499760461,"LOC105370777"
"ENSG00000165309",11.2013091594484,1.26168033840603,0.372985699821037,3.38265069950779,0.00071789878165536,0.00317123983548629,"ARMC3"
"ENSG00000133328",25.8225148608397,1.40309381695166,0.415284322859835,3.3786342024407,0.000728468671644989,0.00321189236505729,"PLAAT2"
"ENSG00000257957",30.7826365393935,-1.29525710800006,0.383496219351954,-3.37749642014419,0.000731489052329892,0.00322143116860184,"QRSL1P3"
"ENSG00000169876",4.99394016020111,2.089245043474,0.618612637907089,3.37730740604072,0.000731991938445615,0.00322289071797231,"MUC17"
"ENSG00000145934",3.44930627296353,1.84309567201846,0.546459389493126,3.37279532103574,0.000744092431999662,0.00326921996067237,"TENM2"
"ENSG00000258511",29.9593552142294,-1.19368277946514,0.353921238323051,-3.37273565474918,0.000744253682257772,0.00326921996067237,"ENSG00000258511"
"ENSG00000166840",5.11900069282592,1.36450040811507,0.404977408102475,3.36932475939447,0.000753525889396148,0.00330300200958256,"GLYATL1"
"ENSG00000099377",20.8895255742452,1.07615947385471,0.319405340235991,3.36925949033788,0.000753704358817104,0.00330301401919475,"HSD3B7"
"ENSG00000144331",2.61451307665626,3.32103811260742,0.98629977986206,3.36716907010958,0.000759441133801854,0.00332505370392258,"ZNF385B"
"ENSG00000220517",29.0267889727025,1.04679332366541,0.311491650537522,3.36058228802929,0.00077778357760632,0.00339407143611822,"ASS1P1"
"ENSG00000137225",9.45437855438942,1.56785970430086,0.466550459061721,3.36053619463579,0.000777913372355676,0.00339407143611822,"CAPN11"
"ENSG00000183166",4.94997104447096,1.71466460140224,0.510489989268618,3.35886038403779,0.000782645977492473,0.00341313545080012,"CALN1"
"ENSG00000234042",5.92552579902953,1.72419631858146,0.513882652457212,3.35523355446411,0.000792980047962189,0.00345339503741828,"ENSG00000234042"
"ENSG00000204872",24.0502518549855,1.56443113390185,0.466294277657867,3.35502966444233,0.000793564743126794,0.00345514081811703,"ENSG00000204872"
"ENSG00000143365",70.4758862881725,-1.11812985064827,0.333427775715918,-3.35343943151552,0.000798138801261718,0.00347183913643028,"RORC"
"ENSG00000189221",10.6880256087822,1.71526384723306,0.5115338487941,3.35317760745775,0.000798894239240266,0.00347288238982137,"MAOA"
"ENSG00000118473",4.42889550596394,1.64161922417717,0.489671664756558,3.35248972389143,0.000800882144881728,0.00347894171370394,"SGIP1"
"ENSG00000007038",46.2354439111701,-1.81742036269889,0.542245799095838,-3.35165411281993,0.000803303141186452,0.00348623547488814,"PRSS21"
"ENSG00000153495",5.13551087025626,1.22399719602871,0.365512470903042,3.34871527913857,0.000811871803684502,0.00352235993326435,"TEX29"
"ENSG00000145708",15.3520300324447,1.50725294835788,0.450332514127341,3.34697784653335,0.000816977390608787,0.00354230842765462,"CRHBP"
"ENSG00000156959",16.1175727449362,1.02657733255783,0.307168472196416,3.34206608255483,0.000831572605377429,0.00359812124555114,"LHFPL4"
"ENSG00000101333",5.43631182154415,1.27907470326497,0.382715725684673,3.34210124492984,0.000831467266881224,0.00359812124555114,"PLCB4"
"ENSG00000183542",7.52056370237708,-1.15407553364248,0.345380241653887,-3.34146368106083,0.000833379187436659,0.00360427869467544,"KLRC4"
"ENSG00000284977",8.19769396227146,1.18450424806139,0.354626648933662,3.34014449174397,0.000837348115644033,0.00361886870196502,"LOC105376244"
"ENSG00000122025",492.15462010328,1.32864843767998,0.398209292350834,3.33655809445402,0.000848226990729805,0.00365839250063272,"FLT3"
"ENSG00000188039",4.47420549692011,1.58299046293895,0.474886692679799,3.33340665750411,0.000857894521374472,0.00369330861744264,"NWD1"
"ENSG00000118298",9.45773626453632,1.0623988503168,0.318761997757839,3.33289055091157,0.00085948746281464,0.00369601618120541,"CA14"
"ENSG00000165124",4.74859405997291,1.86926186027494,0.560927984523849,3.33244536170127,0.000860863723620669,0.0037010051576336,"SVEP1"
"ENSG00000229344",6.24133281086834,1.74111106893672,0.522683371251972,3.33110093930533,0.000865032293403502,0.00371637645412851,"MTCO2P12"
"ENSG00000112149",5083.79445368916,-1.57053092754705,0.471926180818658,-3.32791650766785,0.000874980853643556,0.00375311276245648,"CD83"
"ENSG00000120903",23.4684169972874,1.76981131873791,0.532006478372072,3.32667249495438,0.00087889603808805,0.0037673272364659,"CHRNA2"
"ENSG00000188013",7.25712806132918,1.3626940795039,0.409813956393496,3.32515293401933,0.00088370046918272,0.00378446890379549,"MEIS3P2"
"ENSG00000116285",36.1712603153579,-1.46130043689007,0.439619603666486,-3.32401108754621,0.0008873266804116,0.00379653819372102,"ERRFI1"
"ENSG00000256658",7.98923500069801,-1.00153974936867,0.301821372794903,-3.31831950830482,0.000905608292538067,0.00386069708925959,"ENSG00000256658"
"ENSG00000166922",4.62287758694198,1.23966556865527,0.37379443185188,3.31643669092028,0.000911732417850579,0.00388515198369377,"SCG5"
"ENSG00000196296",8.26515717598815,1.23551831315368,0.372544800807637,3.31642881735354,0.000911758108112003,0.00388515198369377,"ATP2A1"
"ENSG00000177575",3865.18274892366,1.42586651022087,0.430096465148159,3.31522489897631,0.00091569421527373,0.00389750644707542,"CD163"
"ENSG00000240405",3.41442795227135,2.24607450690234,0.677533435195155,3.31507552281222,0.000916183684303553,0.00389870693460937,"SAMMSON"
"ENSG00000113924",32.028750441319,1.05815614694761,0.319654264154076,3.31031450416557,0.00093191197218449,0.00395489217186265,"HGD"
"ENSG00000008516",83.6164904528374,1.00285350143609,0.303164488569926,3.30795175307869,0.000939809990361213,0.00398075389001449,"MMP25"
"ENSG00000204740",5.953275796002,1.47035916457851,0.444596812560499,3.30717432747772,0.000942422235908462,0.00398958746534582,"MALRD1"
"ENSG00000211887",4.48599719575014,-1.25787018847884,0.380395702266909,-3.30674132484346,0.000943880092843565,0.0039948593166151,"TRAJ2"
"ENSG00000102554",188.340157191226,1.16767457778227,0.353189818589039,3.30608221507352,0.000946103230422635,0.00400336702364337,"KLF5"
"ENSG00000253818",31.6168213881523,2.24365619276394,0.678663038292326,3.30599438332387,0.000946399847605336,0.00400372080476928,"IGLV1-41"
"ENSG00000110203",678.360937676244,1.55729232638379,0.47120653201136,3.30490394463853,0.000950089555926465,0.00401390948374777,"FOLR3"
"ENSG00000251396",4.52071021849042,1.32319254803046,0.400499845149095,3.30385283304633,0.000953658801958758,0.0040275065320338,"ENSG00000251396"
"ENSG00000249741",11.6905377825742,-1.0653885182158,0.322551076316349,-3.30300717140033,0.000956539415731336,0.0040375286005134,"ENSG00000249741"
"ENSG00000276758",94.8996102144152,1.54049333513498,0.4668182989525,3.29998489474751,0.000966900325742111,0.00407485617099747,"ENSG00000276758"
"ENSG00000224565",5.91939259396149,1.39314228284683,0.422390392989874,3.29823382815487,0.000972950753561596,0.00409301306265527,"ENSG00000224565"
"ENSG00000137878",44.3939486395392,1.49725085980112,0.454708951766975,3.29276750321911,0.000992064741434218,0.00416224305357088,"GCOM1"
"ENSG00000254092",5.54740991790149,1.30422449148565,0.396163085098528,3.29214038496617,0.000994279664003935,0.00416967437854038,"ENSG00000254092"
"ENSG00000110237",20.2066699056337,1.03762283508803,0.31524102639067,3.29152219483681,0.000996467533519171,0.00417698567351167,"ARHGEF17"
"ENSG00000124334",9.24790671981321,-1.15456352247353,0.350898802752225,-3.2903033963578,0.00100079410983832,0.00419325146868505,"IL9R"
"ENSG00000260293",4.19692374445449,1.19784475063988,0.36458062896084,3.28554140151132,0.00101786582501755,0.00426193050724655,"ENSG00000260293"
"ENSG00000254441",6.00381866588548,-1.64634417227479,0.501184166210998,-3.28490858903487,0.00102015463336192,0.00426712943237182,"ENSG00000254441"
"ENSG00000147862",11.1569318479984,1.44025434401053,0.438517819762476,3.28436902470839,0.00102210993550696,0.00427398850896303,"NFIB"
"ENSG00000114315",52.5334002002654,-1.52429375165345,0.464415806660043,-3.28217457242846,0.00103009810410418,0.00430164940340863,"HES1"
"ENSG00000060566",4.47774604827286,1.98938429487036,0.606451878864537,3.28036628164974,0.00103672395981428,0.00432643506853224,"CREB3L3"
"ENSG00000183780",19.5989294647966,-1.16610991928446,0.355723691783742,-3.27813397369489,0.00104495787200588,0.00435210019105306,"SLC35F3"
"ENSG00000099834",7.96275602462759,1.19301060836343,0.363970479002711,3.27776750365114,0.0010463153722617,0.00435678859925364,"CDHR5"
"ENSG00000279041",5.16991277941184,1.26818411423324,0.387183926504557,3.27540485908655,0.00105510646709815,0.00438950446117238,"ENSG00000279041"
"ENSG00000279249",3.22563547957646,2.00699076633643,0.612841921922696,3.27489144352235,0.00105702583637724,0.00439554372135988,"SYNAGE"
"ENSG00000287935",6.93780594149683,1.45707033772024,0.444978646208494,3.27447249465885,0.0010585944412174,0.00440109292570722,"LOC124902606"
"ENSG00000197256",36.1757651672356,1.12454509229796,0.343879038539422,3.2701763302419,0.00107480463825015,0.00445372299200649,"KANK2"
"ENSG00000267317",10.4450508383399,-1.06573768190337,0.326048317567124,-3.26864953592029,0.00108062059164346,0.00447207520814463,"ENSG00000267317"
"ENSG00000198756",43.5583164317447,-1.07223711274469,0.328450894559644,-3.2645279111882,0.00109646659421871,0.00453048716309847,"COLGALT2"
"ENSG00000151704",10.4430272887075,1.11409009766044,0.341343459639698,3.26383900496118,0.00109913603011668,0.00453952116503476,"KCNJ1"
"ENSG00000184144",5.24867161575753,1.61241440641729,0.494642538256216,3.25975685815782,0.00111507760984892,0.00459637642358248,"CNTN2"
"ENSG00000102174",25.2893210763787,-1.37491238849023,0.42188519159321,-3.25897285775307,0.001118163650084,0.00460697149648813,"PHEX"
"ENSG00000212993",7.70893703098118,-1.16855784771524,0.359082128588263,-3.25429130185186,0.00113675649749307,0.00467128883403582,"POU5F1B"
"ENSG00000243323",4.90813135249477,1.29173881702014,0.396971526057975,3.2539835535496,0.00113798867844938,0.00467533009839008,"ENSG00000243323"
"ENSG00000178053",40.8858438494324,-1.07393445764152,0.330354803029127,-3.25085165341712,0.00115059877237772,0.0047230081951543,"MLF1"
"ENSG00000273415",7.80512360151852,-1.03731849889672,0.319256667928071,-3.24916784237825,0.00115743163065808,0.00474794520511769,"LINC02725"
"ENSG00000189127",14.3162065475451,1.82121743812737,0.560948727861404,3.24667362215205,0.00116762205007241,0.00478452671749749,"ANKRD34B"
"ENSG00000229990",3.86540648785744,-1.28802475468818,0.39740356325057,-3.24110016566725,0.00119069337674191,0.00487057077458997,"ENSG00000229990"
"ENSG00000130844",2730.89628608992,-1.6439267672254,0.507297850919079,-3.2405553547035,0.00119297107491155,0.00487776469959482,"ZNF331"
"ENSG00000164066",7.0517360895184,1.21964648722135,0.376682857145024,3.23786034879677,0.00120429744271801,0.00491872549615987,"INTU"
"ENSG00000255200",9.90319030608724,1.33355926395417,0.412173656689248,3.23543060627861,0.00121459405128591,0.00495745081902966,"ENSG00000255200"
"ENSG00000249790",24.0670228497659,1.48366434679955,0.459393184318302,3.22961767271574,0.00123955859167164,0.00504629484276804,"ENSG00000249790"
"ENSG00000186417",4.53654802835489,1.4737531018908,0.456687153934205,3.22705179945379,0.0012507281581447,0.0050840584905899,"GLDN"
"ENSG00000135324",2.75385206532273,2.61354577706054,0.810745160159756,3.22363413991339,0.00126575000860319,0.00513512565545124,"MRAP2"
"ENSG00000187730",3.20503745247888,1.84332921749047,0.572186956000483,3.22155057566345,0.00127498957428697,0.00516926316615572,"GABRD"
"ENSG00000255769",8.73389883442277,-1.00134003992424,0.310856492883262,-3.22122929019945,0.00127641984274793,0.00517171531888126,"ENSG00000255769"
"ENSG00000237222",2.54759668960592,2.28345033630292,0.70889301644468,3.22114943063643,0.00127677558380942,0.00517204178303489,"LINC01968"
"ENSG00000132530",1329.78467755139,1.05917461368627,0.32899135339773,3.21946033762714,0.00128432126197414,0.00519253655411183,"XAF1"
"ENSG00000106341",49.9405348497213,-1.99191112825469,0.618763129816493,-3.21918199755281,0.00128556863273225,0.00519534466154276,"PPP1R17"
"ENSG00000214719",5.23196383038751,1.03580442647079,0.321864984979312,3.2181333006365,0.00129027837970625,0.00521101685108694,"ENSG00000214719"
"ENSG00000132793",4.9091717074494,1.26516706195954,0.393340989628975,3.21646381973292,0.00129780896480786,0.00523805396232093,"LPIN3"
"ENSG00000136634",51.5278568676603,1.13090515375603,0.351930520803085,3.21343301278721,0.00131158388749866,0.00528457250791528,"IL10"
"ENSG00000117215",11.0492182500502,1.13099047416415,0.352143763267062,3.21172939049448,0.00131938590855224,0.00530804313723199,"PLA2G2D"
"ENSG00000151276",4.87230944765175,1.65635067374851,0.515733515615142,3.21164055388739,0.00131979392298825,0.00530854837930389,"MAGI1"
"ENSG00000204314",8.87585199570758,-1.18048103037666,0.367580653114711,-3.2114884730026,0.00132049268005606,0.00531022259613472,"PRRT1"
"ENSG00000115009",90.0433429618276,-2.38599102322796,0.743966532258445,-3.2071214493814,0.00134070381793398,0.00537654554339389,"CCL20"
"ENSG00000179855",63.0687556251078,1.07449026783064,0.335276611318231,3.20478742494441,0.00135162264015826,0.0054110967293748,"GIPC3"
"ENSG00000240093",2.44898780107212,2.52514339062252,0.788131580273528,3.20396169094778,0.00135550511750197,0.00542317458249619,"ENSG00000240093"
"ENSG00000163359",44.3170900048426,1.17005921901219,0.365353935786868,3.20253623788727,0.00136223160067099,0.00544197771864226,"COL6A3"
"ENSG00000234292",5.18206822867461,1.48069000873362,0.462465223801747,3.20173265475281,0.00136603713738168,0.00545370306589339,"ENSG00000234292"
"ENSG00000117114",2.88750332440197,2.20886087010743,0.691482425337696,3.19438468595742,0.00140129254681425,0.00558259743745667,"ADGRL2"
"ENSG00000185633",5.04684308870781,1.27909880203893,0.402201597199759,3.18024297005375,0.00147151615332795,0.00582041616539398,"COXFA4L2"
"ENSG00000261326",15.6755209629201,-1.20174277749621,0.377969079244564,-3.17947378102489,0.00147542716460151,0.00583343058179427,"ENSG00000261326"
"ENSG00000287097",16.0543192328181,1.39810571861224,0.439819036526882,3.17882038406673,0.00147875694237431,0.00584536603341063,"LOC107986639"
"ENSG00000175874",4.78117956893699,1.04656139576363,0.329475810899972,3.1764437969055,0.0014909267574132,0.00589099418380039,"CREG2"
"ENSG00000174233",16.2883581058487,1.22509876060175,0.385761754197758,3.17579113862519,0.00149428494496423,0.00590302224160311,"ADCY6"
"ENSG00000180044",4.34676144873153,1.88849785290052,0.594759319513199,3.17523036788432,0.00149717589926302,0.00591319987445843,"C3orf80"
"ENSG00000156463",18.0924858914148,1.26498208774656,0.398589979992472,3.17364246780727,0.00150539001439152,0.00593940191236419,"SH3RF2"
"ENSG00000179869",7.35761681410051,1.30081634588521,0.410146609345392,3.17158868620506,0.00151607568338873,0.0059752901121775,"ABCA13"
"ENSG00000117318",154.095066707102,-1.00038384402756,0.315458403397956,-3.17120683187366,0.00151807012882287,0.0059818964656928,"ID3"
"ENSG00000287458",13.7991740968254,1.29643590736158,0.408896942175269,3.1705688491206,0.00152140773955907,0.0059925355978106,"ENSG00000287458"
"ENSG00000130037",9.09413233568825,-1.20559057410658,0.380574343526033,-3.16781883649,0.00153587195175365,0.00604191067500241,"KCNA5"
"ENSG00000173276",506.762590135695,-1.00182138033605,0.316445114433275,-3.16586142317358,0.00154624437868655,0.00607508556475593,"ZBTB21"
"ENSG00000012171",4.69449840919516,1.20810339019251,0.382260927675051,3.16041557671175,0.00157544253801533,0.00617302854795415,"SEMA3B"
"ENSG00000091129",33.3940100802113,-1.66381181944376,0.526559745311821,-3.15977784906151,0.00157889474762963,0.00618397701113703,"NRCAM"
"ENSG00000116032",7.37167390471077,1.33302097757456,0.421885477675002,3.15967495473131,0.00157945239733887,0.00618487234591281,"GRIN3B"
"ENSG00000138759",5.75640655691775,2.04387834591082,0.646891244823759,3.15953935420421,0.00158018757964986,0.00618517404146162,"FRAS1"
"ENSG00000122778",6.31127437348351,1.72663211339879,0.54673543713601,3.15807609333591,0.00158814097579968,0.00621371727334114,"KIAA1549"
"ENSG00000151468",7.70554673213393,2.08456550174394,0.660461390957459,3.15622613264642,0.00159824898419317,0.00625066331812209,"CCDC3"
"ENSG00000230731",4.16985626517992,1.59672713316056,0.50638036863945,3.15321689395399,0.00161481776932747,0.00630234941700147,"ENSG00000230731"
"ENSG00000196208",5.15146897522268,1.29733151216986,0.411554946612327,3.15226805764021,0.00162007472833573,0.00631761921033163,"GREB1"
"ENSG00000105877",8.09264382962065,1.05609739929114,0.335075138393206,3.15182261613161,0.00162254809380845,0.00632463997744166,"DNAH11"
"ENSG00000283444",4.91800951995192,1.18635432618208,0.377034226871751,3.14654278478972,0.0016521308786213,0.00642263743424323,"GPR141BP"
"ENSG00000273972",6.67168210411029,1.25941751531086,0.400929281135903,3.14124603656464,0.0016823064097576,0.00652240744179123,"ENSG00000273972"
"ENSG00000139835",12.8774173470228,1.30372026111973,0.415121798928794,3.14057287399488,0.00168617751311586,0.00653202649145212,"GRTP1"
"ENSG00000120875",131.418415296184,-1.14967540015007,0.366088343160828,-3.14043159698478,0.00168699098337091,0.00653314652404896,"DUSP4"
"ENSG00000124493",4.96973969037398,1.53088516680985,0.48761048706146,3.13956571368182,0.00169198461432753,0.00655047225765197,"GRM4"
"ENSG00000117600",3.52118003180122,-1.80342577656791,0.574455556187399,-3.13936519047192,0.00169314298798273,0.0065536070020847,"PLPPR4"
"ENSG00000227811",5.97362086412475,1.51228223232084,0.481870949838557,3.1383552646772,0.00169898817970815,0.0065735244598177,"INKA2-AS1"
"ENSG00000145362",11.9636219695266,1.43779645682681,0.45836244239863,3.1368112302194,0.00170796054433308,0.0065987310156803,"ANK2"
"ENSG00000227242",11.2639347867242,-2.19603095819197,0.700507675001354,-3.13491348711879,0.00171904799861228,0.00662522579083788,"ENSG00000227242"
"ENSG00000182795",26.9106290580932,1.36270403281067,0.434778420414405,3.13424946783656,0.00172294309910166,0.00663751557505939,"C1orf116"
"ENSG00000253878",5.24344062031719,1.19973334326115,0.383142546842508,3.13129761533455,0.00174035693462113,0.00669636621149206,"ENSG00000253878"
"ENSG00000234076",22.9614724420574,1.17904998685762,0.377278523444053,3.12514472357043,0.0017771760120583,0.00681707313506987,"ENSG00000234076"
"ENSG00000158966",24.0913599672937,-1.38880720140283,0.444482789967613,-3.1245466253126,0.00178079297093932,0.00682540470672419,"CACHD1"
"ENSG00000238063",4.29648732844256,-1.40005369490591,0.44835920637198,-3.12261614127392,0.00179251366175574,0.00686053487810242,"ENSG00000238063"
"ENSG00000174807",100.771364229883,-1.18650723244947,0.380177243896289,-3.12093175354058,0.00180279808871713,0.00689568434585411,"CD248"
"ENSG00000005381",226.584766637626,1.20131132680784,0.38493594480747,3.12080839166289,0.00180355343104264,0.00689680504552913,"MPO"
"ENSG00000164237",8.61040413805732,1.24261917603543,0.398278390720057,3.11997639085785,0.00180865535630061,0.00691246158540593,"CMBL"
"ENSG00000113361",3.82501500728319,1.90331408520435,0.610149675787347,3.11942161199755,0.00181206469183382,0.00692408374623062,"CDH6"
"ENSG00000232810",827.064445446047,-1.29634342735882,0.415854373590323,-3.11730141531685,0.00182514862699071,0.00697124437978405,"TNF"
"ENSG00000106366",91.7901600792611,1.20035015246637,0.385325987309161,3.1151549389356,0.00183848312054032,0.00701789779319168,"SERPINE1"
"ENSG00000078401",8.02130238234811,1.10389909805817,0.354697000697252,3.11223127313781,0.00185678974310189,0.00707341305458922,"EDN1"
"ENSG00000138028",5.15430914666636,1.74202432033097,0.560010527182377,3.1106992382728,0.00186644935610373,0.00710702349301584,"CGREF1"
"ENSG00000115183",17.3129421122453,1.06596615615513,0.342682531203334,3.11065216079727,0.00186674691344005,0.00710702349301584,"TANC1"
"ENSG00000080031",13.3233703001653,1.55955037912359,0.501929486081337,3.10711050530088,0.00188925762253501,0.0071846849974973,"PTPRH"
"ENSG00000212232",4.83757435993112,1.37855529778689,0.444025111604393,3.1046786809101,0.00190485834459264,0.00723560881913637,"SNORD17"
"ENSG00000288595",9.15906946927876,1.59229714487718,0.513017187790646,3.10378907914285,0.00191059484220043,0.00725046247809393,"ENSG00000288595"
"ENSG00000256377",1.73521602424543,-3.20752458421756,1.03444462917444,-3.10072138590676,0.00193049841860344,0.00732008236354052,"ENSG00000256377"
"ENSG00000109099",20.4608314898834,-1.16289482791394,0.375151365762282,-3.09980166419231,0.00193650267927424,0.00733397226670132,"PMP22"
"ENSG00000007384",4.41215308598984,1.83525740024511,0.593469732597098,3.09241954465613,0.00198532041978253,0.00750222810820919,"RHBDF1"
"ENSG00000273727",10.4304588329715,-1.33983951681406,0.433745146232089,-3.08900175241876,0.0020083025445676,0.00757840887927979,"LOC124904631"
"ENSG00000204345",8.16473986316176,1.00153407081347,0.324312629090893,3.08817474552548,0.00201390011826281,0.00759648136120165,"CD300LD"
"ENSG00000180616",3.68600582121322,1.78433032309134,0.579254867811035,3.08038900015498,0.00206730395737607,0.00777451884410576,"SSTR2"
"ENSG00000232871",8.03412824081316,-1.50379040758705,0.488175347687746,-3.08043086302859,0.00206701337107309,0.00777451884410576,"ENSG00000232871"
"ENSG00000164684",4.123984163013,1.30888060366881,0.425473855852916,3.07628914365371,0.00209594486737696,0.00786491909107951,"ZNF704"
"ENSG00000205181",7.83160728077316,1.19213082603792,0.388031752733209,3.07225070536321,0.00212451208833938,0.00795781769876983,"LINC00654"
"ENSG00000275160",6.49835729947283,-1.02649105159279,0.334357130857132,-3.07004384491923,0.00214027348555818,0.00800728113745054,"RPL7AP45"
"ENSG00000187980",4.20075787269821,1.40620120252674,0.458204824139994,3.06893583053395,0.00214822728710633,0.00803543882357224,"PLA2G2C"
"ENSG00000141519",9.49886401612858,1.00038050733569,0.326363117290376,3.0652376274664,0.0021749711563477,0.00812415696635758,"CCDC40"
"ENSG00000231437",5.36336419395451,1.39806228293289,0.457129894371587,3.05834796662072,0.00222560978935855,0.00828203555747045,"LINC01750"
"ENSG00000154133",4.61654587428016,1.82518812704529,0.597564279686085,3.05437956901325,0.00225526542106741,0.00838077676045533,"ROBO4"
"ENSG00000112299",919.445456353155,1.20610598317748,0.394992341464935,3.0534920720344,0.00226194698472018,0.00839730506118912,"VNN1"
"ENSG00000234436",30.1530803754052,1.01786710630976,0.333452719860216,3.05250803393191,0.00226937656182352,0.00842156009003651,"ENSG00000234436"
"ENSG00000123610",357.100376553281,-2.01794253360194,0.662040712799204,-3.04806410631422,0.00230320787465298,0.00853362807253645,"TNFAIP6"
"ENSG00000215386",7.905377857209,1.31798247361562,0.433132235915227,3.04291014228175,0.0023430228579672,0.00866236381556873,"MIR99AHG"
"ENSG00000211845",5.97174371937594,-1.01549730443474,0.333999420148438,-3.04041636953568,0.0023625129279887,0.00871898546916858,"TRAJ44"
"ENSG00000172232",26.6161239605532,1.02691008933699,0.33810550828768,3.03724743952777,0.00238749383200877,0.00879736013848987,"AZU1"
"ENSG00000129159",5.52344786955419,1.13493559379068,0.374580098110895,3.02988759817849,0.00244644767821377,0.00897624099973733,"KCNC1"
"ENSG00000150625",26.4613687740828,-1.81143650788687,0.598178578915701,-3.02825372177387,0.00245971475660864,0.00901224143571462,"GPM6A"
"ENSG00000165238",4.60062163410778,1.52156080933006,0.503284323012732,3.02326287499237,0.00250064917936227,0.00913373532360927,"WNK2"
"ENSG00000154548",11.0336391115471,-1.19183349443387,0.394393671333111,-3.0219386898509,0.0025116141319567,0.00916844032321967,"SRSF12"
"ENSG00000080573",19.6526815245036,-1.1516806766382,0.381272872716799,-3.02062055564504,0.00252257264380062,0.00920129544204861,"COL5A3"
"ENSG00000173391",293.838401373031,-2.59633493540373,0.860822787878384,-3.01610850916569,0.00256041614992441,0.00932304958426563,"OLR1"
"ENSG00000287299",7.83751608046888,1.28479562609964,0.42656608982237,3.01194974648511,0.00259575565838817,0.00942980737438425,"ENSG00000287299"
"ENSG00000130561",3.93303230627762,1.35042244527643,0.448944391867971,3.00799490925275,0.00262977543148234,0.00953160740099881,"SAG"
"ENSG00000100448",14.2562490949995,2.66825704587687,0.887156957799482,3.00764934820018,0.00263276724892719,0.00954029173141227,"CTSG"
"ENSG00000168447",3.04121363374593,2.36768329093593,0.787514999700513,3.00652469075045,0.00264252592437608,0.00957380826418133,"SCNN1B"
"ENSG00000234393",5.1458823386208,1.31059860314168,0.43600443103482,3.00592954991555,0.00264770334038235,0.00958702215099723,"ENSG00000234393"
"ENSG00000162772",1019.22254198099,-1.49328247221899,0.496913263353377,-3.0051169536947,0.00265478747832851,0.00960342291044317,"ATF3"
"ENSG00000121270",5.69402461336746,1.01640229613653,0.338542543464306,3.00228823750092,0.00267958329426036,0.00967821821654837,"ABCC11"
"ENSG00000117595",26.3862138131305,-1.12704082125402,0.375566754208881,-3.00090678587379,0.00269176951178668,0.00971663140840068,"IRF6"
"ENSG00000278962",4.94060667908751,-1.02202531469973,0.340626947643414,-3.00042413487978,0.00269603905111276,0.00972830677763781,"ENSG00000278962"
"ENSG00000175906",140.380574048016,-1.11665248451963,0.372911406082951,-2.99441761851404,0.00274969299157393,0.00988963441822113,"ARL4D"
"ENSG00000153234",8742.72898602558,-1.47745797380933,0.495232382458982,-2.98336301530465,0.00285099625029099,0.0102032226809729,"NR4A2"
"ENSG00000141314",3.68186764996984,1.55616169263732,0.521972261325708,2.98131109244191,0.00287017063953674,0.0102581721507383,"RHBDL3"
"ENSG00000133169",7.2311657516477,1.21442068807207,0.407440781613356,2.98060661297402,0.00287678081472042,0.0102778886511091,"BEX1"
"ENSG00000262874",7.54125137402176,1.08672402002147,0.365417547184919,2.97392401758839,0.00294017870744982,0.010466590716899,"C19orf84"
"ENSG00000229512",5.86970808083716,1.06813929662225,0.359255036201927,2.97320618776762,0.00294706406200993,0.0104877038842992,"ENSG00000229512"
"ENSG00000184828",8.30825804782411,-1.08495713740903,0.36505860174682,-2.97200814394585,0.00295858836134563,0.010522162126746,"ZBTB7C"
"ENSG00000230387",2.57615415241762,2.56916862654784,0.86444102374358,2.97205772977051,0.00295811056765103,0.010522162126746,"LINC03125"
"ENSG00000081803",3.16163404715499,1.79787035550218,0.605324348812369,2.97009422969612,0.00297708414941144,0.0105774299052825,"CADPS2"
"ENSG00000267174",20.8091173276757,-1.17385109557427,0.396049436478068,-2.96390043125154,0.00303766557637117,0.0107525352492415,"ENSG00000267174"
"ENSG00000182871",267.163173101442,-1.10699275271032,0.373936196565474,-2.96037870331308,0.0030726108873719,0.010866000797562,"COL18A1"
"ENSG00000046604",9.58043455143755,1.32712192432852,0.448521128674953,2.95888385068765,0.00308755449499378,0.0109065352918442,"DSG2"
"ENSG00000112164",3.92954170834911,1.77561160530079,0.601449534582588,2.95222043281333,0.00315497616993364,0.01111128575793,"GLP1R"
"ENSG00000157388",9.78404957088522,1.04356163341381,0.35354404351772,2.95171606635061,0.00316013367819759,0.0111231971189891,"CACNA1D"
"ENSG00000216775",19.0099186536816,1.35023316100606,0.458910825793679,2.94225606613409,0.00325830376457839,0.0114216854828451,"ENSG00000216775"
"ENSG00000115008",30.6184504337288,-2.79163884011445,0.949005531181492,-2.94164654302796,0.00326472330727927,0.0114368024560346,"IL1A"
"ENSG00000242512",4.37955192031316,1.72715458117819,0.587188598190245,2.94139665944025,0.00326735842843997,0.0114427555470389,"LINC01206"
"ENSG00000259476",4.43118242187673,1.38146546473445,0.470850375728663,2.93397974377013,0.00334646047306166,0.0116655540496297,"ENSG00000259476"
"ENSG00000163751",8.97162223226119,1.32397635948002,0.451707946108144,2.93104509426328,0.00337823738979276,0.0117609464675949,"CPA3"
"ENSG00000275379",5.73866614867566,1.10733496860237,0.378047526499849,2.92908931015796,0.00339956728075352,0.0118264420894028,"H3C11"
"ENSG00000228325",1.81309494480209,3.16322946682616,1.0804369320073,2.92773171030846,0.00341444535755678,0.0118650240230426,"IGKV3D-7"
"ENSG00000285849",6.27105544976016,-1.14501932536602,0.391692832671364,-2.92325830308645,0.00346389031459754,0.0120101978146422,"ENSG00000285849"
"ENSG00000223776",4.56789436922736,1.02777445262431,0.351830543471245,2.92122009216154,0.00348663420812072,0.0120781824309673,"LGALS8-AS1"
"ENSG00000205837",9.98801611473254,1.63425939110757,0.559983001881349,2.91840892601565,0.00351822631845021,0.0121649341209695,"LINC00487"
"ENSG00000130294",5.15908260844315,1.14091385273168,0.391260111894437,2.91599838073833,0.00354552340959524,0.0122413038219603,"KIF1A"
"ENSG00000280411",922.804863291404,1.69145968563432,0.580232745283901,2.91514000094342,0.00355529015878998,0.0122705166773075,"IGHV1-69D"
"ENSG00000134321",551.792485280451,1.3366945661104,0.459027640603987,2.91201323813874,0.0035910741578443,0.0123803796534926,"RSAD2"
"ENSG00000227456",4.06231371571474,1.1428231426561,0.392682123238189,2.9103009152339,0.00361080924152902,0.0124370112706211,"LINC00310"
"ENSG00000228668",24.070263550061,-1.33248762571919,0.458939666368709,-2.90340479013788,0.00369129188951152,0.012674739195334,"TRGV5P"
"ENSG00000283204",5.34085844215371,1.02878535095556,0.354603231511,2.9012294856192,0.00371701556180591,0.0127467660097982,"MIR4434"
"ENSG00000136011",4.58593695792864,1.43259999259693,0.494925087179937,2.894579462035,0.00379666801130107,0.0129749403528027,"STAB2"
"ENSG00000109794",9.73586139107051,1.20513140751313,0.417525826955124,2.88636374018286,0.00389721460010484,0.0132943821458386,"FAM149A"
"ENSG00000261652",5.05335896457058,1.05418851147131,0.365365951376327,2.88529488722253,0.00391047185490972,0.0133305065815656,"PIERCE2"
"ENSG00000153132",4.81782561835056,1.17498153363644,0.407389334622666,2.88417352586006,0.00392442440143383,0.0133726397841462,"CLGN"
"ENSG00000223914",5.56861954816231,1.46868437010039,0.510235283141664,2.87844533419422,0.00399640537181783,0.01357117170166,"LINC02471"
"ENSG00000177535",31.2907885901926,-1.44246893310185,0.501982600388095,-2.87354368853949,0.00405894935170734,0.0137487857298056,"OR2B11"
"ENSG00000179399",5.68376859942718,1.19584792833529,0.416392444578746,2.87192513674232,0.00407979603815566,0.013806958288292,"GPC5"
"ENSG00000184956",5.73108363751405,1.30282955345875,0.454199418098512,2.86840868029508,0.00412542270777047,0.0139437952194306,"MUC6"
"ENSG00000164935",5.97318456961784,1.33139150969971,0.464295980240779,2.86754907722713,0.00413664641411299,0.0139698708738912,"DCSTAMP"
"ENSG00000137672",16.8494357743053,1.13163263671042,0.394633684609358,2.86755206370841,0.00413660737216516,0.0139698708738912,"TRPC6"
"ENSG00000235538",4.00153625847903,1.77643988249119,0.619741059475377,2.86642276694557,0.00415139441030065,0.0140139384583353,"LOC124901499"
"ENSG00000171119",7.12290889050362,1.01517442270165,0.354414939074937,2.86436690663032,0.00417843707562587,0.0140951010899971,"NRTN"
"ENSG00000123094",6.14185130338922,1.07338326155656,0.375202120255447,2.86081342191182,0.00422555649514909,0.0142445173704217,"RASSF8"
"ENSG00000163421",230.694086241671,1.06952596103941,0.374276156601383,2.85758508036219,0.00426878177114029,0.0143689151451205,"PROK2"
"ENSG00000116761",49.9480969358145,-1.14472054502972,0.400853138816522,-2.85571056873694,0.0042940638231408,0.0144359190877758,"CTH"
"ENSG00000254786",5.04395274315548,1.20190097818764,0.421001952619839,2.85485844117436,0.00430560152734217,0.0144695308971792,"ENSG00000254786"
"ENSG00000100218",4.29798368734717,1.11570542525623,0.391080347910452,2.85288031274764,0.00433249358636661,0.0145469005804478,"RSPH14"
"ENSG00000260220",7.71089758536331,1.17779077762688,0.412917249355346,2.85236516388131,0.00433952182695406,0.0145626945651542,"CCDC187"
"ENSG00000286511",3.85280734935569,1.42655406661224,0.500434884140853,2.85062874675764,0.00436328818956036,0.0146320008583366,"ENSG00000286511"
"ENSG00000233098",10.113235275084,-1.350593529435,0.473860621512416,-2.85019152915539,0.00436929095784519,0.014645058062769,"LOC339260"
"ENSG00000245008",7.41663212110574,1.18561348196736,0.416269224541633,2.84818913354181,0.00439687856384589,0.0147183845923504,"LOC101929538"
"ENSG00000213025",15.3408246254123,1.85569690713005,0.653910399490806,2.83784584030941,0.00454191131627323,0.0151230761914387,"ENSG00000213025"
"ENSG00000234899",3.60031413338345,1.85846386642078,0.65528314786406,2.83612339563221,0.00456647989998808,0.0151941151000489,"SOX9-AS1"
"ENSG00000284735",4.41263260654136,1.19265302814284,0.421248120075154,2.83123644072302,0.00463684302783696,0.0153846604680006,"ENSG00000284735"
"ENSG00000232000",3.98564772386278,1.42470506202276,0.504009002473789,2.82674526651308,0.00470237180364222,0.015571842921293,"CLCN3P1"
"ENSG00000268433",5.48712429547594,1.55052093906311,0.54854546680896,2.82660423407181,0.00470444305620073,0.015575189858189,"MTDHP3"
"ENSG00000177398",12.2513910443675,1.26347828896436,0.447546193527905,2.82312375177331,0.00475582105468637,0.0157156140196704,"UMODL1"
"ENSG00000286644",4.13891874218237,-1.21691203287842,0.431367666720538,-2.82105527780968,0.00478659540844336,0.0157950925732271,"ENSG00000286644"
"ENSG00000270405",9.01307849297855,1.21225644374107,0.429886605828757,2.81994467216306,0.0048031930352792,0.0158442991033885,"ENSG00000270405"
"ENSG00000265316",8.35468343567907,-1.01641813166589,0.361319560709222,-2.81307253244412,0.00490705811337596,0.0161359454686869,"ENSG00000265316"
"ENSG00000187010",72.6077882741869,1.79968296402759,0.640986455523891,2.80767705544835,0.00499002404503448,0.0163743875611851,"RHD"
"ENSG00000225178",27.0169952272487,-1.09047926535756,0.38846989886641,-2.80711393222404,0.00499875585332784,0.0163915936879187,"ENSG00000225178"
"ENSG00000144868",5.97653283850726,1.27126898591406,0.452893829564524,2.80699118187687,0.00500066105757199,0.0163921215971613,"TMEM108"
"ENSG00000231817",2.96805882131752,2.10547705512991,0.750700269960844,2.80468402554289,0.0050365927198138,0.0164916536701492,"LINC01198"
"ENSG00000234380",5.30603350772548,1.30398036073535,0.465236255241134,2.80283478779936,0.00506556110363925,0.016561538790051,"LINC01426"
"ENSG00000237541",291.174838108523,-1.92049279808462,0.687704018302321,-2.79261535046078,0.00522838225739526,0.0170198602199517,"HLA-DQA1"
"ENSG00000143184",47.3487546533042,-1.07709258921848,0.385729867891896,-2.79234946234536,0.00523268092568169,0.0170250079070647,"XCL1"
"ENSG00000182885",51.094512303024,1.13457263889631,0.40634169475791,2.79216396823926,0.00523568173787621,0.0170292560441484,"ADGRG3"
"ENSG00000235151",6.0090098063057,1.4452635868747,0.517877195569048,2.79074575833877,0.00525867611726258,0.0170859250302623,"ENSG00000235151"
"ENSG00000198435",91.9108640595752,-1.79405641907283,0.643224408730669,-2.78916097511474,0.00528447915876828,0.0171487747794717,"NRARP"
"ENSG00000287561",4.48110171435985,-2.20034019601009,0.790156003293579,-2.78469085451289,0.00535787790994864,0.0173452761273501,"ENSG00000287561"
"ENSG00000158748",21.9582392942015,-1.18570121784603,0.426818874164623,-2.77799621716987,0.00546952549876758,0.0176338252615498,"HTR6"
"ENSG00000041515",19.1696956206656,-1.31721785503195,0.474540987305658,-2.77577256816284,0.00550707166920162,0.0177305445519551,"MYO16"
"ENSG00000267838",3.76680100611506,-1.34820333963455,0.485770808085286,-2.77538978710685,0.00551355832051886,0.017742379157532,"ENSG00000267838"
"ENSG00000036448",736.706880389104,1.52254228249973,0.548687440410945,2.77488087090056,0.00552219315075425,0.0177653438500723,"MYOM2"
"ENSG00000121005",5.38606088050038,1.33443881685961,0.483328509751175,2.76093545060397,0.00576360666010947,0.0184114124376984,"CRISPLD1"
"ENSG00000197279",67.2753296470082,-1.51954660684459,0.550615535941213,-2.75972345067798,0.00578503098213782,0.0184735715834629,"ZNF165"
"ENSG00000124466",167.371887997076,-1.49651141947669,0.543398135492374,-2.7539870340569,0.00588741005197474,0.0187527129871068,"LYPD3"
"ENSG00000183421",5.88284213427735,-1.78499172623837,0.648721656799107,-2.75155254573401,0.00593135032992991,0.018873482444788,"RIPK4"
"ENSG00000253651",5.27802549798556,-1.36682705134431,0.497046834168008,-2.74989589991494,0.00596142002239117,0.0189531208966279,"SOD1P3"
"ENSG00000235183",5.07946482950128,1.0296121280014,0.375338419587218,2.7431567733826,0.00608516256915955,0.019281307425813,"SRP14P3"
"ENSG00000100626",3.32796205715416,1.51692809874041,0.553043780278185,2.74287163663134,0.00609044884553483,0.0192948047363345,"GALNT16"
"ENSG00000163661",183.77526039124,-1.06865940769867,0.390751515402092,-2.73488231158618,0.00624025826640847,0.0196930648716275,"PTX3"
"ENSG00000144649",5.60051039934438,1.03585803201542,0.378971257102202,2.73334194243671,0.00626952062791855,0.0197721325037512,"GASK1A"
"ENSG00000274588",59.2228806398898,-1.11544965890022,0.408502624578669,-2.73058137643718,0.00632227224647447,0.0199151045994192,"DGKK"
"ENSG00000223519",9.13499915379982,1.16316415223165,0.426571632560842,2.7267733328839,0.00639569569319142,0.0201093168700612,"ENSG00000223519"
"ENSG00000253590",6.2880771530739,-1.78869619858809,0.656072122004158,-2.72637129150377,0.00640349211918598,0.0201237314616652,"ENSG00000253590"
"ENSG00000172986",3.47913826358956,1.12904748587405,0.414523568209785,2.72372326319128,0.00645505694665842,0.0202553005625028,"GXYLT2"
"ENSG00000270714",9.32737327509399,1.55605913391244,0.571290441286375,2.72376189317759,0.00645430203107491,0.0202553005625028,"ENSG00000270714"
"ENSG00000146477",3.31106349037728,1.48078489827136,0.545341466283752,2.71533523456821,0.00662087125438398,0.020665210245334,"SLC22A3"
"ENSG00000213997",7.76997546497448,-1.06649349176742,0.394108404746528,-2.70609172228472,0.00680802391957572,0.0211335454322618,"ENSG00000213997"
"ENSG00000242498",36.3538791645168,-1.07774686195284,0.399526384236539,-2.69756117361892,0.0069849449773633,0.0215758464740379,"ARPIN"
"ENSG00000162576",20.6441299411941,-1.29030143689619,0.478527506850935,-2.6963997229487,0.00700934983781556,0.0216263525199575,"MXRA8"
"ENSG00000211846",5.63832561093508,-1.0439013453142,0.388527803405981,-2.68681246531899,0.007213744153027,0.0221442977462511,"TRAJ43"
"ENSG00000168079",6.60703073122088,-1.07855824612851,0.401597532239108,-2.68566950627163,0.00723846481726951,0.0222020536399148,"SCARA5"
"ENSG00000281741",10.1170458129618,-1.59328947474324,0.594112512978793,-2.68179753823854,0.00732277628622441,0.0224131091151073,"ENSG00000281741"
"ENSG00000225370",5.20102769044301,1.08953727931414,0.40636810688838,2.68115843946734,0.00733677696292653,0.022444996711453,"ENSG00000225370"
"ENSG00000177294",4.31661533636067,1.14085700748658,0.426310256464679,2.67611907099659,0.00744801789860802,0.0226966511709203,"FBXO39"
"ENSG00000267549",5.60023151493982,1.05439672232113,0.394641395277415,2.67178439702184,0.00754491079455377,0.022943559827606,"ZSCAN5A-AS1"
"ENSG00000261754",11.2793861707213,-1.15436065721573,0.432530182539124,-2.66885573265472,0.0076110133869,0.0231163836872796,"ENSG00000261754"
"ENSG00000276256",6.73193237152964,1.67694620498971,0.628344933241518,2.66883063151102,0.00761158217921758,0.0231163836872796,"ENSG00000276256"
"ENSG00000151952",4.92456392084972,1.10983847001277,0.416682003835822,2.66351428618468,0.00773291282497029,0.0234507630619783,"TMEM132D"
"ENSG00000152766",76.9866062109781,1.23792718526165,0.46486219379038,2.66299819989205,0.00774478284376749,0.0234801794963852,"ANKRD22"
"ENSG00000283403",7.76822324158251,1.1576768165327,0.434729179053176,2.66298392726725,0.00774511134696683,0.0234801794963852,"ENSG00000283403"
"ENSG00000165152",7.90951239179331,1.39481443448243,0.527199670377465,2.64570429925302,0.00815210436775962,0.0245108892287648,"PGAP4"
"ENSG00000218357",6.405385644723,-1.17949133578536,0.4458907031067,-2.64524765277088,0.00816311483798912,0.0245258801941885,"LINC01644"
"ENSG00000118503",24628.8903735782,-1.28061121389983,0.484369351266171,-2.64387333870782,0.00819633207849999,0.0245942301640303,"TNFAIP3"
"ENSG00000268658",4.6946441485104,1.35907324248592,0.514335257303075,2.64238786509064,0.0082323720428263,0.0246787344365172,"LINC00664"
"ENSG00000270210",2.3739691791655,-2.18143083047326,0.826267906466188,-2.64010112628346,0.0082881291946721,0.0248082672883912,"ENSG00000270210"
"ENSG00000132622",10.7451463092141,-1.04365079782097,0.395324441604995,-2.6399855105943,0.00829095718394671,0.0248108312735969,"HSPA12B"
"ENSG00000099985",1505.34063889888,-1.08860884225164,0.412449950197256,-2.63937198133011,0.0083059787178237,0.0248439172470105,"OSM"
"ENSG00000242082",3.92172245606882,-1.27093117495254,0.481618495733141,-2.63887534679887,0.00831815605063772,0.0248684684472382,"SLC5A4-AS1"
"ENSG00000174705",41.451458861248,1.15839691745545,0.439172114586747,2.63768322026884,0.00834745185185814,0.0249362213934402,"SH3PXD2B"
"ENSG00000266401",11.3480084200833,1.18954205906947,0.451069440605591,2.63715949693341,0.0083603511972219,0.0249593289553624,"DLGAP1-AS6"
"ENSG00000119508",450.058564138799,-1.40690906678021,0.533801209043093,-2.63564233828221,0.00839781963333741,0.0250548282267,"NR4A3"
"ENSG00000286256",13.2594742259823,-1.03143737750156,0.391844467629856,-2.63226219254899,0.00848183782221682,0.0252493860795672,"ENSG00000286256"
"ENSG00000276345",8.49262841895129,-6.1509736961048,2.34781950804413,-2.61986650806429,0.00879641928795766,0.0260521251708203,"ENSG00000276345"
"ENSG00000255521",7.63255390133497,-1.01015288695727,0.386330746723349,-2.61473593682316,0.00892964629649028,0.026381897483312,"CD44-DT"
"ENSG00000219891",6.64660081136273,-1.1414811782926,0.43685493081748,-2.61295248781228,0.00897637801130099,0.0264821693099078,"ENSG00000219891"
"ENSG00000214548",143.477060882682,-1.58782089846457,0.60892013966165,-2.60760121901511,0.0091179108729993,0.0268452776893632,"MEG3"
"ENSG00000256581",5.36684943834387,1.11424128084382,0.427607583437054,2.60575659553951,0.0091671580705501,0.026960710858091,"ENSG00000256581"
"ENSG00000173898",7.6010592751435,1.04249850971607,0.400748671086842,2.60137733429979,0.00928502639617701,0.0272391690561172,"SPTBN2"
"ENSG00000116031",8.81887070597234,-1.10819871080278,0.427045873995409,-2.5950343470938,0.00945814667340259,0.0276650054269024,"CD207"
"ENSG00000170390",13.1288768632224,-1.04696315710642,0.403547644445022,-2.5943978896129,0.00947567556540333,0.0277076536912447,"DCLK2"
"ENSG00000223749",4.85660366584071,1.00401112931452,0.387232159643603,2.59278860061256,0.00952012685840837,0.0278030305206096,"ENSG00000223749"
"ENSG00000236816",2.89009481650093,1.81440872509036,0.702602375183372,2.58241188640561,0.00981124123797655,0.0284812328030568,"ENSG00000236816"
"ENSG00000259347",6.01731648766263,1.01534740780768,0.393400054948791,2.58095390439089,0.00985277366265965,0.0285659006267701,"ENSG00000259347"
"ENSG00000232310",2.72644527259879,1.72760801085051,0.66938510484373,2.58088803941019,0.00985465360107136,0.0285669446461655,"LINC03002"
"ENSG00000248991",5.54895636857249,-1.01479986896347,0.39356448192034,-2.5784843795149,0.00992347862165764,0.0287133165290451,"ENSG00000248991"
"ENSG00000283828",7.05461788684839,1.07760222734529,0.418543601066056,2.57464747902146,0.0100342298243866,0.028971333913851,"F10-AS2"
"ENSG00000232629",368.048314671259,-1.41962005538682,0.552584758533751,-2.56905394776667,0.0101976580646532,0.0293440264824283,"HLA-DQB2"
"ENSG00000263905",8.22920592272938,-1.22253429315366,0.476332854754226,-2.56655462866288,0.0102714444539127,0.0295066590181481,"RN7SL555P"
"ENSG00000177675",7.51805020666904,1.15817193504123,0.451592571847444,2.56463902916562,0.0103283192255803,0.0296383340708407,"CD163L1"
"ENSG00000175267",4.37905086813726,1.07866199974095,0.422509853441277,2.55298661310598,0.0106803601141428,0.0304856565991538,"VWA3A"
"ENSG00000181109",4.44238324395486,1.27114115276779,0.499002764169367,2.54736294874781,0.010854047828931,0.0309016484387438,"OR52P1"
"ENSG00000144857",5.34060315994379,1.3685320602415,0.53739130187968,2.54662115939477,0.0108771445306243,0.030962715219993,"BOC"
"ENSG00000184838",13.7975074738495,1.00073991934622,0.3934354422615,2.54359371792709,0.0109718619516787,0.0311898241445483,"PRR16"
"ENSG00000156886",9.0666895870865,1.01472785592167,0.399519962035298,2.53986772213404,0.0110894401584218,0.0314479657842027,"ITGAD"
"ENSG00000249715",4.7281179435534,1.35077500163792,0.533035024463511,2.53412053550786,0.0112729947740278,0.0318867132840673,"FER1L5"
"ENSG00000234389",9.02793879510388,-1.08151226446696,0.428486064434629,-2.52403136119253,0.0116017578100302,0.0326495942202917,"ENSG00000234389"
"ENSG00000158352",5.65614215585674,1.27203871363947,0.504117082647238,2.52330015670108,0.0116259119911945,0.0327028796447907,"SHROOM4"
"ENSG00000166257",3.257686805967,1.37532148622422,0.54538034508746,2.5217657706452,0.0116767430983867,0.0328054920478169,"SCN3B"
"ENSG00000239335",5.85822834828964,-1.11022332301243,0.440943693832876,-2.51783467717132,0.0118078729952983,0.0331155744892651,"LLPH-DT"
"ENSG00000178726",1149.03743194883,1.13508913136184,0.451899674519825,2.51181666056289,0.0120111471586957,0.0335904660013159,"THBD"
"ENSG00000234948",6.84507954966086,1.26165551206006,0.503278000011735,2.50687594536347,0.0121803452180571,0.0339525090788374,"LINC01524"
"ENSG00000095794",879.004757967465,-1.18106526369945,0.471380843068429,-2.505543619489,0.0122263316673671,0.0340554430971892,"CREM"
"ENSG00000189056",3.106434185504,1.90837395312111,0.763241495411379,2.50035403551076,0.0124069248610983,0.0344971242143793,"RELN"
"ENSG00000172602",94.5140159955648,-1.38768691537038,0.555290478132725,-2.49902883268727,0.0124534178348745,0.0346110367624282,"RND1"
"ENSG00000260306",6.99987392913272,-1.06917842167722,0.429307177037582,-2.49047413801709,0.012757277991564,0.0353405743742722,"ENSG00000260306"
"ENSG00000248874",7.42171710204325,1.35957172532039,0.546119507663532,2.48951320405502,0.0127918166867532,0.0354205931709211,"LINC02899"
"ENSG00000165685",59.3035506847065,-1.07771022978413,0.433154352047656,-2.48805125630034,0.0128445219603842,0.0355142151761372,"TMEM52B"
"ENSG00000137801",1866.77943149497,1.16046350391835,0.467416581301592,2.4827178802405,0.0130384304376246,0.0359350402274247,"THBS1"
"ENSG00000162520",5.75095112692744,1.06569564505255,0.42933326613923,2.48221074186912,0.0130570028646536,0.0359747032899486,"SYNC"
"ENSG00000113083",6.89840164051364,1.15039117688312,0.466920928089288,2.46378156916354,0.013747986546475,0.037523437201827,"LOX"
"ENSG00000184709",7.33558980396575,-1.09003462613763,0.442519418459295,-2.46324699135864,0.0137685031541534,0.0375551857909546,"LRRC26"
"ENSG00000253190",4.91382260478753,1.02032140893259,0.414497787977897,2.46158469001768,0.0138324736270133,0.0376859217703063,"ENSG00000253190"
"ENSG00000287979",156.515040739004,-1.7216744836254,0.699945888292061,-2.45972511936096,0.0139043465072287,0.037854301412206,"ENSG00000287979"
"ENSG00000175352",75.3270281124218,1.15207559988008,0.46891203974917,2.45691196262809,0.014013702419179,0.0380913305380894,"NRIP3"
"ENSG00000221539",5.5776193654818,-1.17741855138095,0.479334564253812,-2.45636062822605,0.0140352232059033,0.0381443110726083,"SNORD99"
"ENSG00000179388",49.4492959893865,1.12562496376902,0.459892869143199,2.44758081564976,0.0143818868119815,0.0389051313198293,"EGR3"
"ENSG00000224081",3.4816705364916,1.41184486432502,0.579857156667155,2.43481493345685,0.0148994078768097,0.0400929521048697,"ENSG00000224081"
"ENSG00000276241",15.062832905881,1.05094237718999,0.432969224908478,2.42729117158878,0.0152120416014107,0.0407766021021271,"LOC102723851"
"ENSG00000255650",2.98862777513592,-2.07613729583256,0.85580752430391,-2.42593952129743,0.0152688145277188,0.0409112812349256,"FAM222A-AS1"
"ENSG00000121380",8.93926955486229,1.01224122104133,0.417788225008114,2.42285722873513,0.0153989773017717,0.0411954422664534,"BCL2L14"
"ENSG00000236438",5.03959313006278,1.03326329856163,0.428246211472653,2.41277860931552,0.0158314326076512,0.0421424171212875,"ENSG00000236438"
"ENSG00000132204",5.64681899575887,1.30788929731245,0.543691395296563,2.40557291990807,0.0161471291037508,0.0428069730090409,"ENSG00000132204"
"ENSG00000204894",6.51833226988657,1.18046641683673,0.491042353550943,2.40400121965094,0.0162167191812736,0.0429672193023991,"ENSG00000204894"
"ENSG00000234996",4.86448050696162,1.14390332689179,0.47616516593133,2.40232467373885,0.0162912419041276,0.0431525060357923,"ENSG00000234996"
"ENSG00000279269",4.79241743709777,-2.33775997429387,0.974442344543377,-2.39907469886209,0.0164365612631962,0.0435000721868883,"ENSG00000279269"
"ENSG00000279110",5.54282970376983,1.15025666697377,0.479552381104919,2.39860484963813,0.0164576640351271,0.0435381074179098,"ENSG00000279110"
"ENSG00000070159",5.66468411305327,1.23586486971822,0.515343997342312,2.39813576192158,0.0164787563428043,0.0435755070651872,"PTPN3"
"ENSG00000229391",773.570317305869,-1.2849343860322,0.53793512501761,-2.38864191288891,0.0169107758482581,0.0445112649270212,"ENSG00000229391"
"ENSG00000197410",3.8861278451236,1.22841136037451,0.514773450876821,2.38631452007119,0.0170181895283123,0.0447313509123421,"DCHS2"
"ENSG00000107731",19.417998569317,-1.01210007385193,0.424670397543145,-2.38326024066489,0.0171600585166924,0.0450601368929521,"UNC5B"
"ENSG00000137460",5.13772565535996,1.12254953296876,0.471151565273044,2.38256564491772,0.0171924664002388,0.0451137230851442,"FHDC1"
"ENSG00000129654",25.0660392443848,-1.70983915283868,0.717642243895462,-2.38257873945301,0.0171918549498689,0.0451137230851442,"FOXJ1"
"ENSG00000164283",4.12973290025485,-1.22141941743594,0.515627533592213,-2.36880177620984,0.0178458151010154,0.0464198644670199,"ESM1"
"ENSG00000180574",5.96483749944327,-1.4784903621236,0.625617271340485,-2.36325055245949,0.0181154175126215,0.0470105463989,"EIF2S3B"
"ENSG00000180730",10.1591823264535,-1.35419732682885,0.573752520465771,-2.36024641029815,0.018262799793284,0.0473015825981212,"SHISA2"
"ENSG00000066735",6.90983502831129,1.19472626189761,0.506185332247376,2.36025460594291,0.0182623962936493,0.0473015825981212,"KIF26A"
"ENSG00000114698",5.08675012157897,1.30609190139087,0.553820433600431,2.35833100794035,0.0183573159439996,0.0475136478220073,"PLSCR4"
"ENSG00000145244",4.71299457912056,1.04191221979451,0.4426441093237,2.35383731048948,0.018580741286795,0.0479598480124415,"CORIN"
"ENSG00000188779",5.40718643778405,1.01659523904556,0.432029033505671,2.35307157668655,0.0186190496963536,0.0480345162494733,"SKOR1"
"ENSG00000078114",46.758714824626,1.94475485903925,0.82709636913041,2.35130382821523,0.0187077512770175,0.0482280747500782,"NEBL"
"ENSG00000282639",57.0156141993123,2.08627094594332,0.891984250612742,2.33891006989213,0.0193400882312312,0.0495766898206083,"IGHV3-64D"
