"from","to","combined_score"
"9606.ENSP00000217026","9606.ENSP00000240423",716
"9606.ENSP00000217026","9606.ENSP00000240423",716
"9606.ENSP00000166345","9606.ENSP00000247191",789
"9606.ENSP00000166345","9606.ENSP00000247191",789
"9606.ENSP00000209728","9606.ENSP00000247191",855
"9606.ENSP00000209728","9606.ENSP00000247191",855
"9606.ENSP00000240423","9606.ENSP00000247191",818
"9606.ENSP00000240423","9606.ENSP00000247191",818
"9606.ENSP00000166345","9606.ENSP00000251496",711
"9606.ENSP00000166345","9606.ENSP00000251496",711
"9606.ENSP00000240423","9606.ENSP00000251496",999
"9606.ENSP00000240423","9606.ENSP00000251496",999
"9606.ENSP00000247191","9606.ENSP00000251496",948
"9606.ENSP00000247191","9606.ENSP00000251496",948
"9606.ENSP00000209728","9606.ENSP00000253462",705
"9606.ENSP00000209728","9606.ENSP00000253462",705
"9606.ENSP00000247191","9606.ENSP00000253462",720
"9606.ENSP00000247191","9606.ENSP00000253462",720
"9606.ENSP00000251496","9606.ENSP00000253462",852
"9606.ENSP00000251496","9606.ENSP00000253462",852
"9606.ENSP00000166345","9606.ENSP00000256442",797
"9606.ENSP00000166345","9606.ENSP00000256442",797
"9606.ENSP00000209728","9606.ENSP00000256442",931
"9606.ENSP00000209728","9606.ENSP00000256442",931
"9606.ENSP00000217026","9606.ENSP00000256442",931
"9606.ENSP00000217026","9606.ENSP00000256442",931
"9606.ENSP00000240423","9606.ENSP00000256442",889
"9606.ENSP00000240423","9606.ENSP00000256442",889
"9606.ENSP00000247191","9606.ENSP00000256442",965
"9606.ENSP00000247191","9606.ENSP00000256442",965
"9606.ENSP00000251496","9606.ENSP00000256442",962
"9606.ENSP00000251496","9606.ENSP00000256442",962
"9606.ENSP00000247191","9606.ENSP00000257909",770
"9606.ENSP00000247191","9606.ENSP00000257909",770
"9606.ENSP00000209728","9606.ENSP00000257934",855
"9606.ENSP00000209728","9606.ENSP00000257934",855
"9606.ENSP00000240423","9606.ENSP00000257934",719
"9606.ENSP00000240423","9606.ENSP00000257934",719
"9606.ENSP00000247191","9606.ENSP00000257934",820
"9606.ENSP00000247191","9606.ENSP00000257934",820
"9606.ENSP00000251496","9606.ENSP00000257934",730
"9606.ENSP00000251496","9606.ENSP00000257934",730
"9606.ENSP00000256442","9606.ENSP00000257934",999
"9606.ENSP00000256442","9606.ENSP00000257934",999
"9606.ENSP00000257909","9606.ENSP00000257934",846
"9606.ENSP00000257909","9606.ENSP00000257934",846
"9606.ENSP00000166345","9606.ENSP00000260731",789
"9606.ENSP00000166345","9606.ENSP00000260731",789
"9606.ENSP00000209728","9606.ENSP00000260731",870
"9606.ENSP00000209728","9606.ENSP00000260731",870
"9606.ENSP00000240423","9606.ENSP00000260731",908
"9606.ENSP00000240423","9606.ENSP00000260731",908
"9606.ENSP00000247191","9606.ENSP00000260731",997
"9606.ENSP00000247191","9606.ENSP00000260731",997
"9606.ENSP00000251496","9606.ENSP00000260731",975
"9606.ENSP00000251496","9606.ENSP00000260731",975
"9606.ENSP00000256442","9606.ENSP00000260731",966
"9606.ENSP00000256442","9606.ENSP00000260731",966
"9606.ENSP00000257934","9606.ENSP00000260731",947
"9606.ENSP00000257934","9606.ENSP00000260731",947
"9606.ENSP00000256442","9606.ENSP00000262300",970
"9606.ENSP00000256442","9606.ENSP00000262300",970
"9606.ENSP00000240423","9606.ENSP00000265036",704
"9606.ENSP00000240423","9606.ENSP00000265036",704
"9606.ENSP00000247191","9606.ENSP00000265036",878
"9606.ENSP00000247191","9606.ENSP00000265036",878
"9606.ENSP00000251496","9606.ENSP00000265036",739
"9606.ENSP00000251496","9606.ENSP00000265036",739
"9606.ENSP00000256442","9606.ENSP00000265036",845
"9606.ENSP00000256442","9606.ENSP00000265036",845
"9606.ENSP00000260731","9606.ENSP00000265036",842
"9606.ENSP00000260731","9606.ENSP00000265036",842
"9606.ENSP00000166345","9606.ENSP00000265748",748
"9606.ENSP00000166345","9606.ENSP00000265748",748
"9606.ENSP00000240423","9606.ENSP00000265748",707
"9606.ENSP00000240423","9606.ENSP00000265748",707
"9606.ENSP00000247191","9606.ENSP00000265748",914
"9606.ENSP00000247191","9606.ENSP00000265748",914
"9606.ENSP00000256442","9606.ENSP00000265748",860
"9606.ENSP00000256442","9606.ENSP00000265748",860
"9606.ENSP00000260731","9606.ENSP00000265748",947
"9606.ENSP00000260731","9606.ENSP00000265748",947
"9606.ENSP00000265036","9606.ENSP00000265748",740
"9606.ENSP00000265036","9606.ENSP00000265748",740
"9606.ENSP00000166345","9606.ENSP00000271452",816
"9606.ENSP00000166345","9606.ENSP00000271452",816
"9606.ENSP00000209728","9606.ENSP00000271452",717
"9606.ENSP00000209728","9606.ENSP00000271452",717
"9606.ENSP00000240423","9606.ENSP00000271452",758
"9606.ENSP00000240423","9606.ENSP00000271452",758
"9606.ENSP00000247191","9606.ENSP00000271452",964
"9606.ENSP00000247191","9606.ENSP00000271452",964
"9606.ENSP00000251496","9606.ENSP00000271452",930
"9606.ENSP00000251496","9606.ENSP00000271452",930
"9606.ENSP00000256442","9606.ENSP00000271452",967
"9606.ENSP00000256442","9606.ENSP00000271452",967
"9606.ENSP00000257934","9606.ENSP00000271452",841
"9606.ENSP00000257934","9606.ENSP00000271452",841
"9606.ENSP00000260731","9606.ENSP00000271452",975
"9606.ENSP00000260731","9606.ENSP00000271452",975
"9606.ENSP00000265036","9606.ENSP00000271452",810
"9606.ENSP00000265036","9606.ENSP00000271452",810
"9606.ENSP00000265748","9606.ENSP00000271452",897
"9606.ENSP00000265748","9606.ENSP00000271452",897
"9606.ENSP00000166345","9606.ENSP00000275517",876
"9606.ENSP00000166345","9606.ENSP00000275517",876
"9606.ENSP00000209728","9606.ENSP00000275517",708
"9606.ENSP00000209728","9606.ENSP00000275517",708
"9606.ENSP00000240423","9606.ENSP00000275517",812
"9606.ENSP00000240423","9606.ENSP00000275517",812
"9606.ENSP00000247191","9606.ENSP00000275517",921
"9606.ENSP00000247191","9606.ENSP00000275517",921
"9606.ENSP00000251496","9606.ENSP00000275517",886
"9606.ENSP00000251496","9606.ENSP00000275517",886
"9606.ENSP00000256442","9606.ENSP00000275517",869
"9606.ENSP00000256442","9606.ENSP00000275517",869
"9606.ENSP00000257934","9606.ENSP00000275517",930
"9606.ENSP00000257934","9606.ENSP00000275517",930
"9606.ENSP00000260731","9606.ENSP00000275517",844
"9606.ENSP00000260731","9606.ENSP00000275517",844
"9606.ENSP00000271452","9606.ENSP00000275517",931
"9606.ENSP00000271452","9606.ENSP00000275517",931
"9606.ENSP00000247191","9606.ENSP00000282074",854
"9606.ENSP00000247191","9606.ENSP00000282074",854
"9606.ENSP00000251496","9606.ENSP00000282074",866
"9606.ENSP00000251496","9606.ENSP00000282074",866
"9606.ENSP00000256442","9606.ENSP00000282074",903
"9606.ENSP00000256442","9606.ENSP00000282074",903
"9606.ENSP00000257934","9606.ENSP00000282074",763
"9606.ENSP00000257934","9606.ENSP00000282074",763
"9606.ENSP00000260731","9606.ENSP00000282074",796
"9606.ENSP00000260731","9606.ENSP00000282074",796
"9606.ENSP00000271452","9606.ENSP00000282074",999
"9606.ENSP00000271452","9606.ENSP00000282074",999
"9606.ENSP00000166345","9606.ENSP00000285116",722
"9606.ENSP00000166345","9606.ENSP00000285116",722
"9606.ENSP00000247191","9606.ENSP00000285116",808
"9606.ENSP00000247191","9606.ENSP00000285116",808
"9606.ENSP00000251496","9606.ENSP00000285116",743
"9606.ENSP00000251496","9606.ENSP00000285116",743
"9606.ENSP00000256442","9606.ENSP00000285116",903
"9606.ENSP00000256442","9606.ENSP00000285116",903
"9606.ENSP00000257934","9606.ENSP00000285116",817
"9606.ENSP00000257934","9606.ENSP00000285116",817
"9606.ENSP00000260731","9606.ENSP00000285116",837
"9606.ENSP00000260731","9606.ENSP00000285116",837
"9606.ENSP00000271452","9606.ENSP00000285116",939
"9606.ENSP00000271452","9606.ENSP00000285116",939
"9606.ENSP00000275517","9606.ENSP00000285116",813
"9606.ENSP00000275517","9606.ENSP00000285116",813
"9606.ENSP00000166345","9606.ENSP00000287598",928
"9606.ENSP00000166345","9606.ENSP00000287598",928
"9606.ENSP00000209728","9606.ENSP00000287598",803
"9606.ENSP00000209728","9606.ENSP00000287598",803
"9606.ENSP00000240423","9606.ENSP00000287598",915
"9606.ENSP00000240423","9606.ENSP00000287598",915
"9606.ENSP00000247191","9606.ENSP00000287598",981
"9606.ENSP00000247191","9606.ENSP00000287598",981
"9606.ENSP00000251496","9606.ENSP00000287598",952
"9606.ENSP00000251496","9606.ENSP00000287598",952
"9606.ENSP00000256442","9606.ENSP00000287598",998
"9606.ENSP00000256442","9606.ENSP00000287598",998
"9606.ENSP00000257909","9606.ENSP00000287598",753
"9606.ENSP00000257909","9606.ENSP00000287598",753
"9606.ENSP00000257934","9606.ENSP00000287598",989
"9606.ENSP00000257934","9606.ENSP00000287598",989
"9606.ENSP00000260731","9606.ENSP00000287598",994
"9606.ENSP00000260731","9606.ENSP00000287598",994
"9606.ENSP00000265036","9606.ENSP00000287598",797
"9606.ENSP00000265036","9606.ENSP00000287598",797
"9606.ENSP00000265748","9606.ENSP00000287598",800
"9606.ENSP00000265748","9606.ENSP00000287598",800
"9606.ENSP00000271452","9606.ENSP00000287598",980
"9606.ENSP00000271452","9606.ENSP00000287598",980
"9606.ENSP00000275517","9606.ENSP00000287598",851
"9606.ENSP00000275517","9606.ENSP00000287598",851
"9606.ENSP00000282074","9606.ENSP00000287598",930
"9606.ENSP00000282074","9606.ENSP00000287598",930
"9606.ENSP00000285116","9606.ENSP00000287598",976
"9606.ENSP00000285116","9606.ENSP00000287598",976
"9606.ENSP00000166345","9606.ENSP00000288207",741
"9606.ENSP00000166345","9606.ENSP00000288207",741
"9606.ENSP00000209728","9606.ENSP00000288207",961
"9606.ENSP00000209728","9606.ENSP00000288207",961
"9606.ENSP00000217026","9606.ENSP00000288207",868
"9606.ENSP00000217026","9606.ENSP00000288207",868
"9606.ENSP00000240423","9606.ENSP00000288207",893
"9606.ENSP00000240423","9606.ENSP00000288207",893
"9606.ENSP00000247191","9606.ENSP00000288207",974
"9606.ENSP00000247191","9606.ENSP00000288207",974
"9606.ENSP00000251496","9606.ENSP00000288207",970
"9606.ENSP00000251496","9606.ENSP00000288207",970
"9606.ENSP00000253462","9606.ENSP00000288207",844
"9606.ENSP00000253462","9606.ENSP00000288207",844
"9606.ENSP00000256442","9606.ENSP00000288207",998
"9606.ENSP00000256442","9606.ENSP00000288207",998
"9606.ENSP00000257934","9606.ENSP00000288207",794
"9606.ENSP00000257934","9606.ENSP00000288207",794
"9606.ENSP00000260731","9606.ENSP00000288207",944
"9606.ENSP00000260731","9606.ENSP00000288207",944
"9606.ENSP00000262300","9606.ENSP00000288207",959
"9606.ENSP00000262300","9606.ENSP00000288207",959
"9606.ENSP00000271452","9606.ENSP00000288207",932
"9606.ENSP00000271452","9606.ENSP00000288207",932
"9606.ENSP00000275517","9606.ENSP00000288207",969
"9606.ENSP00000275517","9606.ENSP00000288207",969
"9606.ENSP00000282074","9606.ENSP00000288207",738
"9606.ENSP00000282074","9606.ENSP00000288207",738
"9606.ENSP00000285116","9606.ENSP00000288207",767
"9606.ENSP00000285116","9606.ENSP00000288207",767
"9606.ENSP00000287598","9606.ENSP00000288207",993
"9606.ENSP00000287598","9606.ENSP00000288207",993
"9606.ENSP00000166345","9606.ENSP00000298048",906
"9606.ENSP00000166345","9606.ENSP00000298048",906
"9606.ENSP00000209728","9606.ENSP00000298048",719
"9606.ENSP00000209728","9606.ENSP00000298048",719
"9606.ENSP00000217026","9606.ENSP00000298048",894
"9606.ENSP00000217026","9606.ENSP00000298048",894
"9606.ENSP00000240423","9606.ENSP00000298048",893
"9606.ENSP00000240423","9606.ENSP00000298048",893
"9606.ENSP00000247191","9606.ENSP00000298048",982
"9606.ENSP00000247191","9606.ENSP00000298048",982
"9606.ENSP00000251496","9606.ENSP00000298048",936
"9606.ENSP00000251496","9606.ENSP00000298048",936
"9606.ENSP00000256442","9606.ENSP00000298048",972
"9606.ENSP00000256442","9606.ENSP00000298048",972
"9606.ENSP00000257909","9606.ENSP00000298048",719
"9606.ENSP00000257909","9606.ENSP00000298048",719
"9606.ENSP00000260731","9606.ENSP00000298048",941
"9606.ENSP00000260731","9606.ENSP00000298048",941
"9606.ENSP00000265748","9606.ENSP00000298048",831
"9606.ENSP00000265748","9606.ENSP00000298048",831
"9606.ENSP00000271452","9606.ENSP00000298048",936
"9606.ENSP00000271452","9606.ENSP00000298048",936
"9606.ENSP00000275517","9606.ENSP00000298048",875
"9606.ENSP00000275517","9606.ENSP00000298048",875
"9606.ENSP00000282074","9606.ENSP00000298048",724
"9606.ENSP00000282074","9606.ENSP00000298048",724
"9606.ENSP00000285116","9606.ENSP00000298048",816
"9606.ENSP00000285116","9606.ENSP00000298048",816
"9606.ENSP00000287598","9606.ENSP00000298048",953
"9606.ENSP00000287598","9606.ENSP00000298048",953
"9606.ENSP00000288207","9606.ENSP00000298048",975
"9606.ENSP00000288207","9606.ENSP00000298048",975
"9606.ENSP00000166345","9606.ENSP00000300093",734
"9606.ENSP00000166345","9606.ENSP00000300093",734
"9606.ENSP00000209728","9606.ENSP00000300093",809
"9606.ENSP00000209728","9606.ENSP00000300093",809
"9606.ENSP00000217026","9606.ENSP00000300093",877
"9606.ENSP00000217026","9606.ENSP00000300093",877
"9606.ENSP00000240423","9606.ENSP00000300093",751
"9606.ENSP00000240423","9606.ENSP00000300093",751
"9606.ENSP00000247191","9606.ENSP00000300093",807
"9606.ENSP00000247191","9606.ENSP00000300093",807
"9606.ENSP00000256442","9606.ENSP00000300093",999
"9606.ENSP00000256442","9606.ENSP00000300093",999
"9606.ENSP00000257909","9606.ENSP00000300093",805
"9606.ENSP00000257909","9606.ENSP00000300093",805
"9606.ENSP00000257934","9606.ENSP00000300093",994
"9606.ENSP00000257934","9606.ENSP00000300093",994
"9606.ENSP00000260731","9606.ENSP00000300093",919
"9606.ENSP00000260731","9606.ENSP00000300093",919
"9606.ENSP00000262300","9606.ENSP00000300093",987
"9606.ENSP00000262300","9606.ENSP00000300093",987
"9606.ENSP00000265748","9606.ENSP00000300093",703
"9606.ENSP00000265748","9606.ENSP00000300093",703
"9606.ENSP00000271452","9606.ENSP00000300093",865
"9606.ENSP00000271452","9606.ENSP00000300093",865
"9606.ENSP00000275517","9606.ENSP00000300093",893
"9606.ENSP00000275517","9606.ENSP00000300093",893
"9606.ENSP00000282074","9606.ENSP00000300093",774
"9606.ENSP00000282074","9606.ENSP00000300093",774
"9606.ENSP00000285116","9606.ENSP00000300093",937
"9606.ENSP00000285116","9606.ENSP00000300093",937
"9606.ENSP00000287598","9606.ENSP00000300093",999
"9606.ENSP00000287598","9606.ENSP00000300093",999
"9606.ENSP00000288207","9606.ENSP00000300093",995
"9606.ENSP00000288207","9606.ENSP00000300093",995
"9606.ENSP00000298048","9606.ENSP00000300093",809
"9606.ENSP00000298048","9606.ENSP00000300093",809
"9606.ENSP00000166345","9606.ENSP00000300403",879
"9606.ENSP00000166345","9606.ENSP00000300403",879
"9606.ENSP00000217026","9606.ENSP00000300403",747
"9606.ENSP00000217026","9606.ENSP00000300403",747
"9606.ENSP00000240423","9606.ENSP00000300403",854
"9606.ENSP00000240423","9606.ENSP00000300403",854
"9606.ENSP00000247191","9606.ENSP00000300403",978
"9606.ENSP00000247191","9606.ENSP00000300403",978
"9606.ENSP00000251496","9606.ENSP00000300403",949
"9606.ENSP00000251496","9606.ENSP00000300403",949
"9606.ENSP00000256442","9606.ENSP00000300403",949
"9606.ENSP00000256442","9606.ENSP00000300403",949
"9606.ENSP00000257934","9606.ENSP00000300403",810
"9606.ENSP00000257934","9606.ENSP00000300403",810
"9606.ENSP00000260731","9606.ENSP00000300403",965
"9606.ENSP00000260731","9606.ENSP00000300403",965
"9606.ENSP00000265748","9606.ENSP00000300403",923
"9606.ENSP00000265748","9606.ENSP00000300403",923
"9606.ENSP00000271452","9606.ENSP00000300403",947
"9606.ENSP00000271452","9606.ENSP00000300403",947
"9606.ENSP00000275517","9606.ENSP00000300403",883
"9606.ENSP00000275517","9606.ENSP00000300403",883
"9606.ENSP00000282074","9606.ENSP00000300403",837
"9606.ENSP00000282074","9606.ENSP00000300403",837
"9606.ENSP00000287598","9606.ENSP00000300403",936
"9606.ENSP00000287598","9606.ENSP00000300403",936
"9606.ENSP00000288207","9606.ENSP00000300403",953
"9606.ENSP00000288207","9606.ENSP00000300403",953
"9606.ENSP00000298048","9606.ENSP00000300403",958
"9606.ENSP00000298048","9606.ENSP00000300403",958
"9606.ENSP00000300093","9606.ENSP00000300403",944
"9606.ENSP00000300093","9606.ENSP00000300403",944
"9606.ENSP00000209728","9606.ENSP00000301019",999
"9606.ENSP00000209728","9606.ENSP00000301019",999
"9606.ENSP00000253462","9606.ENSP00000301019",906
"9606.ENSP00000253462","9606.ENSP00000301019",906
"9606.ENSP00000256442","9606.ENSP00000301019",798
"9606.ENSP00000256442","9606.ENSP00000301019",798
"9606.ENSP00000257934","9606.ENSP00000301019",764
"9606.ENSP00000257934","9606.ENSP00000301019",764
"9606.ENSP00000260731","9606.ENSP00000301019",795
"9606.ENSP00000260731","9606.ENSP00000301019",795
"9606.ENSP00000271452","9606.ENSP00000301019",714
"9606.ENSP00000271452","9606.ENSP00000301019",714
"9606.ENSP00000275517","9606.ENSP00000301019",842
"9606.ENSP00000275517","9606.ENSP00000301019",842
"9606.ENSP00000288207","9606.ENSP00000301019",822
"9606.ENSP00000288207","9606.ENSP00000301019",822
"9606.ENSP00000300093","9606.ENSP00000301019",795
"9606.ENSP00000300093","9606.ENSP00000301019",795
"9606.ENSP00000300403","9606.ENSP00000301019",715
"9606.ENSP00000300403","9606.ENSP00000301019",715
"9606.ENSP00000166345","9606.ENSP00000301633",716
"9606.ENSP00000166345","9606.ENSP00000301633",716
"9606.ENSP00000209728","9606.ENSP00000301633",732
"9606.ENSP00000209728","9606.ENSP00000301633",732
"9606.ENSP00000217026","9606.ENSP00000301633",844
"9606.ENSP00000217026","9606.ENSP00000301633",844
"9606.ENSP00000240423","9606.ENSP00000301633",847
"9606.ENSP00000240423","9606.ENSP00000301633",847
"9606.ENSP00000247191","9606.ENSP00000301633",967
"9606.ENSP00000247191","9606.ENSP00000301633",967
"9606.ENSP00000251496","9606.ENSP00000301633",876
"9606.ENSP00000251496","9606.ENSP00000301633",876
"9606.ENSP00000256442","9606.ENSP00000301633",993
"9606.ENSP00000256442","9606.ENSP00000301633",993
"9606.ENSP00000257909","9606.ENSP00000301633",754
"9606.ENSP00000257909","9606.ENSP00000301633",754
"9606.ENSP00000257934","9606.ENSP00000301633",917
"9606.ENSP00000257934","9606.ENSP00000301633",917
"9606.ENSP00000260731","9606.ENSP00000301633",957
"9606.ENSP00000260731","9606.ENSP00000301633",957
"9606.ENSP00000265036","9606.ENSP00000301633",709
"9606.ENSP00000265036","9606.ENSP00000301633",709
"9606.ENSP00000265748","9606.ENSP00000301633",781
"9606.ENSP00000265748","9606.ENSP00000301633",781
"9606.ENSP00000271452","9606.ENSP00000301633",949
"9606.ENSP00000271452","9606.ENSP00000301633",949
"9606.ENSP00000275517","9606.ENSP00000301633",942
"9606.ENSP00000275517","9606.ENSP00000301633",942
"9606.ENSP00000282074","9606.ENSP00000301633",847
"9606.ENSP00000282074","9606.ENSP00000301633",847
"9606.ENSP00000285116","9606.ENSP00000301633",752
"9606.ENSP00000285116","9606.ENSP00000301633",752
"9606.ENSP00000287598","9606.ENSP00000301633",987
"9606.ENSP00000287598","9606.ENSP00000301633",987
"9606.ENSP00000288207","9606.ENSP00000301633",993
"9606.ENSP00000288207","9606.ENSP00000301633",993
"9606.ENSP00000298048","9606.ENSP00000301633",965
"9606.ENSP00000298048","9606.ENSP00000301633",965
"9606.ENSP00000300093","9606.ENSP00000301633",980
"9606.ENSP00000300093","9606.ENSP00000301633",980
"9606.ENSP00000300403","9606.ENSP00000301633",952
"9606.ENSP00000300403","9606.ENSP00000301633",952
"9606.ENSP00000301019","9606.ENSP00000301633",781
"9606.ENSP00000301019","9606.ENSP00000301633",781
"9606.ENSP00000166345","9606.ENSP00000302530",725
"9606.ENSP00000166345","9606.ENSP00000302530",725
"9606.ENSP00000209728","9606.ENSP00000302530",840
"9606.ENSP00000209728","9606.ENSP00000302530",840
"9606.ENSP00000217026","9606.ENSP00000302530",723
"9606.ENSP00000217026","9606.ENSP00000302530",723
"9606.ENSP00000240423","9606.ENSP00000302530",933
"9606.ENSP00000240423","9606.ENSP00000302530",933
"9606.ENSP00000247191","9606.ENSP00000302530",986
"9606.ENSP00000247191","9606.ENSP00000302530",986
"9606.ENSP00000251496","9606.ENSP00000302530",976
"9606.ENSP00000251496","9606.ENSP00000302530",976
"9606.ENSP00000256442","9606.ENSP00000302530",992
"9606.ENSP00000256442","9606.ENSP00000302530",992
"9606.ENSP00000257909","9606.ENSP00000302530",729
"9606.ENSP00000257909","9606.ENSP00000302530",729
"9606.ENSP00000257934","9606.ENSP00000302530",990
"9606.ENSP00000257934","9606.ENSP00000302530",990
"9606.ENSP00000260731","9606.ENSP00000302530",985
"9606.ENSP00000260731","9606.ENSP00000302530",985
"9606.ENSP00000262300","9606.ENSP00000302530",765
"9606.ENSP00000262300","9606.ENSP00000302530",765
"9606.ENSP00000265036","9606.ENSP00000302530",721
"9606.ENSP00000265036","9606.ENSP00000302530",721
"9606.ENSP00000265748","9606.ENSP00000302530",917
"9606.ENSP00000265748","9606.ENSP00000302530",917
"9606.ENSP00000271452","9606.ENSP00000302530",994
"9606.ENSP00000271452","9606.ENSP00000302530",994
"9606.ENSP00000275517","9606.ENSP00000302530",933
"9606.ENSP00000275517","9606.ENSP00000302530",933
"9606.ENSP00000282074","9606.ENSP00000302530",967
"9606.ENSP00000282074","9606.ENSP00000302530",967
"9606.ENSP00000285116","9606.ENSP00000302530",820
"9606.ENSP00000285116","9606.ENSP00000302530",820
"9606.ENSP00000287598","9606.ENSP00000302530",999
"9606.ENSP00000287598","9606.ENSP00000302530",999
"9606.ENSP00000288207","9606.ENSP00000302530",998
"9606.ENSP00000288207","9606.ENSP00000302530",998
"9606.ENSP00000298048","9606.ENSP00000302530",984
"9606.ENSP00000298048","9606.ENSP00000302530",984
"9606.ENSP00000300093","9606.ENSP00000302530",996
"9606.ENSP00000300093","9606.ENSP00000302530",996
"9606.ENSP00000300403","9606.ENSP00000302530",958
"9606.ENSP00000300403","9606.ENSP00000302530",958
"9606.ENSP00000301633","9606.ENSP00000302530",979
"9606.ENSP00000301633","9606.ENSP00000302530",979
"9606.ENSP00000209728","9606.ENSP00000303706",820
"9606.ENSP00000209728","9606.ENSP00000303706",820
"9606.ENSP00000217026","9606.ENSP00000303706",728
"9606.ENSP00000217026","9606.ENSP00000303706",728
"9606.ENSP00000256442","9606.ENSP00000303706",995
"9606.ENSP00000256442","9606.ENSP00000303706",995
"9606.ENSP00000262300","9606.ENSP00000303706",911
"9606.ENSP00000262300","9606.ENSP00000303706",911
"9606.ENSP00000288207","9606.ENSP00000303706",973
"9606.ENSP00000288207","9606.ENSP00000303706",973
"9606.ENSP00000300093","9606.ENSP00000303706",975
"9606.ENSP00000300093","9606.ENSP00000303706",975
"9606.ENSP00000301019","9606.ENSP00000303706",748
"9606.ENSP00000301019","9606.ENSP00000303706",748
"9606.ENSP00000053243","9606.ENSP00000303920",999
"9606.ENSP00000053243","9606.ENSP00000303920",999
"9606.ENSP00000247191","9606.ENSP00000305204",897
"9606.ENSP00000247191","9606.ENSP00000305204",897
"9606.ENSP00000251496","9606.ENSP00000305204",864
"9606.ENSP00000251496","9606.ENSP00000305204",864
"9606.ENSP00000260731","9606.ENSP00000305204",806
"9606.ENSP00000260731","9606.ENSP00000305204",806
"9606.ENSP00000265748","9606.ENSP00000305204",837
"9606.ENSP00000265748","9606.ENSP00000305204",837
"9606.ENSP00000271452","9606.ENSP00000305204",765
"9606.ENSP00000271452","9606.ENSP00000305204",765
"9606.ENSP00000275517","9606.ENSP00000305204",848
"9606.ENSP00000275517","9606.ENSP00000305204",848
"9606.ENSP00000288207","9606.ENSP00000305204",729
"9606.ENSP00000288207","9606.ENSP00000305204",729
"9606.ENSP00000298048","9606.ENSP00000305204",912
"9606.ENSP00000298048","9606.ENSP00000305204",912
"9606.ENSP00000300403","9606.ENSP00000305204",756
"9606.ENSP00000300403","9606.ENSP00000305204",756
"9606.ENSP00000302530","9606.ENSP00000305204",867
"9606.ENSP00000302530","9606.ENSP00000305204",867
"9606.ENSP00000247191","9606.ENSP00000306473",740
"9606.ENSP00000247191","9606.ENSP00000306473",740
"9606.ENSP00000251496","9606.ENSP00000306473",830
"9606.ENSP00000251496","9606.ENSP00000306473",830
"9606.ENSP00000260731","9606.ENSP00000306473",863
"9606.ENSP00000260731","9606.ENSP00000306473",863
"9606.ENSP00000265748","9606.ENSP00000306473",743
"9606.ENSP00000265748","9606.ENSP00000306473",743
"9606.ENSP00000271452","9606.ENSP00000306473",701
"9606.ENSP00000271452","9606.ENSP00000306473",701
"9606.ENSP00000285116","9606.ENSP00000306473",735
"9606.ENSP00000285116","9606.ENSP00000306473",735
"9606.ENSP00000287598","9606.ENSP00000306473",769
"9606.ENSP00000287598","9606.ENSP00000306473",769
"9606.ENSP00000298048","9606.ENSP00000306473",739
"9606.ENSP00000298048","9606.ENSP00000306473",739
"9606.ENSP00000300403","9606.ENSP00000306473",701
"9606.ENSP00000300403","9606.ENSP00000306473",701
"9606.ENSP00000301633","9606.ENSP00000306473",853
"9606.ENSP00000301633","9606.ENSP00000306473",853
"9606.ENSP00000302530","9606.ENSP00000306473",737
"9606.ENSP00000302530","9606.ENSP00000306473",737
"9606.ENSP00000247191","9606.ENSP00000306999",714
"9606.ENSP00000247191","9606.ENSP00000306999",714
"9606.ENSP00000257934","9606.ENSP00000306999",874
"9606.ENSP00000257934","9606.ENSP00000306999",874
"9606.ENSP00000271452","9606.ENSP00000306999",764
"9606.ENSP00000271452","9606.ENSP00000306999",764
"9606.ENSP00000275517","9606.ENSP00000306999",777
"9606.ENSP00000275517","9606.ENSP00000306999",777
"9606.ENSP00000287598","9606.ENSP00000306999",706
"9606.ENSP00000287598","9606.ENSP00000306999",706
"9606.ENSP00000302530","9606.ENSP00000306999",819
"9606.ENSP00000302530","9606.ENSP00000306999",819
"9606.ENSP00000209728","9606.ENSP00000312995",867
"9606.ENSP00000209728","9606.ENSP00000312995",867
"9606.ENSP00000253462","9606.ENSP00000312995",897
"9606.ENSP00000253462","9606.ENSP00000312995",897
"9606.ENSP00000300093","9606.ENSP00000312995",933
"9606.ENSP00000300093","9606.ENSP00000312995",933
"9606.ENSP00000301019","9606.ENSP00000312995",722
"9606.ENSP00000301019","9606.ENSP00000312995",722
"9606.ENSP00000303706","9606.ENSP00000312995",818
"9606.ENSP00000303706","9606.ENSP00000312995",818
"9606.ENSP00000166345","9606.ENSP00000313950",788
"9606.ENSP00000166345","9606.ENSP00000313950",788
"9606.ENSP00000209728","9606.ENSP00000313950",855
"9606.ENSP00000209728","9606.ENSP00000313950",855
"9606.ENSP00000217026","9606.ENSP00000313950",704
"9606.ENSP00000217026","9606.ENSP00000313950",704
"9606.ENSP00000240423","9606.ENSP00000313950",909
"9606.ENSP00000240423","9606.ENSP00000313950",909
"9606.ENSP00000247191","9606.ENSP00000313950",950
"9606.ENSP00000247191","9606.ENSP00000313950",950
"9606.ENSP00000251496","9606.ENSP00000313950",913
"9606.ENSP00000251496","9606.ENSP00000313950",913
"9606.ENSP00000256442","9606.ENSP00000313950",962
"9606.ENSP00000256442","9606.ENSP00000313950",962
"9606.ENSP00000257909","9606.ENSP00000313950",836
"9606.ENSP00000257909","9606.ENSP00000313950",836
"9606.ENSP00000257934","9606.ENSP00000313950",985
"9606.ENSP00000257934","9606.ENSP00000313950",985
"9606.ENSP00000260731","9606.ENSP00000313950",964
"9606.ENSP00000260731","9606.ENSP00000313950",964
"9606.ENSP00000265748","9606.ENSP00000313950",846
"9606.ENSP00000265748","9606.ENSP00000313950",846
"9606.ENSP00000271452","9606.ENSP00000313950",950
"9606.ENSP00000271452","9606.ENSP00000313950",950
"9606.ENSP00000275517","9606.ENSP00000313950",968
"9606.ENSP00000275517","9606.ENSP00000313950",968
"9606.ENSP00000285116","9606.ENSP00000313950",883
"9606.ENSP00000285116","9606.ENSP00000313950",883
"9606.ENSP00000287598","9606.ENSP00000313950",999
"9606.ENSP00000287598","9606.ENSP00000313950",999
"9606.ENSP00000288207","9606.ENSP00000313950",990
"9606.ENSP00000288207","9606.ENSP00000313950",990
"9606.ENSP00000298048","9606.ENSP00000313950",902
"9606.ENSP00000298048","9606.ENSP00000313950",902
"9606.ENSP00000300093","9606.ENSP00000313950",939
"9606.ENSP00000300093","9606.ENSP00000313950",939
"9606.ENSP00000300403","9606.ENSP00000313950",940
"9606.ENSP00000300403","9606.ENSP00000313950",940
"9606.ENSP00000301019","9606.ENSP00000313950",790
"9606.ENSP00000301019","9606.ENSP00000313950",790
"9606.ENSP00000301633","9606.ENSP00000313950",999
"9606.ENSP00000301633","9606.ENSP00000313950",999
"9606.ENSP00000302530","9606.ENSP00000313950",997
"9606.ENSP00000302530","9606.ENSP00000313950",997
"9606.ENSP00000303706","9606.ENSP00000313950",746
"9606.ENSP00000303706","9606.ENSP00000313950",746
"9606.ENSP00000305204","9606.ENSP00000313950",737
"9606.ENSP00000305204","9606.ENSP00000313950",737
"9606.ENSP00000253462","9606.ENSP00000315644",743
"9606.ENSP00000253462","9606.ENSP00000315644",743
"9606.ENSP00000256442","9606.ENSP00000315644",841
"9606.ENSP00000256442","9606.ENSP00000315644",841
"9606.ENSP00000260118","9606.ENSP00000315644",708
"9606.ENSP00000260118","9606.ENSP00000315644",708
"9606.ENSP00000260731","9606.ENSP00000315644",726
"9606.ENSP00000260731","9606.ENSP00000315644",726
"9606.ENSP00000265748","9606.ENSP00000315644",729
"9606.ENSP00000265748","9606.ENSP00000315644",729
"9606.ENSP00000271452","9606.ENSP00000315644",753
"9606.ENSP00000271452","9606.ENSP00000315644",753
"9606.ENSP00000275517","9606.ENSP00000315644",730
"9606.ENSP00000275517","9606.ENSP00000315644",730
"9606.ENSP00000287598","9606.ENSP00000315644",720
"9606.ENSP00000287598","9606.ENSP00000315644",720
"9606.ENSP00000288207","9606.ENSP00000315644",868
"9606.ENSP00000288207","9606.ENSP00000315644",868
"9606.ENSP00000298048","9606.ENSP00000315644",737
"9606.ENSP00000298048","9606.ENSP00000315644",737
"9606.ENSP00000301633","9606.ENSP00000315644",862
"9606.ENSP00000301633","9606.ENSP00000315644",862
"9606.ENSP00000302530","9606.ENSP00000315644",846
"9606.ENSP00000302530","9606.ENSP00000315644",846
"9606.ENSP00000313950","9606.ENSP00000315644",738
"9606.ENSP00000313950","9606.ENSP00000315644",738
"9606.ENSP00000240423","9606.ENSP00000319417",814
"9606.ENSP00000240423","9606.ENSP00000319417",814
"9606.ENSP00000247191","9606.ENSP00000319417",801
"9606.ENSP00000247191","9606.ENSP00000319417",801
"9606.ENSP00000251496","9606.ENSP00000319417",779
"9606.ENSP00000251496","9606.ENSP00000319417",779
"9606.ENSP00000256442","9606.ENSP00000319417",911
"9606.ENSP00000256442","9606.ENSP00000319417",911
"9606.ENSP00000271452","9606.ENSP00000319417",893
"9606.ENSP00000271452","9606.ENSP00000319417",893
"9606.ENSP00000282074","9606.ENSP00000319417",771
"9606.ENSP00000282074","9606.ENSP00000319417",771
"9606.ENSP00000285116","9606.ENSP00000319417",999
"9606.ENSP00000285116","9606.ENSP00000319417",999
"9606.ENSP00000287598","9606.ENSP00000319417",976
"9606.ENSP00000287598","9606.ENSP00000319417",976
"9606.ENSP00000298048","9606.ENSP00000319417",718
"9606.ENSP00000298048","9606.ENSP00000319417",718
"9606.ENSP00000300093","9606.ENSP00000319417",934
"9606.ENSP00000300093","9606.ENSP00000319417",934
"9606.ENSP00000300403","9606.ENSP00000319417",791
"9606.ENSP00000300403","9606.ENSP00000319417",791
"9606.ENSP00000302530","9606.ENSP00000319417",839
"9606.ENSP00000302530","9606.ENSP00000319417",839
"9606.ENSP00000305204","9606.ENSP00000319417",784
"9606.ENSP00000305204","9606.ENSP00000319417",784
"9606.ENSP00000313950","9606.ENSP00000319417",785
"9606.ENSP00000313950","9606.ENSP00000319417",785
"9606.ENSP00000240423","9606.ENSP00000324020",892
"9606.ENSP00000240423","9606.ENSP00000324020",892
"9606.ENSP00000247191","9606.ENSP00000324020",937
"9606.ENSP00000247191","9606.ENSP00000324020",937
"9606.ENSP00000251496","9606.ENSP00000324020",919
"9606.ENSP00000251496","9606.ENSP00000324020",919
"9606.ENSP00000256442","9606.ENSP00000324020",916
"9606.ENSP00000256442","9606.ENSP00000324020",916
"9606.ENSP00000257909","9606.ENSP00000324020",700
"9606.ENSP00000257909","9606.ENSP00000324020",700
"9606.ENSP00000257934","9606.ENSP00000324020",760
"9606.ENSP00000257934","9606.ENSP00000324020",760
"9606.ENSP00000260731","9606.ENSP00000324020",983
"9606.ENSP00000260731","9606.ENSP00000324020",983
"9606.ENSP00000265036","9606.ENSP00000324020",817
"9606.ENSP00000265036","9606.ENSP00000324020",817
"9606.ENSP00000271452","9606.ENSP00000324020",936
"9606.ENSP00000271452","9606.ENSP00000324020",936
"9606.ENSP00000282074","9606.ENSP00000324020",827
"9606.ENSP00000282074","9606.ENSP00000324020",827
"9606.ENSP00000287598","9606.ENSP00000324020",923
"9606.ENSP00000287598","9606.ENSP00000324020",923
"9606.ENSP00000288207","9606.ENSP00000324020",828
"9606.ENSP00000288207","9606.ENSP00000324020",828
"9606.ENSP00000298048","9606.ENSP00000324020",868
"9606.ENSP00000298048","9606.ENSP00000324020",868
"9606.ENSP00000300403","9606.ENSP00000324020",948
"9606.ENSP00000300403","9606.ENSP00000324020",948
"9606.ENSP00000301633","9606.ENSP00000324020",835
"9606.ENSP00000301633","9606.ENSP00000324020",835
"9606.ENSP00000302530","9606.ENSP00000324020",923
"9606.ENSP00000302530","9606.ENSP00000324020",923
"9606.ENSP00000313950","9606.ENSP00000324020",858
"9606.ENSP00000313950","9606.ENSP00000324020",858
"9606.ENSP00000240423","9606.ENSP00000328228",770
"9606.ENSP00000240423","9606.ENSP00000328228",770
"9606.ENSP00000247191","9606.ENSP00000328228",898
"9606.ENSP00000247191","9606.ENSP00000328228",898
"9606.ENSP00000251496","9606.ENSP00000328228",860
"9606.ENSP00000251496","9606.ENSP00000328228",860
"9606.ENSP00000256442","9606.ENSP00000328228",763
"9606.ENSP00000256442","9606.ENSP00000328228",763
"9606.ENSP00000257909","9606.ENSP00000328228",705
"9606.ENSP00000257909","9606.ENSP00000328228",705
"9606.ENSP00000260731","9606.ENSP00000328228",904
"9606.ENSP00000260731","9606.ENSP00000328228",904
"9606.ENSP00000265036","9606.ENSP00000328228",723
"9606.ENSP00000265036","9606.ENSP00000328228",723
"9606.ENSP00000271452","9606.ENSP00000328228",886
"9606.ENSP00000271452","9606.ENSP00000328228",886
"9606.ENSP00000275517","9606.ENSP00000328228",867
"9606.ENSP00000275517","9606.ENSP00000328228",867
"9606.ENSP00000287598","9606.ENSP00000328228",916
"9606.ENSP00000287598","9606.ENSP00000328228",916
"9606.ENSP00000288207","9606.ENSP00000328228",793
"9606.ENSP00000288207","9606.ENSP00000328228",793
"9606.ENSP00000300093","9606.ENSP00000328228",723
"9606.ENSP00000300093","9606.ENSP00000328228",723
"9606.ENSP00000300403","9606.ENSP00000328228",810
"9606.ENSP00000300403","9606.ENSP00000328228",810
"9606.ENSP00000302530","9606.ENSP00000328228",890
"9606.ENSP00000302530","9606.ENSP00000328228",890
"9606.ENSP00000305204","9606.ENSP00000328228",871
"9606.ENSP00000305204","9606.ENSP00000328228",871
"9606.ENSP00000313950","9606.ENSP00000328228",756
"9606.ENSP00000313950","9606.ENSP00000328228",756
"9606.ENSP00000319417","9606.ENSP00000328228",874
"9606.ENSP00000319417","9606.ENSP00000328228",874
"9606.ENSP00000324020","9606.ENSP00000328228",733
"9606.ENSP00000324020","9606.ENSP00000328228",733
"9606.ENSP00000247191","9606.ENSP00000335357",962
"9606.ENSP00000247191","9606.ENSP00000335357",962
"9606.ENSP00000251496","9606.ENSP00000335357",816
"9606.ENSP00000251496","9606.ENSP00000335357",816
"9606.ENSP00000256442","9606.ENSP00000335357",941
"9606.ENSP00000256442","9606.ENSP00000335357",941
"9606.ENSP00000260731","9606.ENSP00000335357",848
"9606.ENSP00000260731","9606.ENSP00000335357",848
"9606.ENSP00000271452","9606.ENSP00000335357",858
"9606.ENSP00000271452","9606.ENSP00000335357",858
"9606.ENSP00000282074","9606.ENSP00000335357",817
"9606.ENSP00000282074","9606.ENSP00000335357",817
"9606.ENSP00000287598","9606.ENSP00000335357",897
"9606.ENSP00000287598","9606.ENSP00000335357",897
"9606.ENSP00000288207","9606.ENSP00000335357",893
"9606.ENSP00000288207","9606.ENSP00000335357",893
"9606.ENSP00000298048","9606.ENSP00000335357",842
"9606.ENSP00000298048","9606.ENSP00000335357",842
"9606.ENSP00000300093","9606.ENSP00000335357",771
"9606.ENSP00000300093","9606.ENSP00000335357",771
"9606.ENSP00000300403","9606.ENSP00000335357",818
"9606.ENSP00000300403","9606.ENSP00000335357",818
"9606.ENSP00000301633","9606.ENSP00000335357",887
"9606.ENSP00000301633","9606.ENSP00000335357",887
"9606.ENSP00000302530","9606.ENSP00000335357",846
"9606.ENSP00000302530","9606.ENSP00000335357",846
"9606.ENSP00000313950","9606.ENSP00000335357",724
"9606.ENSP00000313950","9606.ENSP00000335357",724
"9606.ENSP00000324020","9606.ENSP00000335357",727
"9606.ENSP00000324020","9606.ENSP00000335357",727
"9606.ENSP00000247191","9606.ENSP00000336868",945
"9606.ENSP00000247191","9606.ENSP00000336868",945
"9606.ENSP00000251496","9606.ENSP00000336868",870
"9606.ENSP00000251496","9606.ENSP00000336868",870
"9606.ENSP00000256442","9606.ENSP00000336868",953
"9606.ENSP00000256442","9606.ENSP00000336868",953
"9606.ENSP00000257934","9606.ENSP00000336868",890
"9606.ENSP00000257934","9606.ENSP00000336868",890
"9606.ENSP00000260731","9606.ENSP00000336868",942
"9606.ENSP00000260731","9606.ENSP00000336868",942
"9606.ENSP00000271452","9606.ENSP00000336868",936
"9606.ENSP00000271452","9606.ENSP00000336868",936
"9606.ENSP00000275517","9606.ENSP00000336868",856
"9606.ENSP00000275517","9606.ENSP00000336868",856
"9606.ENSP00000282074","9606.ENSP00000336868",804
"9606.ENSP00000282074","9606.ENSP00000336868",804
"9606.ENSP00000285116","9606.ENSP00000336868",843
"9606.ENSP00000285116","9606.ENSP00000336868",843
"9606.ENSP00000287598","9606.ENSP00000336868",985
"9606.ENSP00000287598","9606.ENSP00000336868",985
"9606.ENSP00000288207","9606.ENSP00000336868",975
"9606.ENSP00000288207","9606.ENSP00000336868",975
"9606.ENSP00000298048","9606.ENSP00000336868",882
"9606.ENSP00000298048","9606.ENSP00000336868",882
"9606.ENSP00000300093","9606.ENSP00000336868",988
"9606.ENSP00000300093","9606.ENSP00000336868",988
"9606.ENSP00000300403","9606.ENSP00000336868",882
"9606.ENSP00000300403","9606.ENSP00000336868",882
"9606.ENSP00000301633","9606.ENSP00000336868",955
"9606.ENSP00000301633","9606.ENSP00000336868",955
"9606.ENSP00000302530","9606.ENSP00000336868",969
"9606.ENSP00000302530","9606.ENSP00000336868",969
"9606.ENSP00000305204","9606.ENSP00000336868",829
"9606.ENSP00000305204","9606.ENSP00000336868",829
"9606.ENSP00000306473","9606.ENSP00000336868",809
"9606.ENSP00000306473","9606.ENSP00000336868",809
"9606.ENSP00000313950","9606.ENSP00000336868",997
"9606.ENSP00000313950","9606.ENSP00000336868",997
"9606.ENSP00000324020","9606.ENSP00000336868",865
"9606.ENSP00000324020","9606.ENSP00000336868",865
"9606.ENSP00000328228","9606.ENSP00000336868",820
"9606.ENSP00000328228","9606.ENSP00000336868",820
"9606.ENSP00000335357","9606.ENSP00000336868",824
"9606.ENSP00000335357","9606.ENSP00000336868",824
"9606.ENSP00000166345","9606.ENSP00000342307",800
"9606.ENSP00000166345","9606.ENSP00000342307",800
"9606.ENSP00000217026","9606.ENSP00000342307",998
"9606.ENSP00000217026","9606.ENSP00000342307",998
"9606.ENSP00000247191","9606.ENSP00000342307",872
"9606.ENSP00000247191","9606.ENSP00000342307",872
"9606.ENSP00000251496","9606.ENSP00000342307",860
"9606.ENSP00000251496","9606.ENSP00000342307",860
"9606.ENSP00000256442","9606.ENSP00000342307",988
"9606.ENSP00000256442","9606.ENSP00000342307",988
"9606.ENSP00000257909","9606.ENSP00000342307",828
"9606.ENSP00000257909","9606.ENSP00000342307",828
"9606.ENSP00000257934","9606.ENSP00000342307",923
"9606.ENSP00000257934","9606.ENSP00000342307",923
"9606.ENSP00000260731","9606.ENSP00000342307",934
"9606.ENSP00000260731","9606.ENSP00000342307",934
"9606.ENSP00000287598","9606.ENSP00000342307",944
"9606.ENSP00000287598","9606.ENSP00000342307",944
"9606.ENSP00000288207","9606.ENSP00000342307",895
"9606.ENSP00000288207","9606.ENSP00000342307",895
"9606.ENSP00000298048","9606.ENSP00000342307",973
"9606.ENSP00000298048","9606.ENSP00000342307",973
"9606.ENSP00000300093","9606.ENSP00000342307",995
"9606.ENSP00000300093","9606.ENSP00000342307",995
"9606.ENSP00000300403","9606.ENSP00000342307",932
"9606.ENSP00000300403","9606.ENSP00000342307",932
"9606.ENSP00000301633","9606.ENSP00000342307",958
"9606.ENSP00000301633","9606.ENSP00000342307",958
"9606.ENSP00000302530","9606.ENSP00000342307",825
"9606.ENSP00000302530","9606.ENSP00000342307",825
"9606.ENSP00000303706","9606.ENSP00000342307",936
"9606.ENSP00000303706","9606.ENSP00000342307",936
"9606.ENSP00000313950","9606.ENSP00000342307",889
"9606.ENSP00000313950","9606.ENSP00000342307",889
"9606.ENSP00000324020","9606.ENSP00000342307",800
"9606.ENSP00000324020","9606.ENSP00000342307",800
"9606.ENSP00000336868","9606.ENSP00000342307",794
"9606.ENSP00000336868","9606.ENSP00000342307",794
"9606.ENSP00000166345","9606.ENSP00000348838",828
"9606.ENSP00000166345","9606.ENSP00000348838",828
"9606.ENSP00000209728","9606.ENSP00000348838",835
"9606.ENSP00000209728","9606.ENSP00000348838",835
"9606.ENSP00000217026","9606.ENSP00000348838",773
"9606.ENSP00000217026","9606.ENSP00000348838",773
"9606.ENSP00000240423","9606.ENSP00000348838",724
"9606.ENSP00000240423","9606.ENSP00000348838",724
"9606.ENSP00000247191","9606.ENSP00000348838",968
"9606.ENSP00000247191","9606.ENSP00000348838",968
"9606.ENSP00000251496","9606.ENSP00000348838",860
"9606.ENSP00000251496","9606.ENSP00000348838",860
"9606.ENSP00000256442","9606.ENSP00000348838",990
"9606.ENSP00000256442","9606.ENSP00000348838",990
"9606.ENSP00000257909","9606.ENSP00000348838",778
"9606.ENSP00000257909","9606.ENSP00000348838",778
"9606.ENSP00000257934","9606.ENSP00000348838",927
"9606.ENSP00000257934","9606.ENSP00000348838",927
"9606.ENSP00000260731","9606.ENSP00000348838",916
"9606.ENSP00000260731","9606.ENSP00000348838",916
"9606.ENSP00000265748","9606.ENSP00000348838",773
"9606.ENSP00000265748","9606.ENSP00000348838",773
"9606.ENSP00000271452","9606.ENSP00000348838",887
"9606.ENSP00000271452","9606.ENSP00000348838",887
"9606.ENSP00000275517","9606.ENSP00000348838",835
"9606.ENSP00000275517","9606.ENSP00000348838",835
"9606.ENSP00000282074","9606.ENSP00000348838",777
"9606.ENSP00000282074","9606.ENSP00000348838",777
"9606.ENSP00000287598","9606.ENSP00000348838",991
"9606.ENSP00000287598","9606.ENSP00000348838",991
"9606.ENSP00000288207","9606.ENSP00000348838",968
"9606.ENSP00000288207","9606.ENSP00000348838",968
"9606.ENSP00000298048","9606.ENSP00000348838",948
"9606.ENSP00000298048","9606.ENSP00000348838",948
"9606.ENSP00000300093","9606.ENSP00000348838",927
"9606.ENSP00000300093","9606.ENSP00000348838",927
"9606.ENSP00000300403","9606.ENSP00000348838",965
"9606.ENSP00000300403","9606.ENSP00000348838",965
"9606.ENSP00000301019","9606.ENSP00000348838",757
"9606.ENSP00000301019","9606.ENSP00000348838",757
"9606.ENSP00000301633","9606.ENSP00000348838",992
"9606.ENSP00000301633","9606.ENSP00000348838",992
"9606.ENSP00000302530","9606.ENSP00000348838",954
"9606.ENSP00000302530","9606.ENSP00000348838",954
"9606.ENSP00000313950","9606.ENSP00000348838",955
"9606.ENSP00000313950","9606.ENSP00000348838",955
"9606.ENSP00000315644","9606.ENSP00000348838",858
"9606.ENSP00000315644","9606.ENSP00000348838",858
"9606.ENSP00000319417","9606.ENSP00000348838",719
"9606.ENSP00000319417","9606.ENSP00000348838",719
"9606.ENSP00000324020","9606.ENSP00000348838",844
"9606.ENSP00000324020","9606.ENSP00000348838",844
"9606.ENSP00000335357","9606.ENSP00000348838",847
"9606.ENSP00000335357","9606.ENSP00000348838",847
"9606.ENSP00000336868","9606.ENSP00000348838",938
"9606.ENSP00000336868","9606.ENSP00000348838",938
"9606.ENSP00000342307","9606.ENSP00000348838",894
"9606.ENSP00000342307","9606.ENSP00000348838",894
"9606.ENSP00000209728","9606.ENSP00000353770",929
"9606.ENSP00000209728","9606.ENSP00000353770",929
"9606.ENSP00000217026","9606.ENSP00000353770",745
"9606.ENSP00000217026","9606.ENSP00000353770",745
"9606.ENSP00000240423","9606.ENSP00000353770",721
"9606.ENSP00000240423","9606.ENSP00000353770",721
"9606.ENSP00000247191","9606.ENSP00000353770",950
"9606.ENSP00000247191","9606.ENSP00000353770",950
"9606.ENSP00000251496","9606.ENSP00000353770",892
"9606.ENSP00000251496","9606.ENSP00000353770",892
"9606.ENSP00000256442","9606.ENSP00000353770",905
"9606.ENSP00000256442","9606.ENSP00000353770",905
"9606.ENSP00000260731","9606.ENSP00000353770",947
"9606.ENSP00000260731","9606.ENSP00000353770",947
"9606.ENSP00000265748","9606.ENSP00000353770",785
"9606.ENSP00000265748","9606.ENSP00000353770",785
"9606.ENSP00000271452","9606.ENSP00000353770",787
"9606.ENSP00000271452","9606.ENSP00000353770",787
"9606.ENSP00000287598","9606.ENSP00000353770",922
"9606.ENSP00000287598","9606.ENSP00000353770",922
"9606.ENSP00000288207","9606.ENSP00000353770",913
"9606.ENSP00000288207","9606.ENSP00000353770",913
"9606.ENSP00000298048","9606.ENSP00000353770",933
"9606.ENSP00000298048","9606.ENSP00000353770",933
"9606.ENSP00000300093","9606.ENSP00000353770",873
"9606.ENSP00000300093","9606.ENSP00000353770",873
"9606.ENSP00000300403","9606.ENSP00000353770",943
"9606.ENSP00000300403","9606.ENSP00000353770",943
"9606.ENSP00000301019","9606.ENSP00000353770",899
"9606.ENSP00000301019","9606.ENSP00000353770",899
"9606.ENSP00000301633","9606.ENSP00000353770",895
"9606.ENSP00000301633","9606.ENSP00000353770",895
"9606.ENSP00000302530","9606.ENSP00000353770",825
"9606.ENSP00000302530","9606.ENSP00000353770",825
"9606.ENSP00000306473","9606.ENSP00000353770",834
"9606.ENSP00000306473","9606.ENSP00000353770",834
"9606.ENSP00000313950","9606.ENSP00000353770",840
"9606.ENSP00000313950","9606.ENSP00000353770",840
"9606.ENSP00000315644","9606.ENSP00000353770",939
"9606.ENSP00000315644","9606.ENSP00000353770",939
"9606.ENSP00000335357","9606.ENSP00000353770",713
"9606.ENSP00000335357","9606.ENSP00000353770",713
"9606.ENSP00000336868","9606.ENSP00000353770",818
"9606.ENSP00000336868","9606.ENSP00000353770",818
"9606.ENSP00000342307","9606.ENSP00000353770",835
"9606.ENSP00000342307","9606.ENSP00000353770",835
"9606.ENSP00000348838","9606.ENSP00000353770",931
"9606.ENSP00000348838","9606.ENSP00000353770",931
"9606.ENSP00000166345","9606.ENSP00000355922",746
"9606.ENSP00000166345","9606.ENSP00000355922",746
"9606.ENSP00000247191","9606.ENSP00000355922",976
"9606.ENSP00000247191","9606.ENSP00000355922",976
"9606.ENSP00000251496","9606.ENSP00000355922",924
"9606.ENSP00000251496","9606.ENSP00000355922",924
"9606.ENSP00000256442","9606.ENSP00000355922",988
"9606.ENSP00000256442","9606.ENSP00000355922",988
"9606.ENSP00000257909","9606.ENSP00000355922",764
"9606.ENSP00000257909","9606.ENSP00000355922",764
"9606.ENSP00000257934","9606.ENSP00000355922",926
"9606.ENSP00000257934","9606.ENSP00000355922",926
"9606.ENSP00000260731","9606.ENSP00000355922",972
"9606.ENSP00000260731","9606.ENSP00000355922",972
"9606.ENSP00000265748","9606.ENSP00000355922",842
"9606.ENSP00000265748","9606.ENSP00000355922",842
"9606.ENSP00000271452","9606.ENSP00000355922",952
"9606.ENSP00000271452","9606.ENSP00000355922",952
"9606.ENSP00000275517","9606.ENSP00000355922",857
"9606.ENSP00000275517","9606.ENSP00000355922",857
"9606.ENSP00000282074","9606.ENSP00000355922",734
"9606.ENSP00000282074","9606.ENSP00000355922",734
"9606.ENSP00000285116","9606.ENSP00000355922",965
"9606.ENSP00000285116","9606.ENSP00000355922",965
"9606.ENSP00000287598","9606.ENSP00000355922",999
"9606.ENSP00000287598","9606.ENSP00000355922",999
"9606.ENSP00000288207","9606.ENSP00000355922",974
"9606.ENSP00000288207","9606.ENSP00000355922",974
"9606.ENSP00000298048","9606.ENSP00000355922",919
"9606.ENSP00000298048","9606.ENSP00000355922",919
"9606.ENSP00000300093","9606.ENSP00000355922",973
"9606.ENSP00000300093","9606.ENSP00000355922",973
"9606.ENSP00000300403","9606.ENSP00000355922",954
"9606.ENSP00000300403","9606.ENSP00000355922",954
"9606.ENSP00000301633","9606.ENSP00000355922",960
"9606.ENSP00000301633","9606.ENSP00000355922",960
"9606.ENSP00000302530","9606.ENSP00000355922",987
"9606.ENSP00000302530","9606.ENSP00000355922",987
"9606.ENSP00000305204","9606.ENSP00000355922",737
"9606.ENSP00000305204","9606.ENSP00000355922",737
"9606.ENSP00000313950","9606.ENSP00000355922",925
"9606.ENSP00000313950","9606.ENSP00000355922",925
"9606.ENSP00000319417","9606.ENSP00000355922",968
"9606.ENSP00000319417","9606.ENSP00000355922",968
"9606.ENSP00000324020","9606.ENSP00000355922",959
"9606.ENSP00000324020","9606.ENSP00000355922",959
"9606.ENSP00000328228","9606.ENSP00000355922",795
"9606.ENSP00000328228","9606.ENSP00000355922",795
"9606.ENSP00000335357","9606.ENSP00000355922",725
"9606.ENSP00000335357","9606.ENSP00000355922",725
"9606.ENSP00000336868","9606.ENSP00000355922",965
"9606.ENSP00000336868","9606.ENSP00000355922",965
"9606.ENSP00000342307","9606.ENSP00000355922",989
"9606.ENSP00000342307","9606.ENSP00000355922",989
"9606.ENSP00000348838","9606.ENSP00000355922",940
"9606.ENSP00000348838","9606.ENSP00000355922",940
"9606.ENSP00000353770","9606.ENSP00000355922",822
"9606.ENSP00000353770","9606.ENSP00000355922",822
"9606.ENSP00000209728","9606.ENSP00000355958",963
"9606.ENSP00000209728","9606.ENSP00000355958",963
"9606.ENSP00000247191","9606.ENSP00000355958",756
"9606.ENSP00000247191","9606.ENSP00000355958",756
"9606.ENSP00000251496","9606.ENSP00000355958",830
"9606.ENSP00000251496","9606.ENSP00000355958",830
"9606.ENSP00000260731","9606.ENSP00000355958",850
"9606.ENSP00000260731","9606.ENSP00000355958",850
"9606.ENSP00000271452","9606.ENSP00000355958",816
"9606.ENSP00000271452","9606.ENSP00000355958",816
"9606.ENSP00000282074","9606.ENSP00000355958",785
"9606.ENSP00000282074","9606.ENSP00000355958",785
"9606.ENSP00000287598","9606.ENSP00000355958",811
"9606.ENSP00000287598","9606.ENSP00000355958",811
"9606.ENSP00000298048","9606.ENSP00000355958",842
"9606.ENSP00000298048","9606.ENSP00000355958",842
"9606.ENSP00000301019","9606.ENSP00000355958",998
"9606.ENSP00000301019","9606.ENSP00000355958",998
"9606.ENSP00000302530","9606.ENSP00000355958",811
"9606.ENSP00000302530","9606.ENSP00000355958",811
"9606.ENSP00000303706","9606.ENSP00000355958",755
"9606.ENSP00000303706","9606.ENSP00000355958",755
"9606.ENSP00000315644","9606.ENSP00000355958",713
"9606.ENSP00000315644","9606.ENSP00000355958",713
"9606.ENSP00000324020","9606.ENSP00000355958",807
"9606.ENSP00000324020","9606.ENSP00000355958",807
"9606.ENSP00000353770","9606.ENSP00000355958",880
"9606.ENSP00000353770","9606.ENSP00000355958",880
"9606.ENSP00000355922","9606.ENSP00000355958",893
"9606.ENSP00000355922","9606.ENSP00000355958",893
"9606.ENSP00000166345","9606.ENSP00000356379",729
"9606.ENSP00000166345","9606.ENSP00000356379",729
"9606.ENSP00000240423","9606.ENSP00000356379",862
"9606.ENSP00000240423","9606.ENSP00000356379",862
"9606.ENSP00000247191","9606.ENSP00000356379",994
"9606.ENSP00000247191","9606.ENSP00000356379",994
"9606.ENSP00000251496","9606.ENSP00000356379",972
"9606.ENSP00000251496","9606.ENSP00000356379",972
"9606.ENSP00000256442","9606.ENSP00000356379",952
"9606.ENSP00000256442","9606.ENSP00000356379",952
"9606.ENSP00000257909","9606.ENSP00000356379",764
"9606.ENSP00000257909","9606.ENSP00000356379",764
"9606.ENSP00000257934","9606.ENSP00000356379",857
"9606.ENSP00000257934","9606.ENSP00000356379",857
"9606.ENSP00000260731","9606.ENSP00000356379",989
"9606.ENSP00000260731","9606.ENSP00000356379",989
"9606.ENSP00000265748","9606.ENSP00000356379",900
"9606.ENSP00000265748","9606.ENSP00000356379",900
"9606.ENSP00000271452","9606.ENSP00000356379",980
"9606.ENSP00000271452","9606.ENSP00000356379",980
"9606.ENSP00000275517","9606.ENSP00000356379",746
"9606.ENSP00000275517","9606.ENSP00000356379",746
"9606.ENSP00000282074","9606.ENSP00000356379",852
"9606.ENSP00000282074","9606.ENSP00000356379",852
"9606.ENSP00000287598","9606.ENSP00000356379",974
"9606.ENSP00000287598","9606.ENSP00000356379",974
"9606.ENSP00000288207","9606.ENSP00000356379",951
"9606.ENSP00000288207","9606.ENSP00000356379",951
"9606.ENSP00000298048","9606.ENSP00000356379",946
"9606.ENSP00000298048","9606.ENSP00000356379",946
"9606.ENSP00000300093","9606.ENSP00000356379",704
"9606.ENSP00000300093","9606.ENSP00000356379",704
"9606.ENSP00000300403","9606.ENSP00000356379",949
"9606.ENSP00000300403","9606.ENSP00000356379",949
"9606.ENSP00000301633","9606.ENSP00000356379",879
"9606.ENSP00000301633","9606.ENSP00000356379",879
"9606.ENSP00000302530","9606.ENSP00000356379",976
"9606.ENSP00000302530","9606.ENSP00000356379",976
"9606.ENSP00000305204","9606.ENSP00000356379",883
"9606.ENSP00000305204","9606.ENSP00000356379",883
"9606.ENSP00000313950","9606.ENSP00000356379",890
"9606.ENSP00000313950","9606.ENSP00000356379",890
"9606.ENSP00000315644","9606.ENSP00000356379",760
"9606.ENSP00000315644","9606.ENSP00000356379",760
"9606.ENSP00000324020","9606.ENSP00000356379",971
"9606.ENSP00000324020","9606.ENSP00000356379",971
"9606.ENSP00000328228","9606.ENSP00000356379",836
"9606.ENSP00000328228","9606.ENSP00000356379",836
"9606.ENSP00000335357","9606.ENSP00000356379",854
"9606.ENSP00000335357","9606.ENSP00000356379",854
"9606.ENSP00000336868","9606.ENSP00000356379",865
"9606.ENSP00000336868","9606.ENSP00000356379",865
"9606.ENSP00000342307","9606.ENSP00000356379",848
"9606.ENSP00000342307","9606.ENSP00000356379",848
"9606.ENSP00000348838","9606.ENSP00000356379",943
"9606.ENSP00000348838","9606.ENSP00000356379",943
"9606.ENSP00000353770","9606.ENSP00000356379",854
"9606.ENSP00000353770","9606.ENSP00000356379",854
"9606.ENSP00000355922","9606.ENSP00000356379",987
"9606.ENSP00000355922","9606.ENSP00000356379",987
"9606.ENSP00000355958","9606.ENSP00000356379",848
"9606.ENSP00000355958","9606.ENSP00000356379",848
"9606.ENSP00000217026","9606.ENSP00000357643",783
"9606.ENSP00000217026","9606.ENSP00000357643",783
"9606.ENSP00000240423","9606.ENSP00000357643",700
"9606.ENSP00000240423","9606.ENSP00000357643",700
"9606.ENSP00000247191","9606.ENSP00000357643",902
"9606.ENSP00000247191","9606.ENSP00000357643",902
"9606.ENSP00000251496","9606.ENSP00000357643",908
"9606.ENSP00000251496","9606.ENSP00000357643",908
"9606.ENSP00000256442","9606.ENSP00000357643",868
"9606.ENSP00000256442","9606.ENSP00000357643",868
"9606.ENSP00000257909","9606.ENSP00000357643",704
"9606.ENSP00000257909","9606.ENSP00000357643",704
"9606.ENSP00000257934","9606.ENSP00000357643",856
"9606.ENSP00000257934","9606.ENSP00000357643",856
"9606.ENSP00000260731","9606.ENSP00000357643",931
"9606.ENSP00000260731","9606.ENSP00000357643",931
"9606.ENSP00000265748","9606.ENSP00000357643",745
"9606.ENSP00000265748","9606.ENSP00000357643",745
"9606.ENSP00000271452","9606.ENSP00000357643",759
"9606.ENSP00000271452","9606.ENSP00000357643",759
"9606.ENSP00000287598","9606.ENSP00000357643",932
"9606.ENSP00000287598","9606.ENSP00000357643",932
"9606.ENSP00000288207","9606.ENSP00000357643",870
"9606.ENSP00000288207","9606.ENSP00000357643",870
"9606.ENSP00000298048","9606.ENSP00000357643",911
"9606.ENSP00000298048","9606.ENSP00000357643",911
"9606.ENSP00000300093","9606.ENSP00000357643",831
"9606.ENSP00000300093","9606.ENSP00000357643",831
"9606.ENSP00000300403","9606.ENSP00000357643",954
"9606.ENSP00000300403","9606.ENSP00000357643",954
"9606.ENSP00000301633","9606.ENSP00000357643",939
"9606.ENSP00000301633","9606.ENSP00000357643",939
"9606.ENSP00000302530","9606.ENSP00000357643",963
"9606.ENSP00000302530","9606.ENSP00000357643",963
"9606.ENSP00000306473","9606.ENSP00000357643",743
"9606.ENSP00000306473","9606.ENSP00000357643",743
"9606.ENSP00000312995","9606.ENSP00000357643",723
"9606.ENSP00000312995","9606.ENSP00000357643",723
"9606.ENSP00000313950","9606.ENSP00000357643",865
"9606.ENSP00000313950","9606.ENSP00000357643",865
"9606.ENSP00000324020","9606.ENSP00000357643",935
"9606.ENSP00000324020","9606.ENSP00000357643",935
"9606.ENSP00000335357","9606.ENSP00000357643",707
"9606.ENSP00000335357","9606.ENSP00000357643",707
"9606.ENSP00000336868","9606.ENSP00000357643",785
"9606.ENSP00000336868","9606.ENSP00000357643",785
"9606.ENSP00000342307","9606.ENSP00000357643",910
"9606.ENSP00000342307","9606.ENSP00000357643",910
"9606.ENSP00000348838","9606.ENSP00000357643",916
"9606.ENSP00000348838","9606.ENSP00000357643",916
"9606.ENSP00000353770","9606.ENSP00000357643",945
"9606.ENSP00000353770","9606.ENSP00000357643",945
"9606.ENSP00000355922","9606.ENSP00000357643",979
"9606.ENSP00000355922","9606.ENSP00000357643",979
"9606.ENSP00000356379","9606.ENSP00000357643",962
"9606.ENSP00000356379","9606.ENSP00000357643",962
"9606.ENSP00000166345","9606.ENSP00000360540",815
"9606.ENSP00000166345","9606.ENSP00000360540",815
"9606.ENSP00000247191","9606.ENSP00000360540",999
"9606.ENSP00000247191","9606.ENSP00000360540",999
"9606.ENSP00000251496","9606.ENSP00000360540",899
"9606.ENSP00000251496","9606.ENSP00000360540",899
"9606.ENSP00000256442","9606.ENSP00000360540",940
"9606.ENSP00000256442","9606.ENSP00000360540",940
"9606.ENSP00000257934","9606.ENSP00000360540",743
"9606.ENSP00000257934","9606.ENSP00000360540",743
"9606.ENSP00000260731","9606.ENSP00000360540",997
"9606.ENSP00000260731","9606.ENSP00000360540",997
"9606.ENSP00000265036","9606.ENSP00000360540",834
"9606.ENSP00000265036","9606.ENSP00000360540",834
"9606.ENSP00000265748","9606.ENSP00000360540",930
"9606.ENSP00000265748","9606.ENSP00000360540",930
"9606.ENSP00000271452","9606.ENSP00000360540",947
"9606.ENSP00000271452","9606.ENSP00000360540",947
"9606.ENSP00000275517","9606.ENSP00000360540",873
"9606.ENSP00000275517","9606.ENSP00000360540",873
"9606.ENSP00000282074","9606.ENSP00000360540",811
"9606.ENSP00000282074","9606.ENSP00000360540",811
"9606.ENSP00000285116","9606.ENSP00000360540",720
"9606.ENSP00000285116","9606.ENSP00000360540",720
"9606.ENSP00000287598","9606.ENSP00000360540",939
"9606.ENSP00000287598","9606.ENSP00000360540",939
"9606.ENSP00000288207","9606.ENSP00000360540",907
"9606.ENSP00000288207","9606.ENSP00000360540",907
"9606.ENSP00000298048","9606.ENSP00000360540",956
"9606.ENSP00000298048","9606.ENSP00000360540",956
"9606.ENSP00000300093","9606.ENSP00000360540",837
"9606.ENSP00000300093","9606.ENSP00000360540",837
"9606.ENSP00000300403","9606.ENSP00000360540",944
"9606.ENSP00000300403","9606.ENSP00000360540",944
"9606.ENSP00000301633","9606.ENSP00000360540",913
"9606.ENSP00000301633","9606.ENSP00000360540",913
"9606.ENSP00000302530","9606.ENSP00000360540",928
"9606.ENSP00000302530","9606.ENSP00000360540",928
"9606.ENSP00000305204","9606.ENSP00000360540",886
"9606.ENSP00000305204","9606.ENSP00000360540",886
"9606.ENSP00000306473","9606.ENSP00000360540",785
"9606.ENSP00000306473","9606.ENSP00000360540",785
"9606.ENSP00000313950","9606.ENSP00000360540",864
"9606.ENSP00000313950","9606.ENSP00000360540",864
"9606.ENSP00000315644","9606.ENSP00000360540",767
"9606.ENSP00000315644","9606.ENSP00000360540",767
"9606.ENSP00000324020","9606.ENSP00000360540",893
"9606.ENSP00000324020","9606.ENSP00000360540",893
"9606.ENSP00000328228","9606.ENSP00000360540",710
"9606.ENSP00000328228","9606.ENSP00000360540",710
"9606.ENSP00000335357","9606.ENSP00000360540",822
"9606.ENSP00000335357","9606.ENSP00000360540",822
"9606.ENSP00000336868","9606.ENSP00000360540",920
"9606.ENSP00000336868","9606.ENSP00000360540",920
"9606.ENSP00000342307","9606.ENSP00000360540",860
"9606.ENSP00000342307","9606.ENSP00000360540",860
"9606.ENSP00000348838","9606.ENSP00000360540",938
"9606.ENSP00000348838","9606.ENSP00000360540",938
"9606.ENSP00000353770","9606.ENSP00000360540",945
"9606.ENSP00000353770","9606.ENSP00000360540",945
"9606.ENSP00000355922","9606.ENSP00000360540",959
"9606.ENSP00000355922","9606.ENSP00000360540",959
"9606.ENSP00000355958","9606.ENSP00000360540",817
"9606.ENSP00000355958","9606.ENSP00000360540",817
"9606.ENSP00000356379","9606.ENSP00000360540",950
"9606.ENSP00000356379","9606.ENSP00000360540",950
"9606.ENSP00000357643","9606.ENSP00000360540",904
"9606.ENSP00000357643","9606.ENSP00000360540",904
"9606.ENSP00000287598","9606.ENSP00000361043",745
"9606.ENSP00000287598","9606.ENSP00000361043",745
"9606.ENSP00000302530","9606.ENSP00000361043",728
"9606.ENSP00000302530","9606.ENSP00000361043",728
"9606.ENSP00000324020","9606.ENSP00000361043",703
"9606.ENSP00000324020","9606.ENSP00000361043",703
"9606.ENSP00000166345","9606.ENSP00000361298",811
"9606.ENSP00000166345","9606.ENSP00000361298",811
"9606.ENSP00000209728","9606.ENSP00000361298",713
"9606.ENSP00000209728","9606.ENSP00000361298",713
"9606.ENSP00000240423","9606.ENSP00000361298",880
"9606.ENSP00000240423","9606.ENSP00000361298",880
"9606.ENSP00000247191","9606.ENSP00000361298",975
"9606.ENSP00000247191","9606.ENSP00000361298",975
"9606.ENSP00000251496","9606.ENSP00000361298",933
"9606.ENSP00000251496","9606.ENSP00000361298",933
"9606.ENSP00000256442","9606.ENSP00000361298",966
"9606.ENSP00000256442","9606.ENSP00000361298",966
"9606.ENSP00000257909","9606.ENSP00000361298",833
"9606.ENSP00000257909","9606.ENSP00000361298",833
"9606.ENSP00000257934","9606.ENSP00000361298",939
"9606.ENSP00000257934","9606.ENSP00000361298",939
"9606.ENSP00000260731","9606.ENSP00000361298",968
"9606.ENSP00000260731","9606.ENSP00000361298",968
"9606.ENSP00000265748","9606.ENSP00000361298",821
"9606.ENSP00000265748","9606.ENSP00000361298",821
"9606.ENSP00000271452","9606.ENSP00000361298",935
"9606.ENSP00000271452","9606.ENSP00000361298",935
"9606.ENSP00000275517","9606.ENSP00000361298",893
"9606.ENSP00000275517","9606.ENSP00000361298",893
"9606.ENSP00000282074","9606.ENSP00000361298",777
"9606.ENSP00000282074","9606.ENSP00000361298",777
"9606.ENSP00000285116","9606.ENSP00000361298",838
"9606.ENSP00000285116","9606.ENSP00000361298",838
"9606.ENSP00000287598","9606.ENSP00000361298",991
"9606.ENSP00000287598","9606.ENSP00000361298",991
"9606.ENSP00000288207","9606.ENSP00000361298",971
"9606.ENSP00000288207","9606.ENSP00000361298",971
"9606.ENSP00000298048","9606.ENSP00000361298",935
"9606.ENSP00000298048","9606.ENSP00000361298",935
"9606.ENSP00000300093","9606.ENSP00000361298",994
"9606.ENSP00000300093","9606.ENSP00000361298",994
"9606.ENSP00000300403","9606.ENSP00000361298",999
"9606.ENSP00000300403","9606.ENSP00000361298",999
"9606.ENSP00000301633","9606.ENSP00000361298",972
"9606.ENSP00000301633","9606.ENSP00000361298",972
"9606.ENSP00000302530","9606.ENSP00000361298",994
"9606.ENSP00000302530","9606.ENSP00000361298",994
"9606.ENSP00000305204","9606.ENSP00000361298",795
"9606.ENSP00000305204","9606.ENSP00000361298",795
"9606.ENSP00000313950","9606.ENSP00000361298",996
"9606.ENSP00000313950","9606.ENSP00000361298",996
"9606.ENSP00000319417","9606.ENSP00000361298",867
"9606.ENSP00000319417","9606.ENSP00000361298",867
"9606.ENSP00000324020","9606.ENSP00000361298",945
"9606.ENSP00000324020","9606.ENSP00000361298",945
"9606.ENSP00000328228","9606.ENSP00000361298",885
"9606.ENSP00000328228","9606.ENSP00000361298",885
"9606.ENSP00000335357","9606.ENSP00000361298",791
"9606.ENSP00000335357","9606.ENSP00000361298",791
"9606.ENSP00000336868","9606.ENSP00000361298",986
"9606.ENSP00000336868","9606.ENSP00000361298",986
"9606.ENSP00000342307","9606.ENSP00000361298",888
"9606.ENSP00000342307","9606.ENSP00000361298",888
"9606.ENSP00000348838","9606.ENSP00000361298",954
"9606.ENSP00000348838","9606.ENSP00000361298",954
"9606.ENSP00000353770","9606.ENSP00000361298",758
"9606.ENSP00000353770","9606.ENSP00000361298",758
"9606.ENSP00000355922","9606.ENSP00000361298",985
"9606.ENSP00000355922","9606.ENSP00000361298",985
"9606.ENSP00000356379","9606.ENSP00000361298",936
"9606.ENSP00000356379","9606.ENSP00000361298",936
"9606.ENSP00000357643","9606.ENSP00000361298",892
"9606.ENSP00000357643","9606.ENSP00000361298",892
"9606.ENSP00000360540","9606.ENSP00000361298",948
"9606.ENSP00000360540","9606.ENSP00000361298",948
"9606.ENSP00000166345","9606.ENSP00000361540",996
"9606.ENSP00000166345","9606.ENSP00000361540",996
"9606.ENSP00000209728","9606.ENSP00000361540",921
"9606.ENSP00000209728","9606.ENSP00000361540",921
"9606.ENSP00000217026","9606.ENSP00000361540",865
"9606.ENSP00000217026","9606.ENSP00000361540",865
"9606.ENSP00000240423","9606.ENSP00000361540",838
"9606.ENSP00000240423","9606.ENSP00000361540",838
"9606.ENSP00000247191","9606.ENSP00000361540",981
"9606.ENSP00000247191","9606.ENSP00000361540",981
"9606.ENSP00000251496","9606.ENSP00000361540",949
"9606.ENSP00000251496","9606.ENSP00000361540",949
"9606.ENSP00000256442","9606.ENSP00000361540",999
"9606.ENSP00000256442","9606.ENSP00000361540",999
"9606.ENSP00000257909","9606.ENSP00000361540",827
"9606.ENSP00000257909","9606.ENSP00000361540",827
"9606.ENSP00000257934","9606.ENSP00000361540",988
"9606.ENSP00000257934","9606.ENSP00000361540",988
"9606.ENSP00000260731","9606.ENSP00000361540",987
"9606.ENSP00000260731","9606.ENSP00000361540",987
"9606.ENSP00000262300","9606.ENSP00000361540",830
"9606.ENSP00000262300","9606.ENSP00000361540",830
"9606.ENSP00000265748","9606.ENSP00000361540",701
"9606.ENSP00000265748","9606.ENSP00000361540",701
"9606.ENSP00000271452","9606.ENSP00000361540",962
"9606.ENSP00000271452","9606.ENSP00000361540",962
"9606.ENSP00000275517","9606.ENSP00000361540",938
"9606.ENSP00000275517","9606.ENSP00000361540",938
"9606.ENSP00000282074","9606.ENSP00000361540",802
"9606.ENSP00000282074","9606.ENSP00000361540",802
"9606.ENSP00000285116","9606.ENSP00000361540",933
"9606.ENSP00000285116","9606.ENSP00000361540",933
"9606.ENSP00000287598","9606.ENSP00000361540",999
"9606.ENSP00000287598","9606.ENSP00000361540",999
"9606.ENSP00000288207","9606.ENSP00000361540",999
"9606.ENSP00000288207","9606.ENSP00000361540",999
"9606.ENSP00000298048","9606.ENSP00000361540",964
"9606.ENSP00000298048","9606.ENSP00000361540",964
"9606.ENSP00000300093","9606.ENSP00000361540",999
"9606.ENSP00000300093","9606.ENSP00000361540",999
"9606.ENSP00000300403","9606.ENSP00000361540",961
"9606.ENSP00000300403","9606.ENSP00000361540",961
"9606.ENSP00000301019","9606.ENSP00000361540",921
"9606.ENSP00000301019","9606.ENSP00000361540",921
"9606.ENSP00000301633","9606.ENSP00000361540",995
"9606.ENSP00000301633","9606.ENSP00000361540",995
"9606.ENSP00000302530","9606.ENSP00000361540",999
"9606.ENSP00000302530","9606.ENSP00000361540",999
"9606.ENSP00000303706","9606.ENSP00000361540",839
"9606.ENSP00000303706","9606.ENSP00000361540",839
"9606.ENSP00000313950","9606.ENSP00000361540",998
"9606.ENSP00000313950","9606.ENSP00000361540",998
"9606.ENSP00000315644","9606.ENSP00000361540",757
"9606.ENSP00000315644","9606.ENSP00000361540",757
"9606.ENSP00000324020","9606.ENSP00000361540",836
"9606.ENSP00000324020","9606.ENSP00000361540",836
"9606.ENSP00000328228","9606.ENSP00000361540",822
"9606.ENSP00000328228","9606.ENSP00000361540",822
"9606.ENSP00000335357","9606.ENSP00000361540",885
"9606.ENSP00000335357","9606.ENSP00000361540",885
"9606.ENSP00000336868","9606.ENSP00000361540",986
"9606.ENSP00000336868","9606.ENSP00000361540",986
"9606.ENSP00000342307","9606.ENSP00000361540",937
"9606.ENSP00000342307","9606.ENSP00000361540",937
"9606.ENSP00000348838","9606.ENSP00000361540",999
"9606.ENSP00000348838","9606.ENSP00000361540",999
"9606.ENSP00000353770","9606.ENSP00000361540",907
"9606.ENSP00000353770","9606.ENSP00000361540",907
"9606.ENSP00000355922","9606.ENSP00000361540",990
"9606.ENSP00000355922","9606.ENSP00000361540",990
"9606.ENSP00000356379","9606.ENSP00000361540",972
"9606.ENSP00000356379","9606.ENSP00000361540",972
"9606.ENSP00000357643","9606.ENSP00000361540",934
"9606.ENSP00000357643","9606.ENSP00000361540",934
"9606.ENSP00000360540","9606.ENSP00000361540",950
"9606.ENSP00000360540","9606.ENSP00000361540",950
"9606.ENSP00000361298","9606.ENSP00000361540",995
"9606.ENSP00000361298","9606.ENSP00000361540",995
"9606.ENSP00000166345","9606.ENSP00000363055",727
"9606.ENSP00000166345","9606.ENSP00000363055",727
"9606.ENSP00000209728","9606.ENSP00000363055",710
"9606.ENSP00000209728","9606.ENSP00000363055",710
"9606.ENSP00000240423","9606.ENSP00000363055",705
"9606.ENSP00000240423","9606.ENSP00000363055",705
"9606.ENSP00000247191","9606.ENSP00000363055",920
"9606.ENSP00000247191","9606.ENSP00000363055",920
"9606.ENSP00000251496","9606.ENSP00000363055",852
"9606.ENSP00000251496","9606.ENSP00000363055",852
"9606.ENSP00000256442","9606.ENSP00000363055",950
"9606.ENSP00000256442","9606.ENSP00000363055",950
"9606.ENSP00000257934","9606.ENSP00000363055",846
"9606.ENSP00000257934","9606.ENSP00000363055",846
"9606.ENSP00000260731","9606.ENSP00000363055",928
"9606.ENSP00000260731","9606.ENSP00000363055",928
"9606.ENSP00000271452","9606.ENSP00000363055",991
"9606.ENSP00000271452","9606.ENSP00000363055",991
"9606.ENSP00000275517","9606.ENSP00000363055",908
"9606.ENSP00000275517","9606.ENSP00000363055",908
"9606.ENSP00000282074","9606.ENSP00000363055",984
"9606.ENSP00000282074","9606.ENSP00000363055",984
"9606.ENSP00000287598","9606.ENSP00000363055",996
"9606.ENSP00000287598","9606.ENSP00000363055",996
"9606.ENSP00000288207","9606.ENSP00000363055",920
"9606.ENSP00000288207","9606.ENSP00000363055",920
"9606.ENSP00000298048","9606.ENSP00000363055",903
"9606.ENSP00000298048","9606.ENSP00000363055",903
"9606.ENSP00000300093","9606.ENSP00000363055",930
"9606.ENSP00000300093","9606.ENSP00000363055",930
"9606.ENSP00000300403","9606.ENSP00000363055",913
"9606.ENSP00000300403","9606.ENSP00000363055",913
"9606.ENSP00000301633","9606.ENSP00000363055",917
"9606.ENSP00000301633","9606.ENSP00000363055",917
"9606.ENSP00000302530","9606.ENSP00000363055",991
"9606.ENSP00000302530","9606.ENSP00000363055",991
"9606.ENSP00000313950","9606.ENSP00000363055",927
"9606.ENSP00000313950","9606.ENSP00000363055",927
"9606.ENSP00000315644","9606.ENSP00000363055",845
"9606.ENSP00000315644","9606.ENSP00000363055",845
"9606.ENSP00000319417","9606.ENSP00000363055",726
"9606.ENSP00000319417","9606.ENSP00000363055",726
"9606.ENSP00000324020","9606.ENSP00000363055",793
"9606.ENSP00000324020","9606.ENSP00000363055",793
"9606.ENSP00000336868","9606.ENSP00000363055",908
"9606.ENSP00000336868","9606.ENSP00000363055",908
"9606.ENSP00000348838","9606.ENSP00000363055",878
"9606.ENSP00000348838","9606.ENSP00000363055",878
"9606.ENSP00000353770","9606.ENSP00000363055",942
"9606.ENSP00000353770","9606.ENSP00000363055",942
"9606.ENSP00000355922","9606.ENSP00000363055",953
"9606.ENSP00000355922","9606.ENSP00000363055",953
"9606.ENSP00000355958","9606.ENSP00000363055",819
"9606.ENSP00000355958","9606.ENSP00000363055",819
"9606.ENSP00000356379","9606.ENSP00000363055",818
"9606.ENSP00000356379","9606.ENSP00000363055",818
"9606.ENSP00000357643","9606.ENSP00000363055",894
"9606.ENSP00000357643","9606.ENSP00000363055",894
"9606.ENSP00000360540","9606.ENSP00000363055",867
"9606.ENSP00000360540","9606.ENSP00000363055",867
"9606.ENSP00000361298","9606.ENSP00000363055",827
"9606.ENSP00000361298","9606.ENSP00000363055",827
"9606.ENSP00000361540","9606.ENSP00000363055",968
"9606.ENSP00000361540","9606.ENSP00000363055",968
"9606.ENSP00000166345","9606.ENSP00000363524",760
"9606.ENSP00000166345","9606.ENSP00000363524",760
"9606.ENSP00000240423","9606.ENSP00000363524",945
"9606.ENSP00000240423","9606.ENSP00000363524",945
"9606.ENSP00000247191","9606.ENSP00000363524",962
"9606.ENSP00000247191","9606.ENSP00000363524",962
"9606.ENSP00000251496","9606.ENSP00000363524",934
"9606.ENSP00000251496","9606.ENSP00000363524",934
"9606.ENSP00000256442","9606.ENSP00000363524",931
"9606.ENSP00000256442","9606.ENSP00000363524",931
"9606.ENSP00000257909","9606.ENSP00000363524",836
"9606.ENSP00000257909","9606.ENSP00000363524",836
"9606.ENSP00000257934","9606.ENSP00000363524",777
"9606.ENSP00000257934","9606.ENSP00000363524",777
"9606.ENSP00000260731","9606.ENSP00000363524",952
"9606.ENSP00000260731","9606.ENSP00000363524",952
"9606.ENSP00000265748","9606.ENSP00000363524",782
"9606.ENSP00000265748","9606.ENSP00000363524",782
"9606.ENSP00000271452","9606.ENSP00000363524",911
"9606.ENSP00000271452","9606.ENSP00000363524",911
"9606.ENSP00000275517","9606.ENSP00000363524",887
"9606.ENSP00000275517","9606.ENSP00000363524",887
"9606.ENSP00000282074","9606.ENSP00000363524",761
"9606.ENSP00000282074","9606.ENSP00000363524",761
"9606.ENSP00000285116","9606.ENSP00000363524",744
"9606.ENSP00000285116","9606.ENSP00000363524",744
"9606.ENSP00000287598","9606.ENSP00000363524",968
"9606.ENSP00000287598","9606.ENSP00000363524",968
"9606.ENSP00000288207","9606.ENSP00000363524",864
"9606.ENSP00000288207","9606.ENSP00000363524",864
"9606.ENSP00000298048","9606.ENSP00000363524",964
"9606.ENSP00000298048","9606.ENSP00000363524",964
"9606.ENSP00000300093","9606.ENSP00000363524",821
"9606.ENSP00000300093","9606.ENSP00000363524",821
"9606.ENSP00000300403","9606.ENSP00000363524",965
"9606.ENSP00000300403","9606.ENSP00000363524",965
"9606.ENSP00000301633","9606.ENSP00000363524",925
"9606.ENSP00000301633","9606.ENSP00000363524",925
"9606.ENSP00000302530","9606.ENSP00000363524",952
"9606.ENSP00000302530","9606.ENSP00000363524",952
"9606.ENSP00000305204","9606.ENSP00000363524",843
"9606.ENSP00000305204","9606.ENSP00000363524",843
"9606.ENSP00000306473","9606.ENSP00000363524",738
"9606.ENSP00000306473","9606.ENSP00000363524",738
"9606.ENSP00000313950","9606.ENSP00000363524",942
"9606.ENSP00000313950","9606.ENSP00000363524",942
"9606.ENSP00000319417","9606.ENSP00000363524",813
"9606.ENSP00000319417","9606.ENSP00000363524",813
"9606.ENSP00000324020","9606.ENSP00000363524",917
"9606.ENSP00000324020","9606.ENSP00000363524",917
"9606.ENSP00000328228","9606.ENSP00000363524",933
"9606.ENSP00000328228","9606.ENSP00000363524",933
"9606.ENSP00000335357","9606.ENSP00000363524",803
"9606.ENSP00000335357","9606.ENSP00000363524",803
"9606.ENSP00000336868","9606.ENSP00000363524",906
"9606.ENSP00000336868","9606.ENSP00000363524",906
"9606.ENSP00000342307","9606.ENSP00000363524",897
"9606.ENSP00000342307","9606.ENSP00000363524",897
"9606.ENSP00000348838","9606.ENSP00000363524",905
"9606.ENSP00000348838","9606.ENSP00000363524",905
"9606.ENSP00000353770","9606.ENSP00000363524",927
"9606.ENSP00000353770","9606.ENSP00000363524",927
"9606.ENSP00000355922","9606.ENSP00000363524",879
"9606.ENSP00000355922","9606.ENSP00000363524",879
"9606.ENSP00000355958","9606.ENSP00000363524",728
"9606.ENSP00000355958","9606.ENSP00000363524",728
"9606.ENSP00000356379","9606.ENSP00000363524",952
"9606.ENSP00000356379","9606.ENSP00000363524",952
"9606.ENSP00000357643","9606.ENSP00000363524",871
"9606.ENSP00000357643","9606.ENSP00000363524",871
"9606.ENSP00000360540","9606.ENSP00000363524",951
"9606.ENSP00000360540","9606.ENSP00000363524",951
"9606.ENSP00000361298","9606.ENSP00000363524",947
"9606.ENSP00000361298","9606.ENSP00000363524",947
"9606.ENSP00000361540","9606.ENSP00000363524",941
"9606.ENSP00000361540","9606.ENSP00000363524",941
"9606.ENSP00000363055","9606.ENSP00000363524",848
"9606.ENSP00000363055","9606.ENSP00000363524",848
"9606.ENSP00000315644","9606.ENSP00000370737",919
"9606.ENSP00000315644","9606.ENSP00000370737",919
"9606.ENSP00000166345","9606.ENSP00000377492",763
"9606.ENSP00000166345","9606.ENSP00000377492",763
"9606.ENSP00000247191","9606.ENSP00000377492",999
"9606.ENSP00000247191","9606.ENSP00000377492",999
"9606.ENSP00000251496","9606.ENSP00000377492",909
"9606.ENSP00000251496","9606.ENSP00000377492",909
"9606.ENSP00000256442","9606.ENSP00000377492",942
"9606.ENSP00000256442","9606.ENSP00000377492",942
"9606.ENSP00000260731","9606.ENSP00000377492",928
"9606.ENSP00000260731","9606.ENSP00000377492",928
"9606.ENSP00000265036","9606.ENSP00000377492",812
"9606.ENSP00000265036","9606.ENSP00000377492",812
"9606.ENSP00000265748","9606.ENSP00000377492",880
"9606.ENSP00000265748","9606.ENSP00000377492",880
"9606.ENSP00000271452","9606.ENSP00000377492",886
"9606.ENSP00000271452","9606.ENSP00000377492",886
"9606.ENSP00000275517","9606.ENSP00000377492",831
"9606.ENSP00000275517","9606.ENSP00000377492",831
"9606.ENSP00000282074","9606.ENSP00000377492",804
"9606.ENSP00000282074","9606.ENSP00000377492",804
"9606.ENSP00000287598","9606.ENSP00000377492",882
"9606.ENSP00000287598","9606.ENSP00000377492",882
"9606.ENSP00000288207","9606.ENSP00000377492",888
"9606.ENSP00000288207","9606.ENSP00000377492",888
"9606.ENSP00000298048","9606.ENSP00000377492",884
"9606.ENSP00000298048","9606.ENSP00000377492",884
"9606.ENSP00000300403","9606.ENSP00000377492",979
"9606.ENSP00000300403","9606.ENSP00000377492",979
"9606.ENSP00000301633","9606.ENSP00000377492",882
"9606.ENSP00000301633","9606.ENSP00000377492",882
"9606.ENSP00000302530","9606.ENSP00000377492",909
"9606.ENSP00000302530","9606.ENSP00000377492",909
"9606.ENSP00000305204","9606.ENSP00000377492",812
"9606.ENSP00000305204","9606.ENSP00000377492",812
"9606.ENSP00000313950","9606.ENSP00000377492",760
"9606.ENSP00000313950","9606.ENSP00000377492",760
"9606.ENSP00000319417","9606.ENSP00000377492",870
"9606.ENSP00000319417","9606.ENSP00000377492",870
"9606.ENSP00000324020","9606.ENSP00000377492",901
"9606.ENSP00000324020","9606.ENSP00000377492",901
"9606.ENSP00000328228","9606.ENSP00000377492",837
"9606.ENSP00000328228","9606.ENSP00000377492",837
"9606.ENSP00000335357","9606.ENSP00000377492",833
"9606.ENSP00000335357","9606.ENSP00000377492",833
"9606.ENSP00000336868","9606.ENSP00000377492",870
"9606.ENSP00000336868","9606.ENSP00000377492",870
"9606.ENSP00000342307","9606.ENSP00000377492",805
"9606.ENSP00000342307","9606.ENSP00000377492",805
"9606.ENSP00000348838","9606.ENSP00000377492",896
"9606.ENSP00000348838","9606.ENSP00000377492",896
"9606.ENSP00000353770","9606.ENSP00000377492",807
"9606.ENSP00000353770","9606.ENSP00000377492",807
"9606.ENSP00000355922","9606.ENSP00000377492",927
"9606.ENSP00000355922","9606.ENSP00000377492",927
"9606.ENSP00000356379","9606.ENSP00000377492",928
"9606.ENSP00000356379","9606.ENSP00000377492",928
"9606.ENSP00000357643","9606.ENSP00000377492",896
"9606.ENSP00000357643","9606.ENSP00000377492",896
"9606.ENSP00000360540","9606.ENSP00000377492",926
"9606.ENSP00000360540","9606.ENSP00000377492",926
"9606.ENSP00000361298","9606.ENSP00000377492",868
"9606.ENSP00000361298","9606.ENSP00000377492",868
"9606.ENSP00000361540","9606.ENSP00000377492",882
"9606.ENSP00000361540","9606.ENSP00000377492",882
"9606.ENSP00000363055","9606.ENSP00000377492",891
"9606.ENSP00000363055","9606.ENSP00000377492",891
"9606.ENSP00000363524","9606.ENSP00000377492",877
"9606.ENSP00000363524","9606.ENSP00000377492",877
"9606.ENSP00000166345","9606.ENSP00000378356",913
"9606.ENSP00000166345","9606.ENSP00000378356",913
"9606.ENSP00000240423","9606.ENSP00000378356",842
"9606.ENSP00000240423","9606.ENSP00000378356",842
"9606.ENSP00000247191","9606.ENSP00000378356",970
"9606.ENSP00000247191","9606.ENSP00000378356",970
"9606.ENSP00000251496","9606.ENSP00000378356",958
"9606.ENSP00000251496","9606.ENSP00000378356",958
"9606.ENSP00000256442","9606.ENSP00000378356",954
"9606.ENSP00000256442","9606.ENSP00000378356",954
"9606.ENSP00000257909","9606.ENSP00000378356",831
"9606.ENSP00000257909","9606.ENSP00000378356",831
"9606.ENSP00000257934","9606.ENSP00000378356",896
"9606.ENSP00000257934","9606.ENSP00000378356",896
"9606.ENSP00000260731","9606.ENSP00000378356",980
"9606.ENSP00000260731","9606.ENSP00000378356",980
"9606.ENSP00000265036","9606.ENSP00000378356",795
"9606.ENSP00000265036","9606.ENSP00000378356",795
"9606.ENSP00000265748","9606.ENSP00000378356",949
"9606.ENSP00000265748","9606.ENSP00000378356",949
"9606.ENSP00000271452","9606.ENSP00000378356",955
"9606.ENSP00000271452","9606.ENSP00000378356",955
"9606.ENSP00000275517","9606.ENSP00000378356",880
"9606.ENSP00000275517","9606.ENSP00000378356",880
"9606.ENSP00000282074","9606.ENSP00000378356",823
"9606.ENSP00000282074","9606.ENSP00000378356",823
"9606.ENSP00000285116","9606.ENSP00000378356",767
"9606.ENSP00000285116","9606.ENSP00000378356",767
"9606.ENSP00000287598","9606.ENSP00000378356",977
"9606.ENSP00000287598","9606.ENSP00000378356",977
"9606.ENSP00000288207","9606.ENSP00000378356",938
"9606.ENSP00000288207","9606.ENSP00000378356",938
"9606.ENSP00000298048","9606.ENSP00000378356",929
"9606.ENSP00000298048","9606.ENSP00000378356",929
"9606.ENSP00000300093","9606.ENSP00000378356",990
"9606.ENSP00000300093","9606.ENSP00000378356",990
"9606.ENSP00000300403","9606.ENSP00000378356",972
"9606.ENSP00000300403","9606.ENSP00000378356",972
"9606.ENSP00000301633","9606.ENSP00000378356",973
"9606.ENSP00000301633","9606.ENSP00000378356",973
"9606.ENSP00000302530","9606.ENSP00000378356",959
"9606.ENSP00000302530","9606.ENSP00000378356",959
"9606.ENSP00000305204","9606.ENSP00000378356",836
"9606.ENSP00000305204","9606.ENSP00000378356",836
"9606.ENSP00000306473","9606.ENSP00000378356",722
"9606.ENSP00000306473","9606.ENSP00000378356",722
"9606.ENSP00000313950","9606.ENSP00000378356",990
"9606.ENSP00000313950","9606.ENSP00000378356",990
"9606.ENSP00000324020","9606.ENSP00000378356",942
"9606.ENSP00000324020","9606.ENSP00000378356",942
"9606.ENSP00000328228","9606.ENSP00000378356",899
"9606.ENSP00000328228","9606.ENSP00000378356",899
"9606.ENSP00000335357","9606.ENSP00000378356",835
"9606.ENSP00000335357","9606.ENSP00000378356",835
"9606.ENSP00000336868","9606.ENSP00000378356",913
"9606.ENSP00000336868","9606.ENSP00000378356",913
"9606.ENSP00000342307","9606.ENSP00000378356",944
"9606.ENSP00000342307","9606.ENSP00000378356",944
"9606.ENSP00000348838","9606.ENSP00000378356",961
"9606.ENSP00000348838","9606.ENSP00000378356",961
"9606.ENSP00000353770","9606.ENSP00000378356",935
"9606.ENSP00000353770","9606.ENSP00000378356",935
"9606.ENSP00000355922","9606.ENSP00000378356",960
"9606.ENSP00000355922","9606.ENSP00000378356",960
"9606.ENSP00000356379","9606.ENSP00000378356",975
"9606.ENSP00000356379","9606.ENSP00000378356",975
"9606.ENSP00000357643","9606.ENSP00000378356",925
"9606.ENSP00000357643","9606.ENSP00000378356",925
"9606.ENSP00000360540","9606.ENSP00000378356",962
"9606.ENSP00000360540","9606.ENSP00000378356",962
"9606.ENSP00000361298","9606.ENSP00000378356",973
"9606.ENSP00000361298","9606.ENSP00000378356",973
"9606.ENSP00000361540","9606.ENSP00000378356",981
"9606.ENSP00000361540","9606.ENSP00000378356",981
"9606.ENSP00000363055","9606.ENSP00000378356",887
"9606.ENSP00000363055","9606.ENSP00000378356",887
"9606.ENSP00000363524","9606.ENSP00000378356",992
"9606.ENSP00000363524","9606.ENSP00000378356",992
"9606.ENSP00000377492","9606.ENSP00000378356",909
"9606.ENSP00000377492","9606.ENSP00000378356",909
"9606.ENSP00000303920","9606.ENSP00000384744",851
"9606.ENSP00000303920","9606.ENSP00000384744",851
"9606.ENSP00000217026","9606.ENSP00000393963",731
"9606.ENSP00000217026","9606.ENSP00000393963",731
"9606.ENSP00000247191","9606.ENSP00000393963",915
"9606.ENSP00000247191","9606.ENSP00000393963",915
"9606.ENSP00000251496","9606.ENSP00000393963",841
"9606.ENSP00000251496","9606.ENSP00000393963",841
"9606.ENSP00000256442","9606.ENSP00000393963",726
"9606.ENSP00000256442","9606.ENSP00000393963",726
"9606.ENSP00000257909","9606.ENSP00000393963",789
"9606.ENSP00000257909","9606.ENSP00000393963",789
"9606.ENSP00000257934","9606.ENSP00000393963",812
"9606.ENSP00000257934","9606.ENSP00000393963",812
"9606.ENSP00000260731","9606.ENSP00000393963",963
"9606.ENSP00000260731","9606.ENSP00000393963",963
"9606.ENSP00000271452","9606.ENSP00000393963",785
"9606.ENSP00000271452","9606.ENSP00000393963",785
"9606.ENSP00000275517","9606.ENSP00000393963",786
"9606.ENSP00000275517","9606.ENSP00000393963",786
"9606.ENSP00000287598","9606.ENSP00000393963",862
"9606.ENSP00000287598","9606.ENSP00000393963",862
"9606.ENSP00000288207","9606.ENSP00000393963",786
"9606.ENSP00000288207","9606.ENSP00000393963",786
"9606.ENSP00000300093","9606.ENSP00000393963",727
"9606.ENSP00000300093","9606.ENSP00000393963",727
"9606.ENSP00000300403","9606.ENSP00000393963",826
"9606.ENSP00000300403","9606.ENSP00000393963",826
"9606.ENSP00000301633","9606.ENSP00000393963",779
"9606.ENSP00000301633","9606.ENSP00000393963",779
"9606.ENSP00000302530","9606.ENSP00000393963",916
"9606.ENSP00000302530","9606.ENSP00000393963",916
"9606.ENSP00000305204","9606.ENSP00000393963",839
"9606.ENSP00000305204","9606.ENSP00000393963",839
"9606.ENSP00000313950","9606.ENSP00000393963",906
"9606.ENSP00000313950","9606.ENSP00000393963",906
"9606.ENSP00000324020","9606.ENSP00000393963",866
"9606.ENSP00000324020","9606.ENSP00000393963",866
"9606.ENSP00000336868","9606.ENSP00000393963",830
"9606.ENSP00000336868","9606.ENSP00000393963",830
"9606.ENSP00000342307","9606.ENSP00000393963",750
"9606.ENSP00000342307","9606.ENSP00000393963",750
"9606.ENSP00000348838","9606.ENSP00000393963",839
"9606.ENSP00000348838","9606.ENSP00000393963",839
"9606.ENSP00000355922","9606.ENSP00000393963",746
"9606.ENSP00000355922","9606.ENSP00000393963",746
"9606.ENSP00000356379","9606.ENSP00000393963",845
"9606.ENSP00000356379","9606.ENSP00000393963",845
"9606.ENSP00000357643","9606.ENSP00000393963",795
"9606.ENSP00000357643","9606.ENSP00000393963",795
"9606.ENSP00000361298","9606.ENSP00000393963",932
"9606.ENSP00000361298","9606.ENSP00000393963",932
"9606.ENSP00000361540","9606.ENSP00000393963",915
"9606.ENSP00000361540","9606.ENSP00000393963",915
"9606.ENSP00000363524","9606.ENSP00000393963",776
"9606.ENSP00000363524","9606.ENSP00000393963",776
"9606.ENSP00000378356","9606.ENSP00000393963",941
"9606.ENSP00000378356","9606.ENSP00000393963",941
"9606.ENSP00000166345","9606.ENSP00000405726",783
"9606.ENSP00000166345","9606.ENSP00000405726",783
"9606.ENSP00000209728","9606.ENSP00000405726",994
"9606.ENSP00000209728","9606.ENSP00000405726",994
"9606.ENSP00000247191","9606.ENSP00000405726",921
"9606.ENSP00000247191","9606.ENSP00000405726",921
"9606.ENSP00000251496","9606.ENSP00000405726",918
"9606.ENSP00000251496","9606.ENSP00000405726",918
"9606.ENSP00000253462","9606.ENSP00000405726",999
"9606.ENSP00000253462","9606.ENSP00000405726",999
"9606.ENSP00000256442","9606.ENSP00000405726",800
"9606.ENSP00000256442","9606.ENSP00000405726",800
"9606.ENSP00000260731","9606.ENSP00000405726",780
"9606.ENSP00000260731","9606.ENSP00000405726",780
"9606.ENSP00000262300","9606.ENSP00000405726",736
"9606.ENSP00000262300","9606.ENSP00000405726",736
"9606.ENSP00000271452","9606.ENSP00000405726",816
"9606.ENSP00000271452","9606.ENSP00000405726",816
"9606.ENSP00000275517","9606.ENSP00000405726",937
"9606.ENSP00000275517","9606.ENSP00000405726",937
"9606.ENSP00000282074","9606.ENSP00000405726",839
"9606.ENSP00000282074","9606.ENSP00000405726",839
"9606.ENSP00000287598","9606.ENSP00000405726",817
"9606.ENSP00000287598","9606.ENSP00000405726",817
"9606.ENSP00000288207","9606.ENSP00000405726",950
"9606.ENSP00000288207","9606.ENSP00000405726",950
"9606.ENSP00000298048","9606.ENSP00000405726",876
"9606.ENSP00000298048","9606.ENSP00000405726",876
"9606.ENSP00000300093","9606.ENSP00000405726",777
"9606.ENSP00000300093","9606.ENSP00000405726",777
"9606.ENSP00000300403","9606.ENSP00000405726",766
"9606.ENSP00000300403","9606.ENSP00000405726",766
"9606.ENSP00000301019","9606.ENSP00000405726",994
"9606.ENSP00000301019","9606.ENSP00000405726",994
"9606.ENSP00000301633","9606.ENSP00000405726",873
"9606.ENSP00000301633","9606.ENSP00000405726",873
"9606.ENSP00000302530","9606.ENSP00000405726",930
"9606.ENSP00000302530","9606.ENSP00000405726",930
"9606.ENSP00000303706","9606.ENSP00000405726",949
"9606.ENSP00000303706","9606.ENSP00000405726",949
"9606.ENSP00000305204","9606.ENSP00000405726",752
"9606.ENSP00000305204","9606.ENSP00000405726",752
"9606.ENSP00000306999","9606.ENSP00000405726",811
"9606.ENSP00000306999","9606.ENSP00000405726",811
"9606.ENSP00000312995","9606.ENSP00000405726",995
"9606.ENSP00000312995","9606.ENSP00000405726",995
"9606.ENSP00000313950","9606.ENSP00000405726",926
"9606.ENSP00000313950","9606.ENSP00000405726",926
"9606.ENSP00000315644","9606.ENSP00000405726",884
"9606.ENSP00000315644","9606.ENSP00000405726",884
"9606.ENSP00000324020","9606.ENSP00000405726",788
"9606.ENSP00000324020","9606.ENSP00000405726",788
"9606.ENSP00000336868","9606.ENSP00000405726",707
"9606.ENSP00000336868","9606.ENSP00000405726",707
"9606.ENSP00000348838","9606.ENSP00000405726",836
"9606.ENSP00000348838","9606.ENSP00000405726",836
"9606.ENSP00000353770","9606.ENSP00000405726",870
"9606.ENSP00000353770","9606.ENSP00000405726",870
"9606.ENSP00000355922","9606.ENSP00000405726",776
"9606.ENSP00000355922","9606.ENSP00000405726",776
"9606.ENSP00000355958","9606.ENSP00000405726",938
"9606.ENSP00000355958","9606.ENSP00000405726",938
"9606.ENSP00000356379","9606.ENSP00000405726",703
"9606.ENSP00000356379","9606.ENSP00000405726",703
"9606.ENSP00000357643","9606.ENSP00000405726",708
"9606.ENSP00000357643","9606.ENSP00000405726",708
"9606.ENSP00000360540","9606.ENSP00000405726",896
"9606.ENSP00000360540","9606.ENSP00000405726",896
"9606.ENSP00000361043","9606.ENSP00000405726",856
"9606.ENSP00000361043","9606.ENSP00000405726",856
"9606.ENSP00000361298","9606.ENSP00000405726",892
"9606.ENSP00000361298","9606.ENSP00000405726",892
"9606.ENSP00000361540","9606.ENSP00000405726",946
"9606.ENSP00000361540","9606.ENSP00000405726",946
"9606.ENSP00000363055","9606.ENSP00000405726",842
"9606.ENSP00000363055","9606.ENSP00000405726",842
"9606.ENSP00000363524","9606.ENSP00000405726",730
"9606.ENSP00000363524","9606.ENSP00000405726",730
"9606.ENSP00000377492","9606.ENSP00000405726",748
"9606.ENSP00000377492","9606.ENSP00000405726",748
"9606.ENSP00000378356","9606.ENSP00000405726",797
"9606.ENSP00000378356","9606.ENSP00000405726",797
"9606.ENSP00000393963","9606.ENSP00000405726",707
"9606.ENSP00000393963","9606.ENSP00000405726",707
"9606.ENSP00000166345","9606.ENSP00000411532",823
"9606.ENSP00000166345","9606.ENSP00000411532",823
"9606.ENSP00000209728","9606.ENSP00000411532",797
"9606.ENSP00000209728","9606.ENSP00000411532",797
"9606.ENSP00000217026","9606.ENSP00000411532",718
"9606.ENSP00000217026","9606.ENSP00000411532",718
"9606.ENSP00000240423","9606.ENSP00000411532",891
"9606.ENSP00000240423","9606.ENSP00000411532",891
"9606.ENSP00000247191","9606.ENSP00000411532",978
"9606.ENSP00000247191","9606.ENSP00000411532",978
"9606.ENSP00000251496","9606.ENSP00000411532",967
"9606.ENSP00000251496","9606.ENSP00000411532",967
"9606.ENSP00000253462","9606.ENSP00000411532",711
"9606.ENSP00000253462","9606.ENSP00000411532",711
"9606.ENSP00000256442","9606.ENSP00000411532",989
"9606.ENSP00000256442","9606.ENSP00000411532",989
"9606.ENSP00000257909","9606.ENSP00000411532",784
"9606.ENSP00000257909","9606.ENSP00000411532",784
"9606.ENSP00000257934","9606.ENSP00000411532",909
"9606.ENSP00000257934","9606.ENSP00000411532",909
"9606.ENSP00000260731","9606.ENSP00000411532",975
"9606.ENSP00000260731","9606.ENSP00000411532",975
"9606.ENSP00000265748","9606.ENSP00000411532",861
"9606.ENSP00000265748","9606.ENSP00000411532",861
"9606.ENSP00000271452","9606.ENSP00000411532",936
"9606.ENSP00000271452","9606.ENSP00000411532",936
"9606.ENSP00000275517","9606.ENSP00000411532",917
"9606.ENSP00000275517","9606.ENSP00000411532",917
"9606.ENSP00000287598","9606.ENSP00000411532",980
"9606.ENSP00000287598","9606.ENSP00000411532",980
"9606.ENSP00000288207","9606.ENSP00000411532",975
"9606.ENSP00000288207","9606.ENSP00000411532",975
"9606.ENSP00000298048","9606.ENSP00000411532",955
"9606.ENSP00000298048","9606.ENSP00000411532",955
"9606.ENSP00000300093","9606.ENSP00000411532",931
"9606.ENSP00000300093","9606.ENSP00000411532",931
"9606.ENSP00000300403","9606.ENSP00000411532",942
"9606.ENSP00000300403","9606.ENSP00000411532",942
"9606.ENSP00000301019","9606.ENSP00000411532",868
"9606.ENSP00000301019","9606.ENSP00000411532",868
"9606.ENSP00000301633","9606.ENSP00000411532",976
"9606.ENSP00000301633","9606.ENSP00000411532",976
"9606.ENSP00000302530","9606.ENSP00000411532",982
"9606.ENSP00000302530","9606.ENSP00000411532",982
"9606.ENSP00000305204","9606.ENSP00000411532",830
"9606.ENSP00000305204","9606.ENSP00000411532",830
"9606.ENSP00000313950","9606.ENSP00000411532",970
"9606.ENSP00000313950","9606.ENSP00000411532",970
"9606.ENSP00000315644","9606.ENSP00000411532",960
"9606.ENSP00000315644","9606.ENSP00000411532",960
"9606.ENSP00000324020","9606.ENSP00000411532",955
"9606.ENSP00000324020","9606.ENSP00000411532",955
"9606.ENSP00000328228","9606.ENSP00000411532",789
"9606.ENSP00000328228","9606.ENSP00000411532",789
"9606.ENSP00000335357","9606.ENSP00000411532",863
"9606.ENSP00000335357","9606.ENSP00000411532",863
"9606.ENSP00000336868","9606.ENSP00000411532",919
"9606.ENSP00000336868","9606.ENSP00000411532",919
"9606.ENSP00000342307","9606.ENSP00000411532",927
"9606.ENSP00000342307","9606.ENSP00000411532",927
"9606.ENSP00000348838","9606.ENSP00000411532",973
"9606.ENSP00000348838","9606.ENSP00000411532",973
"9606.ENSP00000353770","9606.ENSP00000411532",956
"9606.ENSP00000353770","9606.ENSP00000411532",956
"9606.ENSP00000355922","9606.ENSP00000411532",974
"9606.ENSP00000355922","9606.ENSP00000411532",974
"9606.ENSP00000355958","9606.ENSP00000411532",822
"9606.ENSP00000355958","9606.ENSP00000411532",822
"9606.ENSP00000356379","9606.ENSP00000411532",996
"9606.ENSP00000356379","9606.ENSP00000411532",996
"9606.ENSP00000357643","9606.ENSP00000411532",993
"9606.ENSP00000357643","9606.ENSP00000411532",993
"9606.ENSP00000360540","9606.ENSP00000411532",928
"9606.ENSP00000360540","9606.ENSP00000411532",928
"9606.ENSP00000361298","9606.ENSP00000411532",937
"9606.ENSP00000361298","9606.ENSP00000411532",937
"9606.ENSP00000361540","9606.ENSP00000411532",980
"9606.ENSP00000361540","9606.ENSP00000411532",980
"9606.ENSP00000363055","9606.ENSP00000411532",875
"9606.ENSP00000363055","9606.ENSP00000411532",875
"9606.ENSP00000363524","9606.ENSP00000411532",915
"9606.ENSP00000363524","9606.ENSP00000411532",915
"9606.ENSP00000377492","9606.ENSP00000411532",902
"9606.ENSP00000377492","9606.ENSP00000411532",902
"9606.ENSP00000378356","9606.ENSP00000411532",974
"9606.ENSP00000378356","9606.ENSP00000411532",974
"9606.ENSP00000393963","9606.ENSP00000411532",859
"9606.ENSP00000393963","9606.ENSP00000411532",859
"9606.ENSP00000405726","9606.ENSP00000411532",917
"9606.ENSP00000405726","9606.ENSP00000411532",917
"9606.ENSP00000166345","9606.ENSP00000414109",741
"9606.ENSP00000166345","9606.ENSP00000414109",741
"9606.ENSP00000247191","9606.ENSP00000414109",946
"9606.ENSP00000247191","9606.ENSP00000414109",946
"9606.ENSP00000251496","9606.ENSP00000414109",882
"9606.ENSP00000251496","9606.ENSP00000414109",882
"9606.ENSP00000256442","9606.ENSP00000414109",871
"9606.ENSP00000256442","9606.ENSP00000414109",871
"9606.ENSP00000257909","9606.ENSP00000414109",918
"9606.ENSP00000257909","9606.ENSP00000414109",918
"9606.ENSP00000257934","9606.ENSP00000414109",845
"9606.ENSP00000257934","9606.ENSP00000414109",845
"9606.ENSP00000260731","9606.ENSP00000414109",930
"9606.ENSP00000260731","9606.ENSP00000414109",930
"9606.ENSP00000271452","9606.ENSP00000414109",890
"9606.ENSP00000271452","9606.ENSP00000414109",890
"9606.ENSP00000275517","9606.ENSP00000414109",861
"9606.ENSP00000275517","9606.ENSP00000414109",861
"9606.ENSP00000285116","9606.ENSP00000414109",721
"9606.ENSP00000285116","9606.ENSP00000414109",721
"9606.ENSP00000287598","9606.ENSP00000414109",897
"9606.ENSP00000287598","9606.ENSP00000414109",897
"9606.ENSP00000288207","9606.ENSP00000414109",905
"9606.ENSP00000288207","9606.ENSP00000414109",905
"9606.ENSP00000298048","9606.ENSP00000414109",924
"9606.ENSP00000298048","9606.ENSP00000414109",924
"9606.ENSP00000300093","9606.ENSP00000414109",859
"9606.ENSP00000300093","9606.ENSP00000414109",859
"9606.ENSP00000300403","9606.ENSP00000414109",892
"9606.ENSP00000300403","9606.ENSP00000414109",892
"9606.ENSP00000301019","9606.ENSP00000414109",764
"9606.ENSP00000301019","9606.ENSP00000414109",764
"9606.ENSP00000301633","9606.ENSP00000414109",912
"9606.ENSP00000301633","9606.ENSP00000414109",912
"9606.ENSP00000302530","9606.ENSP00000414109",928
"9606.ENSP00000302530","9606.ENSP00000414109",928
"9606.ENSP00000305204","9606.ENSP00000414109",913
"9606.ENSP00000305204","9606.ENSP00000414109",913
"9606.ENSP00000313950","9606.ENSP00000414109",927
"9606.ENSP00000313950","9606.ENSP00000414109",927
"9606.ENSP00000324020","9606.ENSP00000414109",868
"9606.ENSP00000324020","9606.ENSP00000414109",868
"9606.ENSP00000328228","9606.ENSP00000414109",750
"9606.ENSP00000328228","9606.ENSP00000414109",750
"9606.ENSP00000335357","9606.ENSP00000414109",782
"9606.ENSP00000335357","9606.ENSP00000414109",782
"9606.ENSP00000336868","9606.ENSP00000414109",999
"9606.ENSP00000336868","9606.ENSP00000414109",999
"9606.ENSP00000342307","9606.ENSP00000414109",918
"9606.ENSP00000342307","9606.ENSP00000414109",918
"9606.ENSP00000348838","9606.ENSP00000414109",924
"9606.ENSP00000348838","9606.ENSP00000414109",924
"9606.ENSP00000353770","9606.ENSP00000414109",866
"9606.ENSP00000353770","9606.ENSP00000414109",866
"9606.ENSP00000355922","9606.ENSP00000414109",946
"9606.ENSP00000355922","9606.ENSP00000414109",946
"9606.ENSP00000356379","9606.ENSP00000414109",931
"9606.ENSP00000356379","9606.ENSP00000414109",931
"9606.ENSP00000357643","9606.ENSP00000414109",946
"9606.ENSP00000357643","9606.ENSP00000414109",946
"9606.ENSP00000360540","9606.ENSP00000414109",921
"9606.ENSP00000360540","9606.ENSP00000414109",921
"9606.ENSP00000361298","9606.ENSP00000414109",938
"9606.ENSP00000361298","9606.ENSP00000414109",938
"9606.ENSP00000361540","9606.ENSP00000414109",925
"9606.ENSP00000361540","9606.ENSP00000414109",925
"9606.ENSP00000363055","9606.ENSP00000414109",773
"9606.ENSP00000363055","9606.ENSP00000414109",773
"9606.ENSP00000363524","9606.ENSP00000414109",918
"9606.ENSP00000363524","9606.ENSP00000414109",918
"9606.ENSP00000377492","9606.ENSP00000414109",878
"9606.ENSP00000377492","9606.ENSP00000414109",878
"9606.ENSP00000378356","9606.ENSP00000414109",935
"9606.ENSP00000378356","9606.ENSP00000414109",935
"9606.ENSP00000393963","9606.ENSP00000414109",845
"9606.ENSP00000393963","9606.ENSP00000414109",845
"9606.ENSP00000405726","9606.ENSP00000414109",882
"9606.ENSP00000405726","9606.ENSP00000414109",882
"9606.ENSP00000411532","9606.ENSP00000414109",911
"9606.ENSP00000411532","9606.ENSP00000414109",911
"9606.ENSP00000247191","9606.ENSP00000415430",736
"9606.ENSP00000247191","9606.ENSP00000415430",736
"9606.ENSP00000256442","9606.ENSP00000415430",746
"9606.ENSP00000256442","9606.ENSP00000415430",746
"9606.ENSP00000257909","9606.ENSP00000415430",700
"9606.ENSP00000257909","9606.ENSP00000415430",700
"9606.ENSP00000288207","9606.ENSP00000415430",826
"9606.ENSP00000288207","9606.ENSP00000415430",826
"9606.ENSP00000298048","9606.ENSP00000415430",746
"9606.ENSP00000298048","9606.ENSP00000415430",746
"9606.ENSP00000300093","9606.ENSP00000415430",982
"9606.ENSP00000300093","9606.ENSP00000415430",982
"9606.ENSP00000301633","9606.ENSP00000415430",852
"9606.ENSP00000301633","9606.ENSP00000415430",852
"9606.ENSP00000305204","9606.ENSP00000415430",736
"9606.ENSP00000305204","9606.ENSP00000415430",736
"9606.ENSP00000313950","9606.ENSP00000415430",841
"9606.ENSP00000313950","9606.ENSP00000415430",841
"9606.ENSP00000328228","9606.ENSP00000415430",804
"9606.ENSP00000328228","9606.ENSP00000415430",804
"9606.ENSP00000336868","9606.ENSP00000415430",807
"9606.ENSP00000336868","9606.ENSP00000415430",807
"9606.ENSP00000348838","9606.ENSP00000415430",710
"9606.ENSP00000348838","9606.ENSP00000415430",710
"9606.ENSP00000355922","9606.ENSP00000415430",745
"9606.ENSP00000355922","9606.ENSP00000415430",745
"9606.ENSP00000357643","9606.ENSP00000415430",834
"9606.ENSP00000357643","9606.ENSP00000415430",834
"9606.ENSP00000361298","9606.ENSP00000415430",754
"9606.ENSP00000361298","9606.ENSP00000415430",754
"9606.ENSP00000361540","9606.ENSP00000415430",711
"9606.ENSP00000361540","9606.ENSP00000415430",711
"9606.ENSP00000378356","9606.ENSP00000415430",753
"9606.ENSP00000378356","9606.ENSP00000415430",753
"9606.ENSP00000411532","9606.ENSP00000415430",714
"9606.ENSP00000411532","9606.ENSP00000415430",714
"9606.ENSP00000414109","9606.ENSP00000415430",889
"9606.ENSP00000414109","9606.ENSP00000415430",889
"9606.ENSP00000209728","9606.ENSP00000418268",998
"9606.ENSP00000209728","9606.ENSP00000418268",998
"9606.ENSP00000247191","9606.ENSP00000418268",756
"9606.ENSP00000247191","9606.ENSP00000418268",756
"9606.ENSP00000251496","9606.ENSP00000418268",833
"9606.ENSP00000251496","9606.ENSP00000418268",833
"9606.ENSP00000253462","9606.ENSP00000418268",938
"9606.ENSP00000253462","9606.ENSP00000418268",938
"9606.ENSP00000256442","9606.ENSP00000418268",703
"9606.ENSP00000256442","9606.ENSP00000418268",703
"9606.ENSP00000257934","9606.ENSP00000418268",719
"9606.ENSP00000257934","9606.ENSP00000418268",719
"9606.ENSP00000260731","9606.ENSP00000418268",898
"9606.ENSP00000260731","9606.ENSP00000418268",898
"9606.ENSP00000265036","9606.ENSP00000418268",701
"9606.ENSP00000265036","9606.ENSP00000418268",701
"9606.ENSP00000275517","9606.ENSP00000418268",785
"9606.ENSP00000275517","9606.ENSP00000418268",785
"9606.ENSP00000285116","9606.ENSP00000418268",714
"9606.ENSP00000285116","9606.ENSP00000418268",714
"9606.ENSP00000287598","9606.ENSP00000418268",766
"9606.ENSP00000287598","9606.ENSP00000418268",766
"9606.ENSP00000298048","9606.ENSP00000418268",861
"9606.ENSP00000298048","9606.ENSP00000418268",861
"9606.ENSP00000300403","9606.ENSP00000418268",795
"9606.ENSP00000300403","9606.ENSP00000418268",795
"9606.ENSP00000301019","9606.ENSP00000418268",997
"9606.ENSP00000301019","9606.ENSP00000418268",997
"9606.ENSP00000303706","9606.ENSP00000418268",850
"9606.ENSP00000303706","9606.ENSP00000418268",850
"9606.ENSP00000306473","9606.ENSP00000418268",763
"9606.ENSP00000306473","9606.ENSP00000418268",763
"9606.ENSP00000306999","9606.ENSP00000418268",801
"9606.ENSP00000306999","9606.ENSP00000418268",801
"9606.ENSP00000312995","9606.ENSP00000418268",977
"9606.ENSP00000312995","9606.ENSP00000418268",977
"9606.ENSP00000313950","9606.ENSP00000418268",730
"9606.ENSP00000313950","9606.ENSP00000418268",730
"9606.ENSP00000319417","9606.ENSP00000418268",724
"9606.ENSP00000319417","9606.ENSP00000418268",724
"9606.ENSP00000324020","9606.ENSP00000418268",816
"9606.ENSP00000324020","9606.ENSP00000418268",816
"9606.ENSP00000342307","9606.ENSP00000418268",844
"9606.ENSP00000342307","9606.ENSP00000418268",844
"9606.ENSP00000353770","9606.ENSP00000418268",820
"9606.ENSP00000353770","9606.ENSP00000418268",820
"9606.ENSP00000355958","9606.ENSP00000418268",915
"9606.ENSP00000355958","9606.ENSP00000418268",915
"9606.ENSP00000356379","9606.ENSP00000418268",723
"9606.ENSP00000356379","9606.ENSP00000418268",723
"9606.ENSP00000360540","9606.ENSP00000418268",795
"9606.ENSP00000360540","9606.ENSP00000418268",795
"9606.ENSP00000361043","9606.ENSP00000418268",734
"9606.ENSP00000361043","9606.ENSP00000418268",734
"9606.ENSP00000363524","9606.ENSP00000418268",706
"9606.ENSP00000363524","9606.ENSP00000418268",706
"9606.ENSP00000377492","9606.ENSP00000418268",727
"9606.ENSP00000377492","9606.ENSP00000418268",727
"9606.ENSP00000378356","9606.ENSP00000418268",702
"9606.ENSP00000378356","9606.ENSP00000418268",702
"9606.ENSP00000405726","9606.ENSP00000418268",999
"9606.ENSP00000405726","9606.ENSP00000418268",999
"9606.ENSP00000411532","9606.ENSP00000418268",737
"9606.ENSP00000411532","9606.ENSP00000418268",737
"9606.ENSP00000166345","9606.ENSP00000428489",840
"9606.ENSP00000166345","9606.ENSP00000428489",840
"9606.ENSP00000209728","9606.ENSP00000428489",724
"9606.ENSP00000209728","9606.ENSP00000428489",724
"9606.ENSP00000240423","9606.ENSP00000428489",791
"9606.ENSP00000240423","9606.ENSP00000428489",791
"9606.ENSP00000247191","9606.ENSP00000428489",979
"9606.ENSP00000247191","9606.ENSP00000428489",979
"9606.ENSP00000251496","9606.ENSP00000428489",920
"9606.ENSP00000251496","9606.ENSP00000428489",920
"9606.ENSP00000256442","9606.ENSP00000428489",962
"9606.ENSP00000256442","9606.ENSP00000428489",962
"9606.ENSP00000260731","9606.ENSP00000428489",955
"9606.ENSP00000260731","9606.ENSP00000428489",955
"9606.ENSP00000265036","9606.ENSP00000428489",741
"9606.ENSP00000265036","9606.ENSP00000428489",741
"9606.ENSP00000265748","9606.ENSP00000428489",811
"9606.ENSP00000265748","9606.ENSP00000428489",811
"9606.ENSP00000271452","9606.ENSP00000428489",960
"9606.ENSP00000271452","9606.ENSP00000428489",960
"9606.ENSP00000275517","9606.ENSP00000428489",736
"9606.ENSP00000275517","9606.ENSP00000428489",736
"9606.ENSP00000282074","9606.ENSP00000428489",877
"9606.ENSP00000282074","9606.ENSP00000428489",877
"9606.ENSP00000285116","9606.ENSP00000428489",773
"9606.ENSP00000285116","9606.ENSP00000428489",773
"9606.ENSP00000287598","9606.ENSP00000428489",937
"9606.ENSP00000287598","9606.ENSP00000428489",937
"9606.ENSP00000288207","9606.ENSP00000428489",880
"9606.ENSP00000288207","9606.ENSP00000428489",880
"9606.ENSP00000298048","9606.ENSP00000428489",963
"9606.ENSP00000298048","9606.ENSP00000428489",963
"9606.ENSP00000300093","9606.ENSP00000428489",756
"9606.ENSP00000300093","9606.ENSP00000428489",756
"9606.ENSP00000300403","9606.ENSP00000428489",945
"9606.ENSP00000300403","9606.ENSP00000428489",945
"9606.ENSP00000301633","9606.ENSP00000428489",978
"9606.ENSP00000301633","9606.ENSP00000428489",978
"9606.ENSP00000302530","9606.ENSP00000428489",935
"9606.ENSP00000302530","9606.ENSP00000428489",935
"9606.ENSP00000305204","9606.ENSP00000428489",775
"9606.ENSP00000305204","9606.ENSP00000428489",775
"9606.ENSP00000306473","9606.ENSP00000428489",834
"9606.ENSP00000306473","9606.ENSP00000428489",834
"9606.ENSP00000313950","9606.ENSP00000428489",791
"9606.ENSP00000313950","9606.ENSP00000428489",791
"9606.ENSP00000315644","9606.ENSP00000428489",885
"9606.ENSP00000315644","9606.ENSP00000428489",885
"9606.ENSP00000324020","9606.ENSP00000428489",873
"9606.ENSP00000324020","9606.ENSP00000428489",873
"9606.ENSP00000328228","9606.ENSP00000428489",860
"9606.ENSP00000328228","9606.ENSP00000428489",860
"9606.ENSP00000335357","9606.ENSP00000428489",861
"9606.ENSP00000335357","9606.ENSP00000428489",861
"9606.ENSP00000336868","9606.ENSP00000428489",925
"9606.ENSP00000336868","9606.ENSP00000428489",925
"9606.ENSP00000342307","9606.ENSP00000428489",845
"9606.ENSP00000342307","9606.ENSP00000428489",845
"9606.ENSP00000348838","9606.ENSP00000428489",946
"9606.ENSP00000348838","9606.ENSP00000428489",946
"9606.ENSP00000353770","9606.ENSP00000428489",930
"9606.ENSP00000353770","9606.ENSP00000428489",930
"9606.ENSP00000355922","9606.ENSP00000428489",949
"9606.ENSP00000355922","9606.ENSP00000428489",949
"9606.ENSP00000355958","9606.ENSP00000428489",873
"9606.ENSP00000355958","9606.ENSP00000428489",873
"9606.ENSP00000356379","9606.ENSP00000428489",951
"9606.ENSP00000356379","9606.ENSP00000428489",951
"9606.ENSP00000357643","9606.ENSP00000428489",762
"9606.ENSP00000357643","9606.ENSP00000428489",762
"9606.ENSP00000360540","9606.ENSP00000428489",957
"9606.ENSP00000360540","9606.ENSP00000428489",957
"9606.ENSP00000361298","9606.ENSP00000428489",909
"9606.ENSP00000361298","9606.ENSP00000428489",909
"9606.ENSP00000361540","9606.ENSP00000428489",959
"9606.ENSP00000361540","9606.ENSP00000428489",959
"9606.ENSP00000363055","9606.ENSP00000428489",821
"9606.ENSP00000363055","9606.ENSP00000428489",821
"9606.ENSP00000363524","9606.ENSP00000428489",938
"9606.ENSP00000363524","9606.ENSP00000428489",938
"9606.ENSP00000377492","9606.ENSP00000428489",893
"9606.ENSP00000377492","9606.ENSP00000428489",893
"9606.ENSP00000378356","9606.ENSP00000428489",955
"9606.ENSP00000378356","9606.ENSP00000428489",955
"9606.ENSP00000405726","9606.ENSP00000428489",874
"9606.ENSP00000405726","9606.ENSP00000428489",874
"9606.ENSP00000411532","9606.ENSP00000428489",958
"9606.ENSP00000411532","9606.ENSP00000428489",958
"9606.ENSP00000414109","9606.ENSP00000428489",896
"9606.ENSP00000414109","9606.ENSP00000428489",896
"9606.ENSP00000418268","9606.ENSP00000428489",734
"9606.ENSP00000418268","9606.ENSP00000428489",734
"9606.ENSP00000053243","9606.ENSP00000440066",872
"9606.ENSP00000053243","9606.ENSP00000440066",872
"9606.ENSP00000303920","9606.ENSP00000440066",930
"9606.ENSP00000303920","9606.ENSP00000440066",930
"9606.ENSP00000166345","9606.ENSP00000442068",774
"9606.ENSP00000166345","9606.ENSP00000442068",774
"9606.ENSP00000240423","9606.ENSP00000442068",742
"9606.ENSP00000240423","9606.ENSP00000442068",742
"9606.ENSP00000247191","9606.ENSP00000442068",951
"9606.ENSP00000247191","9606.ENSP00000442068",951
"9606.ENSP00000251496","9606.ENSP00000442068",810
"9606.ENSP00000251496","9606.ENSP00000442068",810
"9606.ENSP00000256442","9606.ENSP00000442068",936
"9606.ENSP00000256442","9606.ENSP00000442068",936
"9606.ENSP00000257909","9606.ENSP00000442068",857
"9606.ENSP00000257909","9606.ENSP00000442068",857
"9606.ENSP00000257934","9606.ENSP00000442068",719
"9606.ENSP00000257934","9606.ENSP00000442068",719
"9606.ENSP00000260731","9606.ENSP00000442068",922
"9606.ENSP00000260731","9606.ENSP00000442068",922
"9606.ENSP00000271452","9606.ENSP00000442068",844
"9606.ENSP00000271452","9606.ENSP00000442068",844
"9606.ENSP00000275517","9606.ENSP00000442068",894
"9606.ENSP00000275517","9606.ENSP00000442068",894
"9606.ENSP00000282074","9606.ENSP00000442068",730
"9606.ENSP00000282074","9606.ENSP00000442068",730
"9606.ENSP00000285116","9606.ENSP00000442068",772
"9606.ENSP00000285116","9606.ENSP00000442068",772
"9606.ENSP00000287598","9606.ENSP00000442068",886
"9606.ENSP00000287598","9606.ENSP00000442068",886
"9606.ENSP00000288207","9606.ENSP00000442068",913
"9606.ENSP00000288207","9606.ENSP00000442068",913
"9606.ENSP00000298048","9606.ENSP00000442068",872
"9606.ENSP00000298048","9606.ENSP00000442068",872
"9606.ENSP00000300093","9606.ENSP00000442068",904
"9606.ENSP00000300093","9606.ENSP00000442068",904
"9606.ENSP00000300403","9606.ENSP00000442068",881
"9606.ENSP00000300403","9606.ENSP00000442068",881
"9606.ENSP00000301633","9606.ENSP00000442068",960
"9606.ENSP00000301633","9606.ENSP00000442068",960
"9606.ENSP00000302530","9606.ENSP00000442068",870
"9606.ENSP00000302530","9606.ENSP00000442068",870
"9606.ENSP00000305204","9606.ENSP00000442068",800
"9606.ENSP00000305204","9606.ENSP00000442068",800
"9606.ENSP00000313950","9606.ENSP00000442068",933
"9606.ENSP00000313950","9606.ENSP00000442068",933
"9606.ENSP00000324020","9606.ENSP00000442068",788
"9606.ENSP00000324020","9606.ENSP00000442068",788
"9606.ENSP00000328228","9606.ENSP00000442068",910
"9606.ENSP00000328228","9606.ENSP00000442068",910
"9606.ENSP00000335357","9606.ENSP00000442068",859
"9606.ENSP00000335357","9606.ENSP00000442068",859
"9606.ENSP00000336868","9606.ENSP00000442068",890
"9606.ENSP00000336868","9606.ENSP00000442068",890
"9606.ENSP00000342307","9606.ENSP00000442068",885
"9606.ENSP00000342307","9606.ENSP00000442068",885
"9606.ENSP00000348838","9606.ENSP00000442068",962
"9606.ENSP00000348838","9606.ENSP00000442068",962
"9606.ENSP00000353770","9606.ENSP00000442068",759
"9606.ENSP00000353770","9606.ENSP00000442068",759
"9606.ENSP00000355922","9606.ENSP00000442068",781
"9606.ENSP00000355922","9606.ENSP00000442068",781
"9606.ENSP00000356379","9606.ENSP00000442068",864
"9606.ENSP00000356379","9606.ENSP00000442068",864
"9606.ENSP00000357643","9606.ENSP00000442068",755
"9606.ENSP00000357643","9606.ENSP00000442068",755
"9606.ENSP00000360540","9606.ENSP00000442068",876
"9606.ENSP00000360540","9606.ENSP00000442068",876
"9606.ENSP00000361298","9606.ENSP00000442068",930
"9606.ENSP00000361298","9606.ENSP00000442068",930
"9606.ENSP00000361540","9606.ENSP00000442068",981
"9606.ENSP00000361540","9606.ENSP00000442068",981
"9606.ENSP00000363524","9606.ENSP00000442068",927
"9606.ENSP00000363524","9606.ENSP00000442068",927
"9606.ENSP00000377492","9606.ENSP00000442068",861
"9606.ENSP00000377492","9606.ENSP00000442068",861
"9606.ENSP00000378356","9606.ENSP00000442068",930
"9606.ENSP00000378356","9606.ENSP00000442068",930
"9606.ENSP00000393963","9606.ENSP00000442068",830
"9606.ENSP00000393963","9606.ENSP00000442068",830
"9606.ENSP00000405726","9606.ENSP00000442068",765
"9606.ENSP00000405726","9606.ENSP00000442068",765
"9606.ENSP00000411532","9606.ENSP00000442068",876
"9606.ENSP00000411532","9606.ENSP00000442068",876
"9606.ENSP00000414109","9606.ENSP00000442068",837
"9606.ENSP00000414109","9606.ENSP00000442068",837
"9606.ENSP00000415430","9606.ENSP00000442068",816
"9606.ENSP00000415430","9606.ENSP00000442068",816
"9606.ENSP00000428489","9606.ENSP00000442068",946
"9606.ENSP00000428489","9606.ENSP00000442068",946
"9606.ENSP00000256442","9606.ENSP00000465075",717
"9606.ENSP00000256442","9606.ENSP00000465075",717
"9606.ENSP00000271452","9606.ENSP00000465075",999
"9606.ENSP00000271452","9606.ENSP00000465075",999
"9606.ENSP00000282074","9606.ENSP00000465075",999
"9606.ENSP00000282074","9606.ENSP00000465075",999
"9606.ENSP00000285116","9606.ENSP00000465075",869
"9606.ENSP00000285116","9606.ENSP00000465075",869
"9606.ENSP00000287598","9606.ENSP00000465075",790
"9606.ENSP00000287598","9606.ENSP00000465075",790
"9606.ENSP00000288207","9606.ENSP00000465075",734
"9606.ENSP00000288207","9606.ENSP00000465075",734
"9606.ENSP00000300093","9606.ENSP00000465075",742
"9606.ENSP00000300093","9606.ENSP00000465075",742
"9606.ENSP00000301633","9606.ENSP00000465075",924
"9606.ENSP00000301633","9606.ENSP00000465075",924
"9606.ENSP00000302530","9606.ENSP00000465075",926
"9606.ENSP00000302530","9606.ENSP00000465075",926
"9606.ENSP00000313950","9606.ENSP00000465075",729
"9606.ENSP00000313950","9606.ENSP00000465075",729
"9606.ENSP00000319417","9606.ENSP00000465075",747
"9606.ENSP00000319417","9606.ENSP00000465075",747
"9606.ENSP00000336868","9606.ENSP00000465075",808
"9606.ENSP00000336868","9606.ENSP00000465075",808
"9606.ENSP00000361540","9606.ENSP00000465075",900
"9606.ENSP00000361540","9606.ENSP00000465075",900
"9606.ENSP00000363055","9606.ENSP00000465075",985
"9606.ENSP00000363055","9606.ENSP00000465075",985
"9606.ENSP00000442068","9606.ENSP00000465075",825
"9606.ENSP00000442068","9606.ENSP00000465075",825
"9606.ENSP00000166345","9606.ENSP00000468425",722
"9606.ENSP00000166345","9606.ENSP00000468425",722
"9606.ENSP00000217026","9606.ENSP00000468425",765
"9606.ENSP00000217026","9606.ENSP00000468425",765
"9606.ENSP00000247191","9606.ENSP00000468425",811
"9606.ENSP00000247191","9606.ENSP00000468425",811
"9606.ENSP00000256442","9606.ENSP00000468425",879
"9606.ENSP00000256442","9606.ENSP00000468425",879
"9606.ENSP00000260731","9606.ENSP00000468425",761
"9606.ENSP00000260731","9606.ENSP00000468425",761
"9606.ENSP00000288207","9606.ENSP00000468425",880
"9606.ENSP00000288207","9606.ENSP00000468425",880
"9606.ENSP00000298048","9606.ENSP00000468425",792
"9606.ENSP00000298048","9606.ENSP00000468425",792
"9606.ENSP00000300403","9606.ENSP00000468425",792
"9606.ENSP00000300403","9606.ENSP00000468425",792
"9606.ENSP00000301633","9606.ENSP00000468425",920
"9606.ENSP00000301633","9606.ENSP00000468425",920
"9606.ENSP00000302530","9606.ENSP00000468425",707
"9606.ENSP00000302530","9606.ENSP00000468425",707
"9606.ENSP00000313950","9606.ENSP00000468425",767
"9606.ENSP00000313950","9606.ENSP00000468425",767
"9606.ENSP00000315644","9606.ENSP00000468425",991
"9606.ENSP00000315644","9606.ENSP00000468425",991
"9606.ENSP00000342307","9606.ENSP00000468425",811
"9606.ENSP00000342307","9606.ENSP00000468425",811
"9606.ENSP00000348838","9606.ENSP00000468425",873
"9606.ENSP00000348838","9606.ENSP00000468425",873
"9606.ENSP00000353770","9606.ENSP00000468425",914
"9606.ENSP00000353770","9606.ENSP00000468425",914
"9606.ENSP00000355922","9606.ENSP00000468425",782
"9606.ENSP00000355922","9606.ENSP00000468425",782
"9606.ENSP00000356379","9606.ENSP00000468425",763
"9606.ENSP00000356379","9606.ENSP00000468425",763
"9606.ENSP00000360540","9606.ENSP00000468425",802
"9606.ENSP00000360540","9606.ENSP00000468425",802
"9606.ENSP00000361540","9606.ENSP00000468425",883
"9606.ENSP00000361540","9606.ENSP00000468425",883
"9606.ENSP00000363055","9606.ENSP00000468425",898
"9606.ENSP00000363055","9606.ENSP00000468425",898
"9606.ENSP00000363524","9606.ENSP00000468425",718
"9606.ENSP00000363524","9606.ENSP00000468425",718
"9606.ENSP00000378356","9606.ENSP00000468425",791
"9606.ENSP00000378356","9606.ENSP00000468425",791
"9606.ENSP00000405726","9606.ENSP00000468425",836
"9606.ENSP00000405726","9606.ENSP00000468425",836
"9606.ENSP00000411532","9606.ENSP00000468425",806
"9606.ENSP00000411532","9606.ENSP00000468425",806
"9606.ENSP00000414109","9606.ENSP00000468425",723
"9606.ENSP00000414109","9606.ENSP00000468425",723
"9606.ENSP00000260731","9606.ENSP00000479617",708
"9606.ENSP00000260731","9606.ENSP00000479617",708
"9606.ENSP00000271452","9606.ENSP00000479617",741
"9606.ENSP00000271452","9606.ENSP00000479617",741
"9606.ENSP00000275517","9606.ENSP00000479617",762
"9606.ENSP00000275517","9606.ENSP00000479617",762
"9606.ENSP00000301633","9606.ENSP00000479617",707
"9606.ENSP00000301633","9606.ENSP00000479617",707
"9606.ENSP00000342307","9606.ENSP00000479617",713
"9606.ENSP00000342307","9606.ENSP00000479617",713
"9606.ENSP00000353770","9606.ENSP00000479617",850
"9606.ENSP00000353770","9606.ENSP00000479617",850
"9606.ENSP00000355958","9606.ENSP00000479617",786
"9606.ENSP00000355958","9606.ENSP00000479617",786
"9606.ENSP00000357643","9606.ENSP00000479617",724
"9606.ENSP00000357643","9606.ENSP00000479617",724
"9606.ENSP00000360540","9606.ENSP00000479617",760
"9606.ENSP00000360540","9606.ENSP00000479617",760
"9606.ENSP00000363055","9606.ENSP00000479617",702
"9606.ENSP00000363055","9606.ENSP00000479617",702
"9606.ENSP00000378356","9606.ENSP00000479617",764
"9606.ENSP00000378356","9606.ENSP00000479617",764
"9606.ENSP00000411532","9606.ENSP00000479617",855
"9606.ENSP00000411532","9606.ENSP00000479617",855
"9606.ENSP00000428489","9606.ENSP00000479617",758
"9606.ENSP00000428489","9606.ENSP00000479617",758
"9606.ENSP00000166345","9606.ENSP00000481380",778
"9606.ENSP00000166345","9606.ENSP00000481380",778
"9606.ENSP00000209728","9606.ENSP00000481380",999
"9606.ENSP00000209728","9606.ENSP00000481380",999
"9606.ENSP00000217026","9606.ENSP00000481380",991
"9606.ENSP00000217026","9606.ENSP00000481380",991
"9606.ENSP00000240423","9606.ENSP00000481380",815
"9606.ENSP00000240423","9606.ENSP00000481380",815
"9606.ENSP00000247191","9606.ENSP00000481380",970
"9606.ENSP00000247191","9606.ENSP00000481380",970
"9606.ENSP00000251496","9606.ENSP00000481380",949
"9606.ENSP00000251496","9606.ENSP00000481380",949
"9606.ENSP00000256442","9606.ENSP00000481380",995
"9606.ENSP00000256442","9606.ENSP00000481380",995
"9606.ENSP00000257934","9606.ENSP00000481380",855
"9606.ENSP00000257934","9606.ENSP00000481380",855
"9606.ENSP00000260731","9606.ENSP00000481380",978
"9606.ENSP00000260731","9606.ENSP00000481380",978
"9606.ENSP00000262300","9606.ENSP00000481380",953
"9606.ENSP00000262300","9606.ENSP00000481380",953
"9606.ENSP00000265748","9606.ENSP00000481380",747
"9606.ENSP00000265748","9606.ENSP00000481380",747
"9606.ENSP00000271452","9606.ENSP00000481380",940
"9606.ENSP00000271452","9606.ENSP00000481380",940
"9606.ENSP00000275517","9606.ENSP00000481380",863
"9606.ENSP00000275517","9606.ENSP00000481380",863
"9606.ENSP00000282074","9606.ENSP00000481380",811
"9606.ENSP00000282074","9606.ENSP00000481380",811
"9606.ENSP00000285116","9606.ENSP00000481380",707
"9606.ENSP00000285116","9606.ENSP00000481380",707
"9606.ENSP00000287598","9606.ENSP00000481380",994
"9606.ENSP00000287598","9606.ENSP00000481380",994
"9606.ENSP00000288207","9606.ENSP00000481380",965
"9606.ENSP00000288207","9606.ENSP00000481380",965
"9606.ENSP00000298048","9606.ENSP00000481380",939
"9606.ENSP00000298048","9606.ENSP00000481380",939
"9606.ENSP00000300093","9606.ENSP00000481380",958
"9606.ENSP00000300093","9606.ENSP00000481380",958
"9606.ENSP00000300403","9606.ENSP00000481380",954
"9606.ENSP00000300403","9606.ENSP00000481380",954
"9606.ENSP00000301019","9606.ENSP00000481380",989
"9606.ENSP00000301019","9606.ENSP00000481380",989
"9606.ENSP00000301633","9606.ENSP00000481380",956
"9606.ENSP00000301633","9606.ENSP00000481380",956
"9606.ENSP00000302530","9606.ENSP00000481380",981
"9606.ENSP00000302530","9606.ENSP00000481380",981
"9606.ENSP00000303706","9606.ENSP00000481380",934
"9606.ENSP00000303706","9606.ENSP00000481380",934
"9606.ENSP00000305204","9606.ENSP00000481380",727
"9606.ENSP00000305204","9606.ENSP00000481380",727
"9606.ENSP00000306473","9606.ENSP00000481380",793
"9606.ENSP00000306473","9606.ENSP00000481380",793
"9606.ENSP00000306999","9606.ENSP00000481380",746
"9606.ENSP00000306999","9606.ENSP00000481380",746
"9606.ENSP00000313950","9606.ENSP00000481380",991
"9606.ENSP00000313950","9606.ENSP00000481380",991
"9606.ENSP00000315644","9606.ENSP00000481380",865
"9606.ENSP00000315644","9606.ENSP00000481380",865
"9606.ENSP00000319417","9606.ENSP00000481380",783
"9606.ENSP00000319417","9606.ENSP00000481380",783
"9606.ENSP00000324020","9606.ENSP00000481380",873
"9606.ENSP00000324020","9606.ENSP00000481380",873
"9606.ENSP00000328228","9606.ENSP00000481380",778
"9606.ENSP00000328228","9606.ENSP00000481380",778
"9606.ENSP00000335357","9606.ENSP00000481380",947
"9606.ENSP00000335357","9606.ENSP00000481380",947
"9606.ENSP00000336868","9606.ENSP00000481380",990
"9606.ENSP00000336868","9606.ENSP00000481380",990
"9606.ENSP00000342307","9606.ENSP00000481380",985
"9606.ENSP00000342307","9606.ENSP00000481380",985
"9606.ENSP00000348838","9606.ENSP00000481380",994
"9606.ENSP00000348838","9606.ENSP00000481380",994
"9606.ENSP00000353770","9606.ENSP00000481380",939
"9606.ENSP00000353770","9606.ENSP00000481380",939
"9606.ENSP00000355922","9606.ENSP00000481380",944
"9606.ENSP00000355922","9606.ENSP00000481380",944
"9606.ENSP00000355958","9606.ENSP00000481380",907
"9606.ENSP00000355958","9606.ENSP00000481380",907
"9606.ENSP00000356379","9606.ENSP00000481380",944
"9606.ENSP00000356379","9606.ENSP00000481380",944
"9606.ENSP00000357643","9606.ENSP00000481380",930
"9606.ENSP00000357643","9606.ENSP00000481380",930
"9606.ENSP00000360540","9606.ENSP00000481380",923
"9606.ENSP00000360540","9606.ENSP00000481380",923
"9606.ENSP00000361298","9606.ENSP00000481380",949
"9606.ENSP00000361298","9606.ENSP00000481380",949
"9606.ENSP00000361540","9606.ENSP00000481380",999
"9606.ENSP00000361540","9606.ENSP00000481380",999
"9606.ENSP00000363055","9606.ENSP00000481380",901
"9606.ENSP00000363055","9606.ENSP00000481380",901
"9606.ENSP00000363524","9606.ENSP00000481380",895
"9606.ENSP00000363524","9606.ENSP00000481380",895
"9606.ENSP00000377492","9606.ENSP00000481380",921
"9606.ENSP00000377492","9606.ENSP00000481380",921
"9606.ENSP00000378356","9606.ENSP00000481380",974
"9606.ENSP00000378356","9606.ENSP00000481380",974
"9606.ENSP00000393963","9606.ENSP00000481380",847
"9606.ENSP00000393963","9606.ENSP00000481380",847
"9606.ENSP00000405726","9606.ENSP00000481380",906
"9606.ENSP00000405726","9606.ENSP00000481380",906
"9606.ENSP00000411532","9606.ENSP00000481380",982
"9606.ENSP00000411532","9606.ENSP00000481380",982
"9606.ENSP00000414109","9606.ENSP00000481380",877
"9606.ENSP00000414109","9606.ENSP00000481380",877
"9606.ENSP00000415430","9606.ENSP00000481380",826
"9606.ENSP00000415430","9606.ENSP00000481380",826
"9606.ENSP00000418268","9606.ENSP00000481380",949
"9606.ENSP00000418268","9606.ENSP00000481380",949
"9606.ENSP00000428489","9606.ENSP00000481380",943
"9606.ENSP00000428489","9606.ENSP00000481380",943
"9606.ENSP00000442068","9606.ENSP00000481380",940
"9606.ENSP00000442068","9606.ENSP00000481380",940
"9606.ENSP00000468425","9606.ENSP00000481380",780
"9606.ENSP00000468425","9606.ENSP00000481380",780
"9606.ENSP00000479617","9606.ENSP00000481380",742
"9606.ENSP00000479617","9606.ENSP00000481380",742
"9606.ENSP00000166345","9606.ENSP00000493712",774
"9606.ENSP00000166345","9606.ENSP00000493712",774
"9606.ENSP00000209728","9606.ENSP00000493712",823
"9606.ENSP00000209728","9606.ENSP00000493712",823
"9606.ENSP00000256442","9606.ENSP00000493712",759
"9606.ENSP00000256442","9606.ENSP00000493712",759
"9606.ENSP00000264233","9606.ENSP00000493712",822
"9606.ENSP00000264233","9606.ENSP00000493712",822
"9606.ENSP00000271452","9606.ENSP00000493712",788
"9606.ENSP00000271452","9606.ENSP00000493712",788
"9606.ENSP00000287598","9606.ENSP00000493712",942
"9606.ENSP00000287598","9606.ENSP00000493712",942
"9606.ENSP00000288207","9606.ENSP00000493712",811
"9606.ENSP00000288207","9606.ENSP00000493712",811
"9606.ENSP00000298048","9606.ENSP00000493712",763
"9606.ENSP00000298048","9606.ENSP00000493712",763
"9606.ENSP00000300093","9606.ENSP00000493712",848
"9606.ENSP00000300093","9606.ENSP00000493712",848
"9606.ENSP00000300403","9606.ENSP00000493712",714
"9606.ENSP00000300403","9606.ENSP00000493712",714
"9606.ENSP00000301019","9606.ENSP00000493712",724
"9606.ENSP00000301019","9606.ENSP00000493712",724
"9606.ENSP00000301633","9606.ENSP00000493712",853
"9606.ENSP00000301633","9606.ENSP00000493712",853
"9606.ENSP00000302530","9606.ENSP00000493712",832
"9606.ENSP00000302530","9606.ENSP00000493712",832
"9606.ENSP00000313950","9606.ENSP00000493712",785
"9606.ENSP00000313950","9606.ENSP00000493712",785
"9606.ENSP00000315644","9606.ENSP00000493712",753
"9606.ENSP00000315644","9606.ENSP00000493712",753
"9606.ENSP00000336868","9606.ENSP00000493712",754
"9606.ENSP00000336868","9606.ENSP00000493712",754
"9606.ENSP00000348838","9606.ENSP00000493712",904
"9606.ENSP00000348838","9606.ENSP00000493712",904
"9606.ENSP00000353770","9606.ENSP00000493712",709
"9606.ENSP00000353770","9606.ENSP00000493712",709
"9606.ENSP00000355958","9606.ENSP00000493712",722
"9606.ENSP00000355958","9606.ENSP00000493712",722
"9606.ENSP00000361043","9606.ENSP00000493712",992
"9606.ENSP00000361043","9606.ENSP00000493712",992
"9606.ENSP00000361540","9606.ENSP00000493712",844
"9606.ENSP00000361540","9606.ENSP00000493712",844
"9606.ENSP00000363055","9606.ENSP00000493712",736
"9606.ENSP00000363055","9606.ENSP00000493712",736
"9606.ENSP00000363524","9606.ENSP00000493712",803
"9606.ENSP00000363524","9606.ENSP00000493712",803
"9606.ENSP00000405726","9606.ENSP00000493712",927
"9606.ENSP00000405726","9606.ENSP00000493712",927
"9606.ENSP00000411532","9606.ENSP00000493712",799
"9606.ENSP00000411532","9606.ENSP00000493712",799
"9606.ENSP00000418268","9606.ENSP00000493712",784
"9606.ENSP00000418268","9606.ENSP00000493712",784
"9606.ENSP00000428489","9606.ENSP00000493712",733
"9606.ENSP00000428489","9606.ENSP00000493712",733
"9606.ENSP00000468425","9606.ENSP00000493712",744
"9606.ENSP00000468425","9606.ENSP00000493712",744
"9606.ENSP00000481380","9606.ENSP00000493712",791
"9606.ENSP00000481380","9606.ENSP00000493712",791
